2026-05-12 11:30:39.414 | WARNING  | app.engine.ai.lstm:load:50 - torch not installed — LSTM disabled. `pip install torch` to enable.
2026-05-12 11:30:39.415 | WARNING  | app.engine.ai.confirmation:__init__:36 - AI is enabled but no models are loaded. Train via scripts/train_ai.py. AI will pass through (not block) signals until trained.
2026-05-12 11:31:04.540 | WARNING  | app.engine.ai.lstm:load:50 - torch not installed — LSTM disabled. `pip install torch` to enable.
2026-05-12 11:31:04.541 | WARNING  | app.engine.ai.confirmation:__init__:36 - AI is enabled but no models are loaded. Train via scripts/train_ai.py. AI will pass through (not block) signals until trained.
2026-05-12 11:35:11.441 | ERROR    | app.engine.orchestrator:_run:129 - orchestrator crashed: The truth value of a DataFrame is ambiguous. Use a.empty, a.bool(), a.item(), a.any() or a.all().
Traceback (most recent call last):

  File "<string>", line 1, in <module>
  File "/Library/Developer/CommandLineTools/Library/Frameworks/Python3.framework/Versions/3.9/lib/python3.9/multiprocessing/spawn.py", line 116, in spawn_main
    exitcode = _main(fd, parent_sentinel)
               │     │   └ 5
               │     └ 8
               └ <function _main at 0x105f77dc0>
  File "/Library/Developer/CommandLineTools/Library/Frameworks/Python3.framework/Versions/3.9/lib/python3.9/multiprocessing/spawn.py", line 129, in _main
    return self._bootstrap(parent_sentinel)
           │    │          └ 5
           │    └ <function BaseProcess._bootstrap at 0x105d78670>
           └ <SpawnProcess name='SpawnProcess-1' parent=16636 started>
  File "/Library/Developer/CommandLineTools/Library/Frameworks/Python3.framework/Versions/3.9/lib/python3.9/multiprocessing/process.py", line 315, in _bootstrap
    self.run()
    │    └ <function BaseProcess.run at 0x105d75ca0>
    └ <SpawnProcess name='SpawnProcess-1' parent=16636 started>
  File "/Library/Developer/CommandLineTools/Library/Frameworks/Python3.framework/Versions/3.9/lib/python3.9/multiprocessing/process.py", line 108, in run
    self._target(*self._args, **self._kwargs)
    │    │        │    │        │    └ {'config': <uvicorn.config.Config object at 0x105f93160>, 'target': <bound method Server.run of <uvicorn.server.Server object...
    │    │        │    │        └ <SpawnProcess name='SpawnProcess-1' parent=16636 started>
    │    │        │    └ ()
    │    │        └ <SpawnProcess name='SpawnProcess-1' parent=16636 started>
    │    └ <function subprocess_started at 0x10658edc0>
    └ <SpawnProcess name='SpawnProcess-1' parent=16636 started>
  File "/Users/gegerot/crypto_trading_bot/backend/.venv/lib/python3.9/site-packages/uvicorn/_subprocess.py", line 80, in subprocess_started
    target(sockets=sockets)
    │              └ [<socket.socket fd=4, family=AddressFamily.AF_INET, type=SocketKind.SOCK_STREAM, proto=0, laddr=('127.0.0.1', 8000)>]
    └ <bound method Server.run of <uvicorn.server.Server object at 0x105f931c0>>
  File "/Users/gegerot/crypto_trading_bot/backend/.venv/lib/python3.9/site-packages/uvicorn/server.py", line 65, in run
    return asyncio.run(self.serve(sockets=sockets))
           │       │   │    │             └ [<socket.socket fd=4, family=AddressFamily.AF_INET, type=SocketKind.SOCK_STREAM, proto=0, laddr=('127.0.0.1', 8000)>]
           │       │   │    └ <function Server.serve at 0x106589ee0>
           │       │   └ <uvicorn.server.Server object at 0x105f931c0>
           │       └ <function run at 0x105fa4820>
           └ <module 'asyncio' from '/Library/Developer/CommandLineTools/Library/Frameworks/Python3.framework/Versions/3.9/lib/python3.9/a...
  File "/Library/Developer/CommandLineTools/Library/Frameworks/Python3.framework/Versions/3.9/lib/python3.9/asyncio/runners.py", line 44, in run
    return loop.run_until_complete(main)
           │    │                  └ <coroutine object Server.serve at 0x1067e03c0>
           │    └ <cyfunction Loop.run_until_complete at 0x106808040>
           └ <uvloop.Loop running=True closed=False debug=False>

> File "/Users/gegerot/crypto_trading_bot/backend/app/engine/orchestrator.py", line 120, in _run
    await self._tick(config)
          │    │     └ BotConfig(duration_seconds=900, strategy_category=<StrategyCategory.MEDIUM: 'medium'>, auto_switch=True, tokens=['0xbb4CdB9CB...
          │    └ <function Orchestrator._tick at 0x132aa6ca0>
          └ <app.engine.orchestrator.Orchestrator object at 0x11c4ce580>

  File "/Users/gegerot/crypto_trading_bot/backend/app/engine/orchestrator.py", line 167, in _tick
    sig_pair = self.strategy.evaluate(
               │    │        └ <function StrategyManager.evaluate at 0x11c3f1280>
               │    └ <app.engine.strategies.manager.StrategyManager object at 0x11c4d3490>
               └ <app.engine.orchestrator.Orchestrator object at 0x11c4ce580>

  File "/Users/gegerot/crypto_trading_bot/backend/app/engine/strategies/manager.py", line 80, in evaluate
    primary = candles_by_tf.get("15m") or candles_by_tf.get("5m") or candles_by_tf.get("1h")
              │             │             │             │            │             └ <method 'get' of 'dict' objects>
              │             │             │             │            └ {'1m':                 ts    open    high     low   close  volume                        dt
              │             │             │             │              0    1778553960000  662.47  662.5...
              │             │             │             └ <method 'get' of 'dict' objects>
              │             │             └ {'1m':                 ts    open    high     low   close  volume                        dt
              │             │               0    1778553960000  662.47  662.5...
              │             └ <method 'get' of 'dict' objects>
              └ {'1m':                 ts    open    high     low   close  volume                        dt
                0    1778553960000  662.47  662.5...

  File "/Users/gegerot/crypto_trading_bot/backend/.venv/lib/python3.9/site-packages/pandas/core/generic.py", line 1577, in __nonzero__
    raise ValueError(

ValueError: The truth value of a DataFrame is ambiguous. Use a.empty, a.bool(), a.item(), a.any() or a.all().
2026-05-12 11:35:34.778 | ERROR    | app.engine.orchestrator:_run:129 - orchestrator crashed: The truth value of a DataFrame is ambiguous. Use a.empty, a.bool(), a.item(), a.any() or a.all().
Traceback (most recent call last):

  File "<string>", line 1, in <module>
  File "/Library/Developer/CommandLineTools/Library/Frameworks/Python3.framework/Versions/3.9/lib/python3.9/multiprocessing/spawn.py", line 116, in spawn_main
    exitcode = _main(fd, parent_sentinel)
               │     │   └ 5
               │     └ 8
               └ <function _main at 0x105f77dc0>
  File "/Library/Developer/CommandLineTools/Library/Frameworks/Python3.framework/Versions/3.9/lib/python3.9/multiprocessing/spawn.py", line 129, in _main
    return self._bootstrap(parent_sentinel)
           │    │          └ 5
           │    └ <function BaseProcess._bootstrap at 0x105d78670>
           └ <SpawnProcess name='SpawnProcess-1' parent=16636 started>
  File "/Library/Developer/CommandLineTools/Library/Frameworks/Python3.framework/Versions/3.9/lib/python3.9/multiprocessing/process.py", line 315, in _bootstrap
    self.run()
    │    └ <function BaseProcess.run at 0x105d75ca0>
    └ <SpawnProcess name='SpawnProcess-1' parent=16636 started>
  File "/Library/Developer/CommandLineTools/Library/Frameworks/Python3.framework/Versions/3.9/lib/python3.9/multiprocessing/process.py", line 108, in run
    self._target(*self._args, **self._kwargs)
    │    │        │    │        │    └ {'config': <uvicorn.config.Config object at 0x105f93160>, 'target': <bound method Server.run of <uvicorn.server.Server object...
    │    │        │    │        └ <SpawnProcess name='SpawnProcess-1' parent=16636 started>
    │    │        │    └ ()
    │    │        └ <SpawnProcess name='SpawnProcess-1' parent=16636 started>
    │    └ <function subprocess_started at 0x10658edc0>
    └ <SpawnProcess name='SpawnProcess-1' parent=16636 started>
  File "/Users/gegerot/crypto_trading_bot/backend/.venv/lib/python3.9/site-packages/uvicorn/_subprocess.py", line 80, in subprocess_started
    target(sockets=sockets)
    │              └ [<socket.socket fd=4, family=AddressFamily.AF_INET, type=SocketKind.SOCK_STREAM, proto=0, laddr=('127.0.0.1', 8000)>]
    └ <bound method Server.run of <uvicorn.server.Server object at 0x105f931c0>>
  File "/Users/gegerot/crypto_trading_bot/backend/.venv/lib/python3.9/site-packages/uvicorn/server.py", line 65, in run
    return asyncio.run(self.serve(sockets=sockets))
           │       │   │    │             └ [<socket.socket fd=4, family=AddressFamily.AF_INET, type=SocketKind.SOCK_STREAM, proto=0, laddr=('127.0.0.1', 8000)>]
           │       │   │    └ <function Server.serve at 0x106589ee0>
           │       │   └ <uvicorn.server.Server object at 0x105f931c0>
           │       └ <function run at 0x105fa4820>
           └ <module 'asyncio' from '/Library/Developer/CommandLineTools/Library/Frameworks/Python3.framework/Versions/3.9/lib/python3.9/a...
  File "/Library/Developer/CommandLineTools/Library/Frameworks/Python3.framework/Versions/3.9/lib/python3.9/asyncio/runners.py", line 44, in run
    return loop.run_until_complete(main)
           │    │                  └ <coroutine object Server.serve at 0x1067e03c0>
           │    └ <cyfunction Loop.run_until_complete at 0x106808040>
           └ <uvloop.Loop running=True closed=False debug=False>

> File "/Users/gegerot/crypto_trading_bot/backend/app/engine/orchestrator.py", line 120, in _run
    await self._tick(config)
          │    │     └ BotConfig(duration_seconds=900, strategy_category=<StrategyCategory.MEDIUM: 'medium'>, auto_switch=False, tokens=['0xbb4CdB9C...
          │    └ <function Orchestrator._tick at 0x132aa6ca0>
          └ <app.engine.orchestrator.Orchestrator object at 0x11c4ce580>

  File "/Users/gegerot/crypto_trading_bot/backend/app/engine/orchestrator.py", line 167, in _tick
    sig_pair = self.strategy.evaluate(
               │    │        └ <function StrategyManager.evaluate at 0x11c3f1280>
               │    └ <app.engine.strategies.manager.StrategyManager object at 0x11c4d3490>
               └ <app.engine.orchestrator.Orchestrator object at 0x11c4ce580>

  File "/Users/gegerot/crypto_trading_bot/backend/app/engine/strategies/manager.py", line 80, in evaluate
    primary = candles_by_tf.get("15m") or candles_by_tf.get("5m") or candles_by_tf.get("1h")
              │             │             │             │            │             └ <method 'get' of 'dict' objects>
              │             │             │             │            └ {'1m':                 ts    open    high     low   close  volume                        dt
              │             │             │             │              0    1778553960000  662.47  662.5...
              │             │             │             └ <method 'get' of 'dict' objects>
              │             │             └ {'1m':                 ts    open    high     low   close  volume                        dt
              │             │               0    1778553960000  662.47  662.5...
              │             └ <method 'get' of 'dict' objects>
              └ {'1m':                 ts    open    high     low   close  volume                        dt
                0    1778553960000  662.47  662.5...

  File "/Users/gegerot/crypto_trading_bot/backend/.venv/lib/python3.9/site-packages/pandas/core/generic.py", line 1577, in __nonzero__
    raise ValueError(

ValueError: The truth value of a DataFrame is ambiguous. Use a.empty, a.bool(), a.item(), a.any() or a.all().
2026-05-12 11:37:17.969 | WARNING  | app.engine.ai.lstm:load:50 - torch not installed — LSTM disabled. `pip install torch` to enable.
2026-05-12 11:37:17.969 | WARNING  | app.engine.ai.confirmation:__init__:36 - AI is enabled but no models are loaded. Train via scripts/train_ai.py. AI will pass through (not block) signals until trained.
2026-05-12 11:39:26.659 | INFO     | app.engine.strategies.manager:evaluate:99 - strategy_manager: vwap fired in regime=range: price near VWAP 662.9091 in uptrend
2026-05-12 11:39:26.662 | INFO     | app.engine.orchestrator:_tick:225 - risk reject: fees_exceed_profit (fee=$13.250 profit=$6.000)
2026-05-12 11:39:31.679 | INFO     | app.engine.strategies.manager:evaluate:99 - strategy_manager: vwap fired in regime=range: price near VWAP 662.9091 in uptrend
2026-05-12 11:39:31.680 | INFO     | app.engine.orchestrator:_tick:225 - risk reject: fees_exceed_profit (fee=$13.250 profit=$6.000)
2026-05-12 11:39:36.701 | INFO     | app.engine.strategies.manager:evaluate:99 - strategy_manager: vwap fired in regime=range: price near VWAP 662.9091 in uptrend
2026-05-12 11:39:36.702 | INFO     | app.engine.orchestrator:_tick:225 - risk reject: fees_exceed_profit (fee=$13.250 profit=$6.000)
2026-05-12 11:39:41.722 | INFO     | app.engine.strategies.manager:evaluate:99 - strategy_manager: vwap fired in regime=range: price near VWAP 662.9091 in uptrend
2026-05-12 11:39:41.723 | INFO     | app.engine.orchestrator:_tick:225 - risk reject: fees_exceed_profit (fee=$13.250 profit=$6.000)
2026-05-12 11:39:47.415 | INFO     | app.engine.strategies.manager:evaluate:99 - strategy_manager: vwap fired in regime=range: price near VWAP 662.9085 in uptrend
2026-05-12 11:39:47.416 | INFO     | app.engine.orchestrator:_tick:225 - risk reject: fees_exceed_profit (fee=$13.250 profit=$6.000)
2026-05-12 11:39:52.435 | INFO     | app.engine.strategies.manager:evaluate:99 - strategy_manager: vwap fired in regime=range: price near VWAP 662.9085 in uptrend
2026-05-12 11:39:52.436 | INFO     | app.engine.orchestrator:_tick:225 - risk reject: fees_exceed_profit (fee=$13.250 profit=$6.000)
2026-05-12 11:39:57.461 | INFO     | app.engine.strategies.manager:evaluate:99 - strategy_manager: vwap fired in regime=range: price near VWAP 662.9085 in uptrend
2026-05-12 11:39:57.463 | INFO     | app.engine.orchestrator:_tick:225 - risk reject: fees_exceed_profit (fee=$13.250 profit=$6.000)
2026-05-12 11:40:02.482 | INFO     | app.engine.strategies.manager:evaluate:99 - strategy_manager: vwap fired in regime=range: price near VWAP 662.9085 in uptrend
2026-05-12 11:40:02.482 | INFO     | app.engine.orchestrator:_tick:225 - risk reject: fees_exceed_profit (fee=$13.250 profit=$6.000)
2026-05-12 11:40:08.145 | INFO     | app.engine.strategies.manager:evaluate:99 - strategy_manager: vwap fired in regime=range: price near VWAP 662.9089 in uptrend
2026-05-12 11:40:08.145 | INFO     | app.engine.orchestrator:_tick:225 - risk reject: fees_exceed_profit (fee=$13.250 profit=$6.000)
2026-05-12 11:40:13.160 | ERROR    | app.engine.risk.manager:trip_kill_switch:110 - KILL SWITCH ENGAGED: manual_kill_switch
2026-05-12 11:42:36.428 | WARNING  | app.engine.ai.lstm:load:50 - torch not installed — LSTM disabled. `pip install torch` to enable.
2026-05-12 11:42:36.428 | WARNING  | app.engine.ai.confirmation:__init__:36 - AI is enabled but no models are loaded. Train via scripts/train_ai.py. AI will pass through (not block) signals until trained.
2026-05-12 11:42:38.894 | WARNING  | app.engine.ai.lstm:load:50 - torch not installed — LSTM disabled. `pip install torch` to enable.
2026-05-12 11:42:38.895 | WARNING  | app.engine.ai.confirmation:__init__:36 - AI is enabled but no models are loaded. Train via scripts/train_ai.py. AI will pass through (not block) signals until trained.
2026-05-12 11:43:01.748 | WARNING  | app.engine.ai.lstm:load:50 - torch not installed — LSTM disabled. `pip install torch` to enable.
2026-05-12 11:43:01.748 | WARNING  | app.engine.ai.confirmation:__init__:36 - AI is enabled but no models are loaded. Train via scripts/train_ai.py. AI will pass through (not block) signals until trained.
2026-05-12 11:43:04.048 | WARNING  | app.engine.ai.lstm:load:50 - torch not installed — LSTM disabled. `pip install torch` to enable.
2026-05-12 11:43:04.048 | WARNING  | app.engine.ai.confirmation:__init__:36 - AI is enabled but no models are loaded. Train via scripts/train_ai.py. AI will pass through (not block) signals until trained.
2026-05-12 11:44:08.314 | WARNING  | app.engine.ai.lstm:load:50 - torch not installed — LSTM disabled. `pip install torch` to enable.
2026-05-12 11:44:08.314 | WARNING  | app.engine.ai.confirmation:__init__:36 - AI is enabled but no models are loaded. Train via scripts/train_ai.py. AI will pass through (not block) signals until trained.
2026-05-12 11:46:28.677 | ERROR    | app.engine.risk.manager:trip_kill_switch:112 - KILL SWITCH ENGAGED: manual_kill_switch
2026-05-12 11:47:42.360 | INFO     | app.engine.strategies.manager:evaluate:99 - strategy_manager: vwap fired in regime=range: price near VWAP 662.9177 in uptrend
2026-05-12 11:47:47.384 | INFO     | app.engine.strategies.manager:evaluate:99 - strategy_manager: vwap fired in regime=range: price near VWAP 662.9177 in uptrend
2026-05-12 11:47:52.411 | INFO     | app.engine.strategies.manager:evaluate:99 - strategy_manager: vwap fired in regime=range: price near VWAP 662.9177 in uptrend
2026-05-12 11:47:57.432 | INFO     | app.engine.strategies.manager:evaluate:99 - strategy_manager: vwap fired in regime=range: price near VWAP 662.9177 in uptrend
2026-05-12 11:48:02.903 | INFO     | app.engine.strategies.manager:evaluate:99 - strategy_manager: vwap fired in regime=range: price near VWAP 662.9188 in uptrend
2026-05-12 11:48:07.926 | INFO     | app.engine.strategies.manager:evaluate:99 - strategy_manager: vwap fired in regime=range: price near VWAP 662.9188 in uptrend
2026-05-12 11:48:12.949 | INFO     | app.engine.strategies.manager:evaluate:99 - strategy_manager: vwap fired in regime=range: price near VWAP 662.9188 in uptrend
2026-05-12 11:48:12.950 | INFO     | app.engine.orchestrator:_tick:234 - risk reject: max_trades_per_hour (6>=6)
2026-05-12 11:48:17.989 | INFO     | app.engine.strategies.manager:evaluate:99 - strategy_manager: vwap fired in regime=range: price near VWAP 662.9188 in uptrend
2026-05-12 11:48:17.996 | INFO     | app.engine.orchestrator:_tick:234 - risk reject: max_trades_per_hour (6>=6)
2026-05-12 11:48:23.460 | INFO     | app.engine.strategies.manager:evaluate:99 - strategy_manager: vwap fired in regime=range: price near VWAP 662.9184 in uptrend
2026-05-12 11:48:23.462 | INFO     | app.engine.orchestrator:_tick:234 - risk reject: max_trades_per_hour (6>=6)
2026-05-12 11:48:28.480 | INFO     | app.engine.strategies.manager:evaluate:99 - strategy_manager: vwap fired in regime=range: price near VWAP 662.9184 in uptrend
2026-05-12 11:48:28.481 | INFO     | app.engine.orchestrator:_tick:234 - risk reject: max_trades_per_hour (6>=6)
2026-05-12 11:48:33.504 | INFO     | app.engine.strategies.manager:evaluate:99 - strategy_manager: vwap fired in regime=range: price near VWAP 662.9184 in uptrend
2026-05-12 11:48:33.505 | INFO     | app.engine.orchestrator:_tick:234 - risk reject: max_trades_per_hour (6>=6)
2026-05-12 11:48:38.527 | INFO     | app.engine.strategies.manager:evaluate:99 - strategy_manager: vwap fired in regime=range: price near VWAP 662.9184 in uptrend
2026-05-12 11:48:38.527 | INFO     | app.engine.orchestrator:_tick:234 - risk reject: max_trades_per_hour (6>=6)
2026-05-12 11:48:44.058 | INFO     | app.engine.strategies.manager:evaluate:99 - strategy_manager: vwap fired in regime=range: price near VWAP 662.9192 in uptrend
2026-05-12 11:48:44.059 | INFO     | app.engine.orchestrator:_tick:234 - risk reject: max_trades_per_hour (6>=6)
2026-05-12 11:48:49.087 | INFO     | app.engine.strategies.manager:evaluate:99 - strategy_manager: vwap fired in regime=range: price near VWAP 662.9192 in uptrend
2026-05-12 11:48:49.089 | INFO     | app.engine.orchestrator:_tick:234 - risk reject: max_trades_per_hour (6>=6)
2026-05-12 11:48:54.107 | INFO     | app.engine.strategies.manager:evaluate:99 - strategy_manager: vwap fired in regime=range: price near VWAP 662.9192 in uptrend
2026-05-12 11:48:54.107 | INFO     | app.engine.orchestrator:_tick:234 - risk reject: max_trades_per_hour (6>=6)
2026-05-12 11:48:59.124 | INFO     | app.engine.strategies.manager:evaluate:99 - strategy_manager: vwap fired in regime=range: price near VWAP 662.9192 in uptrend
2026-05-12 11:48:59.125 | INFO     | app.engine.orchestrator:_tick:234 - risk reject: max_trades_per_hour (6>=6)
2026-05-12 11:49:04.755 | INFO     | app.engine.strategies.manager:evaluate:99 - strategy_manager: vwap fired in regime=range: price near VWAP 662.9186 in uptrend
2026-05-12 11:49:04.756 | INFO     | app.engine.orchestrator:_tick:234 - risk reject: max_trades_per_hour (6>=6)
2026-05-12 11:49:09.776 | INFO     | app.engine.strategies.manager:evaluate:99 - strategy_manager: vwap fired in regime=range: price near VWAP 662.9186 in uptrend
2026-05-12 11:49:09.777 | INFO     | app.engine.orchestrator:_tick:234 - risk reject: max_trades_per_hour (6>=6)
2026-05-12 11:49:14.795 | INFO     | app.engine.strategies.manager:evaluate:99 - strategy_manager: vwap fired in regime=range: price near VWAP 662.9186 in uptrend
2026-05-12 11:49:14.796 | INFO     | app.engine.orchestrator:_tick:234 - risk reject: max_trades_per_hour (6>=6)
2026-05-12 11:49:19.815 | INFO     | app.engine.strategies.manager:evaluate:99 - strategy_manager: vwap fired in regime=range: price near VWAP 662.9186 in uptrend
2026-05-12 11:49:19.815 | INFO     | app.engine.orchestrator:_tick:234 - risk reject: max_trades_per_hour (6>=6)
2026-05-12 11:51:09.304 | ERROR    | app.engine.risk.manager:trip_kill_switch:112 - KILL SWITCH ENGAGED: manual_kill_switch
2026-05-12 11:59:47.718 | WARNING  | app.engine.ai.lstm:load:50 - torch not installed — LSTM disabled. `pip install torch` to enable.
2026-05-12 11:59:47.718 | WARNING  | app.engine.ai.confirmation:__init__:36 - AI is enabled but no models are loaded. Train via scripts/train_ai.py. AI will pass through (not block) signals until trained.
2026-05-12 11:59:51.781 | WARNING  | app.engine.ai.lstm:load:50 - torch not installed — LSTM disabled. `pip install torch` to enable.
2026-05-12 11:59:51.781 | WARNING  | app.engine.ai.confirmation:__init__:36 - AI is enabled but no models are loaded. Train via scripts/train_ai.py. AI will pass through (not block) signals until trained.
2026-05-12 11:59:55.543 | WARNING  | app.engine.ai.lstm:load:50 - torch not installed — LSTM disabled. `pip install torch` to enable.
2026-05-12 11:59:55.544 | WARNING  | app.engine.ai.confirmation:__init__:36 - AI is enabled but no models are loaded. Train via scripts/train_ai.py. AI will pass through (not block) signals until trained.
2026-05-12 12:00:19.624 | WARNING  | app.engine.ai.lstm:load:50 - torch not installed — LSTM disabled. `pip install torch` to enable.
2026-05-12 12:00:19.624 | WARNING  | app.engine.ai.confirmation:__init__:36 - AI is enabled but no models are loaded. Train via scripts/train_ai.py. AI will pass through (not block) signals until trained.
2026-05-12 12:00:23.419 | WARNING  | app.engine.ai.lstm:load:50 - torch not installed — LSTM disabled. `pip install torch` to enable.
2026-05-12 12:00:23.419 | WARNING  | app.engine.ai.confirmation:__init__:36 - AI is enabled but no models are loaded. Train via scripts/train_ai.py. AI will pass through (not block) signals until trained.
2026-05-12 12:00:47.695 | WARNING  | app.engine.ai.lstm:load:50 - torch not installed — LSTM disabled. `pip install torch` to enable.
2026-05-12 12:00:47.695 | WARNING  | app.engine.ai.confirmation:__init__:36 - AI is enabled but no models are loaded. Train via scripts/train_ai.py. AI will pass through (not block) signals until trained.
2026-05-12 12:01:12.190 | WARNING  | app.engine.ai.lstm:load:50 - torch not installed — LSTM disabled. `pip install torch` to enable.
2026-05-12 12:01:12.190 | WARNING  | app.engine.ai.confirmation:__init__:36 - AI is enabled but no models are loaded. Train via scripts/train_ai.py. AI will pass through (not block) signals until trained.
2026-05-12 12:02:16.821 | WARNING  | app.engine.ai.lstm:load:50 - torch not installed — LSTM disabled. `pip install torch` to enable.
2026-05-12 12:02:16.822 | WARNING  | app.engine.ai.confirmation:__init__:36 - AI is enabled but no models are loaded. Train via scripts/train_ai.py. AI will pass through (not block) signals until trained.
2026-05-12 12:02:20.694 | WARNING  | app.engine.ai.lstm:load:50 - torch not installed — LSTM disabled. `pip install torch` to enable.
2026-05-12 12:02:20.694 | WARNING  | app.engine.ai.confirmation:__init__:36 - AI is enabled but no models are loaded. Train via scripts/train_ai.py. AI will pass through (not block) signals until trained.
2026-05-12 12:02:25.664 | WARNING  | app.engine.ai.lstm:load:50 - torch not installed — LSTM disabled. `pip install torch` to enable.
2026-05-12 12:02:25.665 | WARNING  | app.engine.ai.confirmation:__init__:36 - AI is enabled but no models are loaded. Train via scripts/train_ai.py. AI will pass through (not block) signals until trained.
2026-05-12 12:02:29.603 | WARNING  | app.engine.ai.lstm:load:50 - torch not installed — LSTM disabled. `pip install torch` to enable.
2026-05-12 12:02:29.603 | WARNING  | app.engine.ai.confirmation:__init__:36 - AI is enabled but no models are loaded. Train via scripts/train_ai.py. AI will pass through (not block) signals until trained.
2026-05-12 12:05:07.432 | WARNING  | app.engine.ai.lstm:load:50 - torch not installed — LSTM disabled. `pip install torch` to enable.
2026-05-12 12:05:07.432 | WARNING  | app.engine.ai.confirmation:__init__:36 - AI is enabled but no models are loaded. Train via scripts/train_ai.py. AI will pass through (not block) signals until trained.
2026-05-12 12:05:18.723 | WARNING  | app.engine.ai.lstm:load:50 - torch not installed — LSTM disabled. `pip install torch` to enable.
2026-05-12 12:05:18.724 | WARNING  | app.engine.ai.confirmation:__init__:36 - AI is enabled but no models are loaded. Train via scripts/train_ai.py. AI will pass through (not block) signals until trained.
2026-05-12 12:07:45.842 | WARNING  | app.engine.ai.lstm:load:50 - torch not installed — LSTM disabled. `pip install torch` to enable.
2026-05-12 12:07:45.843 | WARNING  | app.engine.ai.confirmation:__init__:36 - AI is enabled but no models are loaded. Train via scripts/train_ai.py. AI will pass through (not block) signals until trained.
2026-05-12 12:08:37.422 | WARNING  | app.engine.ai.lstm:load:50 - torch not installed — LSTM disabled. `pip install torch` to enable.
2026-05-12 12:08:37.423 | WARNING  | app.engine.ai.confirmation:__init__:36 - AI is enabled but no models are loaded. Train via scripts/train_ai.py. AI will pass through (not block) signals until trained.
2026-05-12 12:10:22.523 | WARNING  | app.engine.ai.lstm:load:50 - torch not installed — LSTM disabled. `pip install torch` to enable.
2026-05-12 12:10:22.523 | WARNING  | app.engine.ai.confirmation:__init__:36 - AI is enabled but no models are loaded. Train via scripts/train_ai.py. AI will pass through (not block) signals until trained.
2026-05-12 12:21:13.554 | INFO     | app.engine.strategies.manager:evaluate:99 - strategy_manager: grid fired in regime=range: grid buy at level 1 (660.7381)
2026-05-12 12:21:34.356 | INFO     | app.engine.strategies.manager:evaluate:99 - strategy_manager: grid fired in regime=range: grid buy at level 1 (660.7343)
2026-05-12 12:22:24.059 | WARNING  | app.engine.orchestrator:kill:139 - KILL SWITCH activated: manual_kill_switch
2026-05-12 12:22:24.064 | ERROR    | app.engine.risk.manager:trip_kill_switch:112 - KILL SWITCH ENGAGED: manual_kill_switch
2026-05-12 12:30:06.966 | INFO     | app.engine.strategies.manager:evaluate:99 - strategy_manager: grid fired in regime=range: grid buy at level 1 (660.6941)
2026-05-12 12:31:29.958 | INFO     | app.engine.strategies.manager:evaluate:99 - strategy_manager: grid fired in regime=range: grid buy at level 1 (660.6923)
2026-05-12 12:32:32.127 | INFO     | app.engine.strategies.manager:evaluate:99 - strategy_manager: grid fired in regime=range: grid buy at level 1 (660.6903)
2026-05-12 12:32:52.913 | INFO     | app.engine.strategies.manager:evaluate:99 - strategy_manager: mean_reversion fired in regime=range: BB lower touch, RSI 35
2026-05-12 12:32:58.125 | INFO     | app.engine.strategies.manager:evaluate:99 - strategy_manager: mean_reversion fired in regime=range: BB lower touch, RSI 35
2026-05-12 12:33:03.140 | INFO     | app.engine.strategies.manager:evaluate:99 - strategy_manager: mean_reversion fired in regime=range: BB lower touch, RSI 35
2026-05-12 12:33:08.160 | INFO     | app.engine.strategies.manager:evaluate:99 - strategy_manager: mean_reversion fired in regime=range: BB lower touch, RSI 35
2026-05-12 12:33:13.685 | INFO     | app.engine.strategies.manager:evaluate:99 - strategy_manager: grid fired in regime=range: grid buy at level 1 (660.6828)
2026-05-12 12:35:39.694 | INFO     | app.engine.strategies.manager:evaluate:99 - strategy_manager: mean_reversion fired in regime=range: BB lower touch, RSI 35
2026-05-12 12:35:44.945 | INFO     | app.engine.strategies.manager:evaluate:99 - strategy_manager: mean_reversion fired in regime=range: BB lower touch, RSI 35
2026-05-12 12:35:49.964 | INFO     | app.engine.strategies.manager:evaluate:99 - strategy_manager: mean_reversion fired in regime=range: BB lower touch, RSI 35
2026-05-12 12:35:54.982 | INFO     | app.engine.strategies.manager:evaluate:99 - strategy_manager: mean_reversion fired in regime=range: BB lower touch, RSI 35
2026-05-12 12:36:00.666 | INFO     | app.engine.strategies.manager:evaluate:99 - strategy_manager: mean_reversion fired in regime=range: BB lower touch, RSI 34
2026-05-12 12:36:05.900 | INFO     | app.engine.strategies.manager:evaluate:99 - strategy_manager: mean_reversion fired in regime=range: BB lower touch, RSI 34
2026-05-12 12:36:10.923 | INFO     | app.engine.strategies.manager:evaluate:99 - strategy_manager: mean_reversion fired in regime=range: BB lower touch, RSI 34
2026-05-12 12:36:15.939 | INFO     | app.engine.strategies.manager:evaluate:99 - strategy_manager: mean_reversion fired in regime=range: BB lower touch, RSI 34
2026-05-12 12:36:21.725 | INFO     | app.engine.strategies.manager:evaluate:99 - strategy_manager: mean_reversion fired in regime=range: BB lower touch, RSI 33
2026-05-12 12:36:26.744 | INFO     | app.engine.strategies.manager:evaluate:99 - strategy_manager: mean_reversion fired in regime=range: BB lower touch, RSI 33
2026-05-12 12:36:31.761 | INFO     | app.engine.strategies.manager:evaluate:99 - strategy_manager: mean_reversion fired in regime=range: BB lower touch, RSI 33
2026-05-12 12:36:36.781 | INFO     | app.engine.strategies.manager:evaluate:99 - strategy_manager: mean_reversion fired in regime=range: BB lower touch, RSI 33
2026-05-12 12:36:42.479 | INFO     | app.engine.strategies.manager:evaluate:99 - strategy_manager: mean_reversion fired in regime=range: BB lower touch, RSI 35
2026-05-12 12:36:47.503 | INFO     | app.engine.strategies.manager:evaluate:99 - strategy_manager: mean_reversion fired in regime=range: BB lower touch, RSI 35
2026-05-12 12:36:52.528 | INFO     | app.engine.strategies.manager:evaluate:99 - strategy_manager: mean_reversion fired in regime=range: BB lower touch, RSI 35
2026-05-12 12:36:57.550 | INFO     | app.engine.strategies.manager:evaluate:99 - strategy_manager: mean_reversion fired in regime=range: BB lower touch, RSI 35
2026-05-12 12:37:03.094 | INFO     | app.engine.strategies.manager:evaluate:99 - strategy_manager: mean_reversion fired in regime=range: BB lower touch, RSI 34
2026-05-12 12:37:08.114 | INFO     | app.engine.strategies.manager:evaluate:99 - strategy_manager: mean_reversion fired in regime=range: BB lower touch, RSI 34
2026-05-12 12:37:13.133 | INFO     | app.engine.strategies.manager:evaluate:99 - strategy_manager: mean_reversion fired in regime=range: BB lower touch, RSI 34
2026-05-12 12:37:18.157 | INFO     | app.engine.strategies.manager:evaluate:99 - strategy_manager: mean_reversion fired in regime=range: BB lower touch, RSI 34
2026-05-12 12:37:23.661 | INFO     | app.engine.strategies.manager:evaluate:99 - strategy_manager: mean_reversion fired in regime=range: BB lower touch, RSI 34
2026-05-12 12:37:28.892 | INFO     | app.engine.strategies.manager:evaluate:99 - strategy_manager: mean_reversion fired in regime=range: BB lower touch, RSI 34
2026-05-12 12:37:33.911 | INFO     | app.engine.strategies.manager:evaluate:99 - strategy_manager: mean_reversion fired in regime=range: BB lower touch, RSI 34
2026-05-12 12:37:38.932 | INFO     | app.engine.strategies.manager:evaluate:99 - strategy_manager: mean_reversion fired in regime=range: BB lower touch, RSI 34
2026-05-12 12:37:44.495 | INFO     | app.engine.strategies.manager:evaluate:99 - strategy_manager: mean_reversion fired in regime=range: BB lower touch, RSI 35
2026-05-12 12:37:49.738 | INFO     | app.engine.strategies.manager:evaluate:99 - strategy_manager: mean_reversion fired in regime=range: BB lower touch, RSI 35
2026-05-12 12:37:54.757 | INFO     | app.engine.strategies.manager:evaluate:99 - strategy_manager: mean_reversion fired in regime=range: BB lower touch, RSI 35
2026-05-12 12:37:59.774 | INFO     | app.engine.strategies.manager:evaluate:99 - strategy_manager: mean_reversion fired in regime=range: BB lower touch, RSI 35
2026-05-12 12:38:05.518 | INFO     | app.engine.strategies.manager:evaluate:99 - strategy_manager: mean_reversion fired in regime=range: BB lower touch, RSI 35
2026-05-12 12:38:10.755 | INFO     | app.engine.strategies.manager:evaluate:99 - strategy_manager: mean_reversion fired in regime=range: BB lower touch, RSI 35
2026-05-12 12:38:15.778 | INFO     | app.engine.strategies.manager:evaluate:99 - strategy_manager: mean_reversion fired in regime=range: BB lower touch, RSI 35
2026-05-12 12:38:20.800 | INFO     | app.engine.strategies.manager:evaluate:99 - strategy_manager: mean_reversion fired in regime=range: BB lower touch, RSI 35
2026-05-12 12:38:26.466 | INFO     | app.engine.strategies.manager:evaluate:99 - strategy_manager: mean_reversion fired in regime=range: BB lower touch, RSI 35
2026-05-12 12:38:31.694 | INFO     | app.engine.orchestrator:_run:166 - duration ended — closing open positions
2026-05-12 12:38:31.695 | INFO     | app.engine.orchestrator:_close_all_positions:478 - closing 1 open position(s): duration_ended
2026-05-12 12:45:18.290 | INFO     | app.engine.strategies.manager:evaluate:99 - strategy_manager: grid fired in regime=range: grid buy at level 1 (660.6693)
2026-05-12 12:58:45.117 | INFO     | app.engine.strategies.manager:evaluate:99 - strategy_manager: grid fired in regime=range: grid buy at level 1 (660.6687)
2026-05-12 12:59:05.835 | INFO     | app.engine.strategies.manager:evaluate:99 - strategy_manager: grid fired in regime=range: grid buy at level 1 (660.6685)
2026-05-12 13:00:07.743 | INFO     | app.engine.strategies.manager:evaluate:99 - strategy_manager: grid fired in regime=range: grid buy at level 1 (660.6340)
2026-05-12 13:02:32.548 | INFO     | app.engine.strategies.manager:evaluate:99 - strategy_manager: grid fired in regime=range: grid buy at level 1 (660.6330)
2026-05-12 13:04:57.215 | INFO     | app.engine.strategies.manager:evaluate:99 - strategy_manager: grid fired in regime=range: grid buy at level 1 (660.6320)
2026-05-12 13:05:17.994 | INFO     | app.engine.strategies.manager:evaluate:99 - strategy_manager: grid fired in regime=range: grid buy at level 1 (660.6310)
2026-05-12 13:05:38.841 | INFO     | app.engine.strategies.manager:evaluate:99 - strategy_manager: grid fired in regime=range: grid buy at level 1 (660.6261)
2026-05-12 13:05:59.456 | INFO     | app.engine.strategies.manager:evaluate:99 - strategy_manager: grid fired in regime=range: grid buy at level 1 (660.6259)
2026-05-12 13:06:40.857 | INFO     | app.engine.strategies.manager:evaluate:99 - strategy_manager: grid fired in regime=range: grid buy at level 1 (660.6233)
2026-05-12 13:07:01.791 | INFO     | app.engine.strategies.manager:evaluate:99 - strategy_manager: grid fired in regime=range: grid buy at level 1 (660.6229)
2026-05-12 13:09:06.052 | INFO     | app.engine.strategies.manager:evaluate:99 - strategy_manager: mean_reversion fired in regime=range: BB lower touch, RSI 35
2026-05-12 13:09:11.296 | INFO     | app.engine.strategies.manager:evaluate:99 - strategy_manager: mean_reversion fired in regime=range: BB lower touch, RSI 35
2026-05-12 13:09:16.316 | INFO     | app.engine.strategies.manager:evaluate:99 - strategy_manager: mean_reversion fired in regime=range: BB lower touch, RSI 35
2026-05-12 13:09:21.345 | INFO     | app.engine.strategies.manager:evaluate:99 - strategy_manager: mean_reversion fired in regime=range: BB lower touch, RSI 35
2026-05-12 13:09:26.824 | INFO     | app.engine.strategies.manager:evaluate:99 - strategy_manager: mean_reversion fired in regime=range: BB lower touch, RSI 35
2026-05-12 13:09:32.057 | INFO     | app.engine.strategies.manager:evaluate:99 - strategy_manager: mean_reversion fired in regime=range: BB lower touch, RSI 35
2026-05-12 13:09:37.086 | INFO     | app.engine.strategies.manager:evaluate:99 - strategy_manager: mean_reversion fired in regime=range: BB lower touch, RSI 35
2026-05-12 13:09:42.105 | INFO     | app.engine.strategies.manager:evaluate:99 - strategy_manager: mean_reversion fired in regime=range: BB lower touch, RSI 35
2026-05-12 13:09:47.818 | INFO     | app.engine.strategies.manager:evaluate:99 - strategy_manager: mean_reversion fired in regime=range: BB lower touch, RSI 35
2026-05-12 13:09:53.054 | INFO     | app.engine.strategies.manager:evaluate:99 - strategy_manager: mean_reversion fired in regime=range: BB lower touch, RSI 35
2026-05-12 13:09:58.074 | INFO     | app.engine.strategies.manager:evaluate:99 - strategy_manager: mean_reversion fired in regime=range: BB lower touch, RSI 35
2026-05-12 13:10:03.092 | INFO     | app.engine.strategies.manager:evaluate:99 - strategy_manager: mean_reversion fired in regime=range: BB lower touch, RSI 35
2026-05-12 13:10:08.639 | INFO     | app.engine.strategies.manager:evaluate:99 - strategy_manager: grid fired in regime=range: grid buy at level 1 (660.6209)
2026-05-12 13:10:29.446 | INFO     | app.engine.strategies.manager:evaluate:99 - strategy_manager: mean_reversion fired in regime=range: BB lower touch, RSI 35
2026-05-12 13:10:34.661 | INFO     | app.engine.strategies.manager:evaluate:99 - strategy_manager: mean_reversion fired in regime=range: BB lower touch, RSI 35
2026-05-12 13:10:39.680 | INFO     | app.engine.strategies.manager:evaluate:99 - strategy_manager: mean_reversion fired in regime=range: BB lower touch, RSI 35
2026-05-12 13:10:44.697 | INFO     | app.engine.strategies.manager:evaluate:99 - strategy_manager: mean_reversion fired in regime=range: BB lower touch, RSI 35
2026-05-12 13:10:50.405 | INFO     | app.engine.strategies.manager:evaluate:99 - strategy_manager: mean_reversion fired in regime=range: BB lower touch, RSI 35
2026-05-12 13:10:55.622 | INFO     | app.engine.strategies.manager:evaluate:99 - strategy_manager: mean_reversion fired in regime=range: BB lower touch, RSI 35
2026-05-12 13:11:00.648 | INFO     | app.engine.strategies.manager:evaluate:99 - strategy_manager: mean_reversion fired in regime=range: BB lower touch, RSI 35
2026-05-12 13:11:05.666 | INFO     | app.engine.strategies.manager:evaluate:99 - strategy_manager: mean_reversion fired in regime=range: BB lower touch, RSI 35
2026-05-12 13:11:11.271 | INFO     | app.engine.strategies.manager:evaluate:99 - strategy_manager: mean_reversion fired in regime=range: BB lower touch, RSI 35
2026-05-12 13:11:16.493 | INFO     | app.engine.strategies.manager:evaluate:99 - strategy_manager: mean_reversion fired in regime=range: BB lower touch, RSI 35
2026-05-12 13:11:21.504 | INFO     | app.engine.strategies.manager:evaluate:99 - strategy_manager: mean_reversion fired in regime=range: BB lower touch, RSI 35
2026-05-12 13:11:26.524 | INFO     | app.engine.strategies.manager:evaluate:99 - strategy_manager: mean_reversion fired in regime=range: BB lower touch, RSI 35
2026-05-12 13:11:32.145 | INFO     | app.engine.strategies.manager:evaluate:99 - strategy_manager: mean_reversion fired in regime=range: BB lower touch, RSI 35
2026-05-12 13:11:37.352 | INFO     | app.engine.strategies.manager:evaluate:99 - strategy_manager: mean_reversion fired in regime=range: BB lower touch, RSI 35
2026-05-12 13:11:42.372 | INFO     | app.engine.strategies.manager:evaluate:99 - strategy_manager: mean_reversion fired in regime=range: BB lower touch, RSI 35
2026-05-12 13:11:47.397 | INFO     | app.engine.strategies.manager:evaluate:99 - strategy_manager: mean_reversion fired in regime=range: BB lower touch, RSI 35
2026-05-12 13:11:52.991 | INFO     | app.engine.strategies.manager:evaluate:99 - strategy_manager: mean_reversion fired in regime=range: BB lower touch, RSI 35
2026-05-12 13:11:58.191 | INFO     | app.engine.strategies.manager:evaluate:99 - strategy_manager: mean_reversion fired in regime=range: BB lower touch, RSI 35
2026-05-12 13:12:03.210 | INFO     | app.engine.strategies.manager:evaluate:99 - strategy_manager: mean_reversion fired in regime=range: BB lower touch, RSI 35
2026-05-12 13:12:08.230 | INFO     | app.engine.strategies.manager:evaluate:99 - strategy_manager: mean_reversion fired in regime=range: BB lower touch, RSI 35
2026-05-12 13:12:13.887 | INFO     | app.engine.strategies.manager:evaluate:99 - strategy_manager: mean_reversion fired in regime=range: BB lower touch, RSI 35
2026-05-12 13:12:19.127 | INFO     | app.engine.strategies.manager:evaluate:99 - strategy_manager: mean_reversion fired in regime=range: BB lower touch, RSI 35
2026-05-12 13:12:24.148 | INFO     | app.engine.strategies.manager:evaluate:99 - strategy_manager: mean_reversion fired in regime=range: BB lower touch, RSI 35
2026-05-12 13:12:29.168 | INFO     | app.engine.strategies.manager:evaluate:99 - strategy_manager: mean_reversion fired in regime=range: BB lower touch, RSI 35
2026-05-12 13:12:34.771 | INFO     | app.engine.strategies.manager:evaluate:99 - strategy_manager: mean_reversion fired in regime=range: BB lower touch, RSI 35
2026-05-12 13:12:39.987 | INFO     | app.engine.strategies.manager:evaluate:99 - strategy_manager: mean_reversion fired in regime=range: BB lower touch, RSI 35
2026-05-12 13:12:45.013 | INFO     | app.engine.strategies.manager:evaluate:99 - strategy_manager: mean_reversion fired in regime=range: BB lower touch, RSI 35
2026-05-12 13:12:50.033 | INFO     | app.engine.strategies.manager:evaluate:99 - strategy_manager: mean_reversion fired in regime=range: BB lower touch, RSI 35
2026-05-12 13:12:55.639 | INFO     | app.engine.strategies.manager:evaluate:99 - strategy_manager: mean_reversion fired in regime=range: BB lower touch, RSI 35
2026-05-12 13:13:00.861 | INFO     | app.engine.strategies.manager:evaluate:99 - strategy_manager: mean_reversion fired in regime=range: BB lower touch, RSI 35
2026-05-12 13:13:05.884 | INFO     | app.engine.strategies.manager:evaluate:99 - strategy_manager: mean_reversion fired in regime=range: BB lower touch, RSI 35
2026-05-12 13:13:10.898 | INFO     | app.engine.strategies.manager:evaluate:99 - strategy_manager: mean_reversion fired in regime=range: BB lower touch, RSI 35
2026-05-12 13:13:16.415 | INFO     | app.engine.strategies.manager:evaluate:99 - strategy_manager: mean_reversion fired in regime=range: BB lower touch, RSI 34
2026-05-12 13:13:21.436 | INFO     | app.engine.strategies.manager:evaluate:99 - strategy_manager: mean_reversion fired in regime=range: BB lower touch, RSI 34
2026-05-12 13:13:26.459 | INFO     | app.engine.strategies.manager:evaluate:99 - strategy_manager: mean_reversion fired in regime=range: BB lower touch, RSI 34
2026-05-12 13:13:31.480 | INFO     | app.engine.strategies.manager:evaluate:99 - strategy_manager: mean_reversion fired in regime=range: BB lower touch, RSI 34
2026-05-12 13:13:37.106 | INFO     | app.engine.strategies.manager:evaluate:99 - strategy_manager: mean_reversion fired in regime=range: BB lower touch, RSI 34
2026-05-12 13:13:42.119 | INFO     | app.engine.strategies.manager:evaluate:99 - strategy_manager: mean_reversion fired in regime=range: BB lower touch, RSI 34
2026-05-12 13:13:47.140 | INFO     | app.engine.strategies.manager:evaluate:99 - strategy_manager: mean_reversion fired in regime=range: BB lower touch, RSI 34
2026-05-12 13:13:52.153 | INFO     | app.engine.strategies.manager:evaluate:99 - strategy_manager: mean_reversion fired in regime=range: BB lower touch, RSI 34
2026-05-12 13:13:57.779 | INFO     | app.engine.strategies.manager:evaluate:99 - strategy_manager: mean_reversion fired in regime=range: BB lower touch, RSI 34
2026-05-12 13:14:03.045 | INFO     | app.engine.strategies.manager:evaluate:99 - strategy_manager: mean_reversion fired in regime=range: BB lower touch, RSI 34
2026-05-12 13:14:08.063 | INFO     | app.engine.strategies.manager:evaluate:99 - strategy_manager: mean_reversion fired in regime=range: BB lower touch, RSI 34
2026-05-12 13:14:13.081 | INFO     | app.engine.strategies.manager:evaluate:99 - strategy_manager: mean_reversion fired in regime=range: BB lower touch, RSI 34
2026-05-12 13:14:18.665 | INFO     | app.engine.strategies.manager:evaluate:99 - strategy_manager: mean_reversion fired in regime=range: BB lower touch, RSI 34
2026-05-12 13:14:23.890 | INFO     | app.engine.strategies.manager:evaluate:99 - strategy_manager: mean_reversion fired in regime=range: BB lower touch, RSI 34
2026-05-12 13:14:28.908 | INFO     | app.engine.strategies.manager:evaluate:99 - strategy_manager: mean_reversion fired in regime=range: BB lower touch, RSI 34
2026-05-12 13:14:33.927 | INFO     | app.engine.strategies.manager:evaluate:99 - strategy_manager: mean_reversion fired in regime=range: BB lower touch, RSI 34
2026-05-12 13:14:39.557 | INFO     | app.engine.strategies.manager:evaluate:99 - strategy_manager: mean_reversion fired in regime=range: BB lower touch, RSI 33
2026-05-12 13:14:44.797 | INFO     | app.engine.strategies.manager:evaluate:99 - strategy_manager: mean_reversion fired in regime=range: BB lower touch, RSI 33
2026-05-12 13:14:49.822 | INFO     | app.engine.strategies.manager:evaluate:99 - strategy_manager: mean_reversion fired in regime=range: BB lower touch, RSI 33
2026-05-12 13:14:54.849 | INFO     | app.engine.strategies.manager:evaluate:99 - strategy_manager: mean_reversion fired in regime=range: BB lower touch, RSI 33
2026-05-12 13:15:00.492 | INFO     | app.engine.strategies.manager:evaluate:99 - strategy_manager: mean_reversion fired in regime=range: BB lower touch, RSI 33
2026-05-12 13:15:05.842 | INFO     | app.engine.strategies.manager:evaluate:99 - strategy_manager: mean_reversion fired in regime=range: BB lower touch, RSI 33
2026-05-12 13:15:10.865 | INFO     | app.engine.strategies.manager:evaluate:99 - strategy_manager: mean_reversion fired in regime=range: BB lower touch, RSI 33
2026-05-12 13:15:15.883 | INFO     | app.engine.strategies.manager:evaluate:99 - strategy_manager: mean_reversion fired in regime=range: BB lower touch, RSI 33
2026-05-12 13:15:21.515 | INFO     | app.engine.strategies.manager:evaluate:99 - strategy_manager: mean_reversion fired in regime=range: BB lower touch, RSI 35
2026-05-12 13:15:26.536 | INFO     | app.engine.strategies.manager:evaluate:99 - strategy_manager: mean_reversion fired in regime=range: BB lower touch, RSI 35
2026-05-12 13:15:31.555 | INFO     | app.engine.strategies.manager:evaluate:99 - strategy_manager: mean_reversion fired in regime=range: BB lower touch, RSI 35
2026-05-12 13:15:36.575 | INFO     | app.engine.strategies.manager:evaluate:99 - strategy_manager: mean_reversion fired in regime=range: BB lower touch, RSI 35
2026-05-12 13:15:42.332 | INFO     | app.engine.strategies.manager:evaluate:99 - strategy_manager: grid fired in regime=range: grid buy at level 1 (660.5449)
2026-05-12 13:16:03.136 | INFO     | app.engine.strategies.manager:evaluate:99 - strategy_manager: mean_reversion fired in regime=range: BB lower touch, RSI 33
2026-05-12 13:16:08.343 | INFO     | app.engine.strategies.manager:evaluate:99 - strategy_manager: mean_reversion fired in regime=range: BB lower touch, RSI 33
2026-05-12 13:16:13.364 | INFO     | app.engine.strategies.manager:evaluate:99 - strategy_manager: mean_reversion fired in regime=range: BB lower touch, RSI 33
2026-05-12 13:16:18.384 | INFO     | app.engine.strategies.manager:evaluate:99 - strategy_manager: mean_reversion fired in regime=range: BB lower touch, RSI 33
2026-05-12 13:16:24.047 | INFO     | app.engine.strategies.manager:evaluate:99 - strategy_manager: mean_reversion fired in regime=range: BB lower touch, RSI 32
2026-05-12 13:16:29.280 | INFO     | app.engine.strategies.manager:evaluate:99 - strategy_manager: mean_reversion fired in regime=range: BB lower touch, RSI 32
2026-05-12 13:16:34.301 | INFO     | app.engine.strategies.manager:evaluate:99 - strategy_manager: mean_reversion fired in regime=range: BB lower touch, RSI 32
2026-05-12 13:16:39.323 | INFO     | app.engine.strategies.manager:evaluate:99 - strategy_manager: mean_reversion fired in regime=range: BB lower touch, RSI 32
2026-05-12 13:16:45.056 | INFO     | app.engine.strategies.manager:evaluate:99 - strategy_manager: mean_reversion fired in regime=range: BB lower touch, RSI 32
2026-05-12 13:16:50.304 | INFO     | app.engine.strategies.manager:evaluate:99 - strategy_manager: mean_reversion fired in regime=range: BB lower touch, RSI 32
2026-05-12 13:16:55.322 | INFO     | app.engine.strategies.manager:evaluate:99 - strategy_manager: mean_reversion fired in regime=range: BB lower touch, RSI 32
2026-05-12 13:17:00.338 | INFO     | app.engine.strategies.manager:evaluate:99 - strategy_manager: mean_reversion fired in regime=range: BB lower touch, RSI 32
2026-05-12 13:17:05.946 | INFO     | app.engine.strategies.manager:evaluate:99 - strategy_manager: mean_reversion fired in regime=range: BB lower touch, RSI 32
2026-05-12 13:17:11.175 | INFO     | app.engine.strategies.manager:evaluate:99 - strategy_manager: mean_reversion fired in regime=range: BB lower touch, RSI 32
2026-05-12 13:17:16.195 | INFO     | app.engine.strategies.manager:evaluate:99 - strategy_manager: mean_reversion fired in regime=range: BB lower touch, RSI 32
2026-05-12 13:17:21.208 | INFO     | app.engine.strategies.manager:evaluate:99 - strategy_manager: mean_reversion fired in regime=range: BB lower touch, RSI 32
2026-05-12 13:17:26.729 | INFO     | app.engine.strategies.manager:evaluate:99 - strategy_manager: mean_reversion fired in regime=range: BB lower touch, RSI 33
2026-05-12 13:17:31.943 | INFO     | app.engine.strategies.manager:evaluate:99 - strategy_manager: mean_reversion fired in regime=range: BB lower touch, RSI 33
2026-05-12 13:17:36.968 | INFO     | app.engine.strategies.manager:evaluate:99 - strategy_manager: mean_reversion fired in regime=range: BB lower touch, RSI 33
2026-05-12 13:17:41.986 | INFO     | app.engine.strategies.manager:evaluate:99 - strategy_manager: mean_reversion fired in regime=range: BB lower touch, RSI 33
2026-05-12 13:17:47.503 | INFO     | app.engine.strategies.manager:evaluate:99 - strategy_manager: mean_reversion fired in regime=range: BB lower touch, RSI 33
2026-05-12 13:17:52.714 | INFO     | app.engine.strategies.manager:evaluate:99 - strategy_manager: mean_reversion fired in regime=range: BB lower touch, RSI 33
2026-05-12 13:17:57.733 | INFO     | app.engine.strategies.manager:evaluate:99 - strategy_manager: mean_reversion fired in regime=range: BB lower touch, RSI 33
2026-05-12 13:18:02.752 | INFO     | app.engine.strategies.manager:evaluate:99 - strategy_manager: mean_reversion fired in regime=range: BB lower touch, RSI 33
2026-05-12 13:18:08.499 | INFO     | app.engine.strategies.manager:evaluate:99 - strategy_manager: mean_reversion fired in regime=range: BB lower touch, RSI 33
2026-05-12 13:18:13.746 | INFO     | app.engine.strategies.manager:evaluate:99 - strategy_manager: mean_reversion fired in regime=range: BB lower touch, RSI 33
2026-05-12 13:18:18.766 | INFO     | app.engine.strategies.manager:evaluate:99 - strategy_manager: mean_reversion fired in regime=range: BB lower touch, RSI 33
2026-05-12 13:18:23.786 | INFO     | app.engine.strategies.manager:evaluate:99 - strategy_manager: mean_reversion fired in regime=range: BB lower touch, RSI 33
2026-05-12 13:18:29.381 | INFO     | app.engine.strategies.manager:evaluate:99 - strategy_manager: mean_reversion fired in regime=range: BB lower touch, RSI 33
2026-05-12 13:18:34.621 | INFO     | app.engine.strategies.manager:evaluate:99 - strategy_manager: mean_reversion fired in regime=range: BB lower touch, RSI 33
2026-05-12 13:18:39.639 | INFO     | app.engine.strategies.manager:evaluate:99 - strategy_manager: mean_reversion fired in regime=range: BB lower touch, RSI 33
2026-05-12 13:18:44.659 | INFO     | app.engine.strategies.manager:evaluate:99 - strategy_manager: mean_reversion fired in regime=range: BB lower touch, RSI 33
2026-05-12 13:18:50.398 | INFO     | app.engine.strategies.manager:evaluate:99 - strategy_manager: mean_reversion fired in regime=range: BB lower touch, RSI 31
2026-05-12 13:18:55.613 | INFO     | app.engine.strategies.manager:evaluate:99 - strategy_manager: mean_reversion fired in regime=range: BB lower touch, RSI 31
2026-05-12 13:19:00.641 | INFO     | app.engine.strategies.manager:evaluate:99 - strategy_manager: mean_reversion fired in regime=range: BB lower touch, RSI 31
2026-05-12 13:19:05.672 | INFO     | app.engine.strategies.manager:evaluate:99 - strategy_manager: mean_reversion fired in regime=range: BB lower touch, RSI 31
2026-05-12 13:19:11.271 | INFO     | app.engine.strategies.manager:evaluate:99 - strategy_manager: mean_reversion fired in regime=range: BB lower touch, RSI 32
2026-05-12 13:19:16.490 | INFO     | app.engine.strategies.manager:evaluate:99 - strategy_manager: mean_reversion fired in regime=range: BB lower touch, RSI 32
2026-05-12 13:19:21.519 | INFO     | app.engine.strategies.manager:evaluate:99 - strategy_manager: mean_reversion fired in regime=range: BB lower touch, RSI 32
2026-05-12 13:19:26.540 | INFO     | app.engine.strategies.manager:evaluate:99 - strategy_manager: mean_reversion fired in regime=range: BB lower touch, RSI 32
2026-05-12 13:19:32.151 | INFO     | app.engine.strategies.manager:evaluate:99 - strategy_manager: mean_reversion fired in regime=range: BB lower touch, RSI 33
2026-05-12 13:19:37.395 | INFO     | app.engine.strategies.manager:evaluate:99 - strategy_manager: mean_reversion fired in regime=range: BB lower touch, RSI 33
2026-05-12 13:19:42.419 | INFO     | app.engine.strategies.manager:evaluate:99 - strategy_manager: mean_reversion fired in regime=range: BB lower touch, RSI 33
2026-05-12 13:19:47.438 | INFO     | app.engine.strategies.manager:evaluate:99 - strategy_manager: mean_reversion fired in regime=range: BB lower touch, RSI 33
2026-05-12 13:19:53.070 | INFO     | app.engine.strategies.manager:evaluate:99 - strategy_manager: mean_reversion fired in regime=range: BB lower touch, RSI 33
2026-05-12 13:19:58.281 | INFO     | app.engine.strategies.manager:evaluate:99 - strategy_manager: mean_reversion fired in regime=range: BB lower touch, RSI 33
2026-05-12 13:20:03.301 | INFO     | app.engine.strategies.manager:evaluate:99 - strategy_manager: mean_reversion fired in regime=range: BB lower touch, RSI 33
2026-05-12 13:20:08.322 | INFO     | app.engine.strategies.manager:evaluate:99 - strategy_manager: mean_reversion fired in regime=range: BB lower touch, RSI 33
2026-05-12 13:20:13.978 | INFO     | app.engine.strategies.manager:evaluate:99 - strategy_manager: mean_reversion fired in regime=range: BB lower touch, RSI 34
2026-05-12 13:20:19.186 | INFO     | app.engine.strategies.manager:evaluate:99 - strategy_manager: mean_reversion fired in regime=range: BB lower touch, RSI 34
2026-05-12 13:20:24.205 | INFO     | app.engine.strategies.manager:evaluate:99 - strategy_manager: mean_reversion fired in regime=range: BB lower touch, RSI 34
2026-05-12 13:20:29.225 | INFO     | app.engine.strategies.manager:evaluate:99 - strategy_manager: mean_reversion fired in regime=range: BB lower touch, RSI 34
2026-05-12 13:20:34.952 | INFO     | app.engine.strategies.manager:evaluate:99 - strategy_manager: mean_reversion fired in regime=range: BB lower touch, RSI 34
2026-05-12 13:20:40.185 | INFO     | app.engine.strategies.manager:evaluate:99 - strategy_manager: mean_reversion fired in regime=range: BB lower touch, RSI 34
2026-05-12 13:20:45.206 | INFO     | app.engine.strategies.manager:evaluate:99 - strategy_manager: mean_reversion fired in regime=range: BB lower touch, RSI 34
2026-05-12 13:20:50.231 | INFO     | app.engine.strategies.manager:evaluate:99 - strategy_manager: mean_reversion fired in regime=range: BB lower touch, RSI 34
2026-05-12 13:24:04.265 | INFO     | app.engine.strategies.manager:evaluate:99 - strategy_manager: mean_reversion fired in regime=range: BB lower touch, RSI 35
2026-05-12 13:24:09.498 | INFO     | app.engine.strategies.manager:evaluate:99 - strategy_manager: mean_reversion fired in regime=range: BB lower touch, RSI 35
2026-05-12 13:24:14.517 | INFO     | app.engine.strategies.manager:evaluate:99 - strategy_manager: mean_reversion fired in regime=range: BB lower touch, RSI 35
2026-05-12 13:24:19.537 | INFO     | app.engine.strategies.manager:evaluate:99 - strategy_manager: mean_reversion fired in regime=range: BB lower touch, RSI 35
2026-05-12 13:24:25.239 | INFO     | app.engine.strategies.manager:evaluate:99 - strategy_manager: grid fired in regime=range: grid buy at level 1 (660.5437)
2026-05-12 13:27:55.297 | INFO     | app.engine.strategies.manager:evaluate:99 - strategy_manager: grid fired in regime=range: grid buy at level 1 (660.5435)
2026-05-12 13:28:16.120 | INFO     | app.engine.strategies.manager:evaluate:99 - strategy_manager: mean_reversion fired in regime=range: BB lower touch, RSI 34
2026-05-12 13:28:21.348 | INFO     | app.engine.strategies.manager:evaluate:99 - strategy_manager: mean_reversion fired in regime=range: BB lower touch, RSI 34
2026-05-12 13:28:26.369 | INFO     | app.engine.strategies.manager:evaluate:99 - strategy_manager: mean_reversion fired in regime=range: BB lower touch, RSI 34
2026-05-12 13:28:31.388 | INFO     | app.engine.strategies.manager:evaluate:99 - strategy_manager: mean_reversion fired in regime=range: BB lower touch, RSI 34
2026-05-12 13:28:36.983 | INFO     | app.engine.strategies.manager:evaluate:99 - strategy_manager: mean_reversion fired in regime=range: BB lower touch, RSI 33
2026-05-12 13:28:42.207 | INFO     | app.engine.strategies.manager:evaluate:99 - strategy_manager: mean_reversion fired in regime=range: BB lower touch, RSI 33
2026-05-12 13:28:47.227 | INFO     | app.engine.strategies.manager:evaluate:99 - strategy_manager: mean_reversion fired in regime=range: BB lower touch, RSI 33
2026-05-12 13:28:52.245 | INFO     | app.engine.strategies.manager:evaluate:99 - strategy_manager: mean_reversion fired in regime=range: BB lower touch, RSI 33
2026-05-12 13:28:57.850 | INFO     | app.engine.strategies.manager:evaluate:99 - strategy_manager: mean_reversion fired in regime=range: BB lower touch, RSI 33
2026-05-12 13:29:03.120 | INFO     | app.engine.strategies.manager:evaluate:99 - strategy_manager: mean_reversion fired in regime=range: BB lower touch, RSI 33
2026-05-12 13:29:08.141 | INFO     | app.engine.strategies.manager:evaluate:99 - strategy_manager: mean_reversion fired in regime=range: BB lower touch, RSI 33
2026-05-12 13:29:13.160 | INFO     | app.engine.strategies.manager:evaluate:99 - strategy_manager: mean_reversion fired in regime=range: BB lower touch, RSI 33
2026-05-12 13:29:18.775 | INFO     | app.engine.strategies.manager:evaluate:99 - strategy_manager: mean_reversion fired in regime=range: BB lower touch, RSI 33
2026-05-12 13:29:24.000 | INFO     | app.engine.strategies.manager:evaluate:99 - strategy_manager: mean_reversion fired in regime=range: BB lower touch, RSI 33
2026-05-12 13:29:29.025 | INFO     | app.engine.strategies.manager:evaluate:99 - strategy_manager: mean_reversion fired in regime=range: BB lower touch, RSI 33
2026-05-12 13:29:34.043 | INFO     | app.engine.strategies.manager:evaluate:99 - strategy_manager: mean_reversion fired in regime=range: BB lower touch, RSI 33
2026-05-12 13:29:39.722 | INFO     | app.engine.strategies.manager:evaluate:99 - strategy_manager: mean_reversion fired in regime=range: BB lower touch, RSI 33
2026-05-12 13:29:44.938 | INFO     | app.engine.strategies.manager:evaluate:99 - strategy_manager: mean_reversion fired in regime=range: BB lower touch, RSI 33
2026-05-12 13:29:49.959 | INFO     | app.engine.strategies.manager:evaluate:99 - strategy_manager: mean_reversion fired in regime=range: BB lower touch, RSI 33
2026-05-12 13:29:54.977 | INFO     | app.engine.strategies.manager:evaluate:99 - strategy_manager: mean_reversion fired in regime=range: BB lower touch, RSI 33
2026-05-12 13:30:00.785 | INFO     | app.engine.strategies.manager:evaluate:99 - strategy_manager: mean_reversion fired in regime=range: BB lower touch, RSI 33
2026-05-12 13:30:06.502 | INFO     | app.engine.strategies.manager:evaluate:99 - strategy_manager: mean_reversion fired in regime=range: BB lower touch, RSI 33
2026-05-12 13:30:11.520 | INFO     | app.engine.strategies.manager:evaluate:99 - strategy_manager: mean_reversion fired in regime=range: BB lower touch, RSI 33
2026-05-12 13:30:16.538 | INFO     | app.engine.strategies.manager:evaluate:99 - strategy_manager: mean_reversion fired in regime=range: BB lower touch, RSI 33
2026-05-12 13:30:22.025 | INFO     | app.engine.strategies.manager:evaluate:99 - strategy_manager: mean_reversion fired in regime=range: BB lower touch, RSI 32
2026-05-12 13:30:27.046 | INFO     | app.engine.strategies.manager:evaluate:99 - strategy_manager: mean_reversion fired in regime=range: BB lower touch, RSI 32
2026-05-12 13:30:32.065 | INFO     | app.engine.strategies.manager:evaluate:99 - strategy_manager: mean_reversion fired in regime=range: BB lower touch, RSI 32
2026-05-12 13:30:37.084 | INFO     | app.engine.strategies.manager:evaluate:99 - strategy_manager: mean_reversion fired in regime=range: BB lower touch, RSI 32
2026-05-12 13:30:42.662 | INFO     | app.engine.strategies.manager:evaluate:99 - strategy_manager: mean_reversion fired in regime=range: BB lower touch, RSI 35
2026-05-12 13:30:47.874 | INFO     | app.engine.strategies.manager:evaluate:99 - strategy_manager: mean_reversion fired in regime=range: BB lower touch, RSI 35
2026-05-12 13:30:52.895 | INFO     | app.engine.strategies.manager:evaluate:99 - strategy_manager: mean_reversion fired in regime=range: BB lower touch, RSI 35
2026-05-12 13:30:57.914 | INFO     | app.engine.strategies.manager:evaluate:99 - strategy_manager: mean_reversion fired in regime=range: BB lower touch, RSI 35
2026-05-12 13:31:03.537 | INFO     | app.engine.strategies.manager:evaluate:99 - strategy_manager: grid fired in regime=range: grid buy at level 1 (660.4820)
2026-05-12 13:31:45.263 | INFO     | app.engine.strategies.manager:evaluate:99 - strategy_manager: mean_reversion fired in regime=range: BB lower touch, RSI 33
2026-05-12 13:31:50.501 | INFO     | app.engine.strategies.manager:evaluate:99 - strategy_manager: mean_reversion fired in regime=range: BB lower touch, RSI 33
2026-05-12 13:31:55.524 | INFO     | app.engine.strategies.manager:evaluate:99 - strategy_manager: mean_reversion fired in regime=range: BB lower touch, RSI 33
2026-05-12 13:32:00.543 | INFO     | app.engine.strategies.manager:evaluate:99 - strategy_manager: mean_reversion fired in regime=range: BB lower touch, RSI 33
2026-05-12 13:32:05.982 | INFO     | app.engine.strategies.manager:evaluate:99 - strategy_manager: mean_reversion fired in regime=range: BB lower touch, RSI 33
2026-05-12 13:32:11.205 | INFO     | app.engine.strategies.manager:evaluate:99 - strategy_manager: mean_reversion fired in regime=range: BB lower touch, RSI 33
2026-05-12 13:32:16.225 | INFO     | app.engine.strategies.manager:evaluate:99 - strategy_manager: mean_reversion fired in regime=range: BB lower touch, RSI 33
2026-05-12 13:32:21.243 | INFO     | app.engine.strategies.manager:evaluate:99 - strategy_manager: mean_reversion fired in regime=range: BB lower touch, RSI 33
2026-05-12 13:32:26.681 | INFO     | app.engine.strategies.manager:evaluate:99 - strategy_manager: mean_reversion fired in regime=range: BB lower touch, RSI 33
2026-05-12 13:32:31.908 | INFO     | app.engine.strategies.manager:evaluate:99 - strategy_manager: mean_reversion fired in regime=range: BB lower touch, RSI 33
2026-05-12 13:32:36.929 | INFO     | app.engine.strategies.manager:evaluate:99 - strategy_manager: mean_reversion fired in regime=range: BB lower touch, RSI 33
2026-05-12 13:32:41.950 | INFO     | app.engine.strategies.manager:evaluate:99 - strategy_manager: mean_reversion fired in regime=range: BB lower touch, RSI 33
2026-05-12 13:32:47.670 | INFO     | app.engine.strategies.manager:evaluate:99 - strategy_manager: mean_reversion fired in regime=range: BB lower touch, RSI 34
2026-05-12 13:32:52.877 | INFO     | app.engine.strategies.manager:evaluate:99 - strategy_manager: mean_reversion fired in regime=range: BB lower touch, RSI 34
2026-05-12 13:32:57.897 | INFO     | app.engine.strategies.manager:evaluate:99 - strategy_manager: mean_reversion fired in regime=range: BB lower touch, RSI 34
2026-05-12 13:33:02.915 | INFO     | app.engine.strategies.manager:evaluate:99 - strategy_manager: mean_reversion fired in regime=range: BB lower touch, RSI 34
2026-05-12 13:33:08.546 | INFO     | app.engine.strategies.manager:evaluate:99 - strategy_manager: mean_reversion fired in regime=range: BB lower touch, RSI 33
2026-05-12 13:33:13.750 | INFO     | app.engine.strategies.manager:evaluate:99 - strategy_manager: mean_reversion fired in regime=range: BB lower touch, RSI 33
2026-05-12 13:33:18.764 | INFO     | app.engine.strategies.manager:evaluate:99 - strategy_manager: mean_reversion fired in regime=range: BB lower touch, RSI 33
2026-05-12 13:33:23.776 | INFO     | app.engine.strategies.manager:evaluate:99 - strategy_manager: mean_reversion fired in regime=range: BB lower touch, RSI 33
2026-05-12 13:33:29.397 | INFO     | app.engine.strategies.manager:evaluate:99 - strategy_manager: mean_reversion fired in regime=range: BB lower touch, RSI 32
2026-05-12 13:33:34.637 | INFO     | app.engine.strategies.manager:evaluate:99 - strategy_manager: mean_reversion fired in regime=range: BB lower touch, RSI 32
2026-05-12 13:33:39.657 | INFO     | app.engine.strategies.manager:evaluate:99 - strategy_manager: mean_reversion fired in regime=range: BB lower touch, RSI 32
2026-05-12 13:33:44.677 | INFO     | app.engine.strategies.manager:evaluate:99 - strategy_manager: mean_reversion fired in regime=range: BB lower touch, RSI 32
2026-05-12 13:33:50.278 | INFO     | app.engine.strategies.manager:evaluate:99 - strategy_manager: mean_reversion fired in regime=range: BB lower touch, RSI 33
2026-05-12 13:33:55.494 | INFO     | app.engine.strategies.manager:evaluate:99 - strategy_manager: mean_reversion fired in regime=range: BB lower touch, RSI 33
2026-05-12 13:34:00.512 | INFO     | app.engine.strategies.manager:evaluate:99 - strategy_manager: mean_reversion fired in regime=range: BB lower touch, RSI 33
2026-05-12 13:34:05.532 | INFO     | app.engine.strategies.manager:evaluate:99 - strategy_manager: mean_reversion fired in regime=range: BB lower touch, RSI 33
2026-05-12 13:34:11.164 | INFO     | app.engine.strategies.manager:evaluate:99 - strategy_manager: mean_reversion fired in regime=range: BB lower touch, RSI 33
2026-05-12 13:34:16.372 | INFO     | app.engine.strategies.manager:evaluate:99 - strategy_manager: mean_reversion fired in regime=range: BB lower touch, RSI 33
2026-05-12 13:34:21.394 | INFO     | app.engine.strategies.manager:evaluate:99 - strategy_manager: mean_reversion fired in regime=range: BB lower touch, RSI 33
2026-05-12 13:34:26.418 | INFO     | app.engine.strategies.manager:evaluate:99 - strategy_manager: mean_reversion fired in regime=range: BB lower touch, RSI 33
2026-05-12 13:34:31.931 | INFO     | app.engine.strategies.manager:evaluate:99 - strategy_manager: mean_reversion fired in regime=range: BB lower touch, RSI 34
2026-05-12 13:34:37.146 | INFO     | app.engine.strategies.manager:evaluate:99 - strategy_manager: mean_reversion fired in regime=range: BB lower touch, RSI 34
2026-05-12 13:34:42.165 | INFO     | app.engine.strategies.manager:evaluate:99 - strategy_manager: mean_reversion fired in regime=range: BB lower touch, RSI 34
2026-05-12 13:34:47.183 | INFO     | app.engine.strategies.manager:evaluate:99 - strategy_manager: mean_reversion fired in regime=range: BB lower touch, RSI 34
2026-05-12 13:34:52.833 | INFO     | app.engine.strategies.manager:evaluate:99 - strategy_manager: mean_reversion fired in regime=range: BB lower touch, RSI 33
2026-05-12 13:34:58.104 | INFO     | app.engine.strategies.manager:evaluate:99 - strategy_manager: mean_reversion fired in regime=range: BB lower touch, RSI 33
2026-05-12 13:35:03.125 | INFO     | app.engine.strategies.manager:evaluate:99 - strategy_manager: mean_reversion fired in regime=range: BB lower touch, RSI 33
2026-05-12 13:35:08.143 | INFO     | app.engine.strategies.manager:evaluate:99 - strategy_manager: mean_reversion fired in regime=range: BB lower touch, RSI 33
2026-05-12 13:35:13.789 | INFO     | app.engine.strategies.manager:evaluate:99 - strategy_manager: mean_reversion fired in regime=range: BB lower touch, RSI 31
2026-05-12 13:35:18.996 | INFO     | app.engine.strategies.manager:evaluate:99 - strategy_manager: mean_reversion fired in regime=range: BB lower touch, RSI 31
2026-05-12 13:35:24.011 | INFO     | app.engine.strategies.manager:evaluate:99 - strategy_manager: mean_reversion fired in regime=range: BB lower touch, RSI 31
2026-05-12 13:35:29.021 | INFO     | app.engine.strategies.manager:evaluate:99 - strategy_manager: mean_reversion fired in regime=range: BB lower touch, RSI 31
2026-05-12 13:35:34.614 | INFO     | app.engine.strategies.manager:evaluate:99 - strategy_manager: mean_reversion fired in regime=range: BB lower touch, RSI 32
2026-05-12 13:35:39.843 | INFO     | app.engine.strategies.manager:evaluate:99 - strategy_manager: mean_reversion fired in regime=range: BB lower touch, RSI 32
2026-05-12 13:35:44.863 | INFO     | app.engine.strategies.manager:evaluate:99 - strategy_manager: mean_reversion fired in regime=range: BB lower touch, RSI 32
2026-05-12 13:35:49.883 | INFO     | app.engine.strategies.manager:evaluate:99 - strategy_manager: mean_reversion fired in regime=range: BB lower touch, RSI 32
2026-05-12 13:35:55.520 | INFO     | app.engine.strategies.manager:evaluate:99 - strategy_manager: mean_reversion fired in regime=range: BB lower touch, RSI 33
2026-05-12 13:36:00.738 | INFO     | app.engine.strategies.manager:evaluate:99 - strategy_manager: mean_reversion fired in regime=range: BB lower touch, RSI 33
2026-05-12 13:36:05.766 | INFO     | app.engine.strategies.manager:evaluate:99 - strategy_manager: mean_reversion fired in regime=range: BB lower touch, RSI 33
2026-05-12 13:36:10.786 | INFO     | app.engine.strategies.manager:evaluate:99 - strategy_manager: mean_reversion fired in regime=range: BB lower touch, RSI 33
2026-05-12 13:36:16.421 | INFO     | app.engine.strategies.manager:evaluate:99 - strategy_manager: mean_reversion fired in regime=range: BB lower touch, RSI 32
2026-05-12 13:36:21.442 | INFO     | app.engine.strategies.manager:evaluate:99 - strategy_manager: mean_reversion fired in regime=range: BB lower touch, RSI 32
2026-05-12 13:36:26.459 | INFO     | app.engine.strategies.manager:evaluate:99 - strategy_manager: mean_reversion fired in regime=range: BB lower touch, RSI 32
2026-05-12 13:36:31.477 | INFO     | app.engine.strategies.manager:evaluate:99 - strategy_manager: mean_reversion fired in regime=range: BB lower touch, RSI 32
2026-05-12 13:36:37.128 | INFO     | app.engine.strategies.manager:evaluate:99 - strategy_manager: mean_reversion fired in regime=range: BB lower touch, RSI 33
2026-05-12 13:36:42.148 | INFO     | app.engine.strategies.manager:evaluate:99 - strategy_manager: mean_reversion fired in regime=range: BB lower touch, RSI 33
2026-05-12 13:36:47.175 | INFO     | app.engine.strategies.manager:evaluate:99 - strategy_manager: mean_reversion fired in regime=range: BB lower touch, RSI 33
2026-05-12 13:36:52.194 | INFO     | app.engine.strategies.manager:evaluate:99 - strategy_manager: mean_reversion fired in regime=range: BB lower touch, RSI 33
2026-05-12 13:36:57.761 | INFO     | app.engine.strategies.manager:evaluate:99 - strategy_manager: mean_reversion fired in regime=range: BB lower touch, RSI 32
2026-05-12 13:37:02.986 | INFO     | app.engine.strategies.manager:evaluate:99 - strategy_manager: mean_reversion fired in regime=range: BB lower touch, RSI 32
2026-05-12 13:37:08.013 | INFO     | app.engine.strategies.manager:evaluate:99 - strategy_manager: mean_reversion fired in regime=range: BB lower touch, RSI 32
2026-05-12 13:37:13.031 | INFO     | app.engine.strategies.manager:evaluate:99 - strategy_manager: mean_reversion fired in regime=range: BB lower touch, RSI 32
2026-05-12 13:37:18.643 | INFO     | app.engine.strategies.manager:evaluate:99 - strategy_manager: mean_reversion fired in regime=range: BB lower touch, RSI 33
2026-05-12 13:37:23.890 | INFO     | app.engine.strategies.manager:evaluate:99 - strategy_manager: mean_reversion fired in regime=range: BB lower touch, RSI 33
2026-05-12 13:37:28.911 | INFO     | app.engine.strategies.manager:evaluate:99 - strategy_manager: mean_reversion fired in regime=range: BB lower touch, RSI 33
2026-05-12 13:37:33.930 | INFO     | app.engine.strategies.manager:evaluate:99 - strategy_manager: mean_reversion fired in regime=range: BB lower touch, RSI 33
2026-05-12 13:37:39.775 | INFO     | app.engine.strategies.manager:evaluate:99 - strategy_manager: mean_reversion fired in regime=range: BB lower touch, RSI 35
2026-05-12 13:37:45.106 | INFO     | app.engine.strategies.manager:evaluate:99 - strategy_manager: mean_reversion fired in regime=range: BB lower touch, RSI 35
2026-05-12 13:37:50.126 | INFO     | app.engine.strategies.manager:evaluate:99 - strategy_manager: mean_reversion fired in regime=range: BB lower touch, RSI 35
2026-05-12 13:37:55.146 | INFO     | app.engine.strategies.manager:evaluate:99 - strategy_manager: mean_reversion fired in regime=range: BB lower touch, RSI 35
2026-05-12 13:38:00.784 | INFO     | app.engine.strategies.manager:evaluate:99 - strategy_manager: mean_reversion fired in regime=range: BB lower touch, RSI 35
2026-05-12 13:38:05.992 | INFO     | app.engine.strategies.manager:evaluate:99 - strategy_manager: mean_reversion fired in regime=range: BB lower touch, RSI 35
2026-05-12 13:38:11.011 | INFO     | app.engine.strategies.manager:evaluate:99 - strategy_manager: mean_reversion fired in regime=range: BB lower touch, RSI 35
2026-05-12 13:38:16.029 | INFO     | app.engine.strategies.manager:evaluate:99 - strategy_manager: mean_reversion fired in regime=range: BB lower touch, RSI 35
2026-05-12 13:38:21.657 | INFO     | app.engine.strategies.manager:evaluate:99 - strategy_manager: mean_reversion fired in regime=range: BB lower touch, RSI 34
2026-05-12 13:38:26.676 | INFO     | app.engine.strategies.manager:evaluate:99 - strategy_manager: mean_reversion fired in regime=range: BB lower touch, RSI 34
2026-05-12 13:38:31.695 | INFO     | app.engine.strategies.manager:evaluate:99 - strategy_manager: mean_reversion fired in regime=range: BB lower touch, RSI 34
2026-05-12 13:38:36.721 | INFO     | app.engine.strategies.manager:evaluate:99 - strategy_manager: mean_reversion fired in regime=range: BB lower touch, RSI 34
2026-05-12 13:38:42.402 | INFO     | app.engine.strategies.manager:evaluate:99 - strategy_manager: mean_reversion fired in regime=range: BB lower touch, RSI 33
2026-05-12 13:38:47.423 | INFO     | app.engine.strategies.manager:evaluate:99 - strategy_manager: mean_reversion fired in regime=range: BB lower touch, RSI 33
2026-05-12 13:38:52.441 | INFO     | app.engine.strategies.manager:evaluate:99 - strategy_manager: mean_reversion fired in regime=range: BB lower touch, RSI 33
2026-05-12 13:38:57.457 | INFO     | app.engine.strategies.manager:evaluate:99 - strategy_manager: mean_reversion fired in regime=range: BB lower touch, RSI 33
2026-05-12 13:39:03.079 | INFO     | app.engine.strategies.manager:evaluate:99 - strategy_manager: mean_reversion fired in regime=range: BB lower touch, RSI 33
2026-05-12 13:39:08.282 | INFO     | app.engine.orchestrator:_run:166 - duration ended — closing open positions
2026-05-12 13:39:08.283 | INFO     | app.engine.orchestrator:_close_all_positions:478 - closing 1 open position(s): duration_ended
2026-05-12 15:41:31.799 | ERROR    | app.engine.data.market_data:fetch_ohlcv:83 - market_data fetch failed for BNBUSDT 5m: [Errno 8] nodename nor servname provided, or not known
2026-05-12 15:41:31.808 | ERROR    | app.engine.data.market_data:fetch_ohlcv:83 - market_data fetch failed for BNBUSDT 15m: [Errno 8] nodename nor servname provided, or not known
2026-05-12 15:41:31.811 | ERROR    | app.engine.data.market_data:fetch_ohlcv:83 - market_data fetch failed for BNBUSDT 1h: [Errno 8] nodename nor servname provided, or not known
2026-05-12 15:41:31.812 | ERROR    | app.engine.data.market_data:fetch_ohlcv:83 - market_data fetch failed for BNBUSDT 1m: [Errno 8] nodename nor servname provided, or not known
2026-05-12 15:41:36.834 | ERROR    | app.engine.data.market_data:fetch_ohlcv:83 - market_data fetch failed for BNBUSDT 1m: [Errno 8] nodename nor servname provided, or not known
2026-05-12 15:41:36.835 | ERROR    | app.engine.data.market_data:fetch_ohlcv:83 - market_data fetch failed for BNBUSDT 5m: [Errno 8] nodename nor servname provided, or not known
2026-05-12 15:41:36.836 | ERROR    | app.engine.data.market_data:fetch_ohlcv:83 - market_data fetch failed for BNBUSDT 1h: [Errno 8] nodename nor servname provided, or not known
2026-05-12 15:41:36.837 | ERROR    | app.engine.data.market_data:fetch_ohlcv:83 - market_data fetch failed for BNBUSDT 15m: [Errno 8] nodename nor servname provided, or not known
2026-05-12 15:41:41.865 | ERROR    | app.engine.data.market_data:fetch_ohlcv:83 - market_data fetch failed for BNBUSDT 1m: [Errno 8] nodename nor servname provided, or not known
2026-05-12 15:41:41.866 | ERROR    | app.engine.data.market_data:fetch_ohlcv:83 - market_data fetch failed for BNBUSDT 5m: [Errno 8] nodename nor servname provided, or not known
2026-05-12 15:41:41.867 | ERROR    | app.engine.data.market_data:fetch_ohlcv:83 - market_data fetch failed for BNBUSDT 15m: [Errno 8] nodename nor servname provided, or not known
2026-05-12 15:41:41.867 | ERROR    | app.engine.data.market_data:fetch_ohlcv:83 - market_data fetch failed for BNBUSDT 1h: [Errno 8] nodename nor servname provided, or not known
2026-05-12 15:41:43.237 | ERROR    | app.engine.data.market_data:fetch_ohlcv:83 - market_data fetch failed for BTCUSDT 1m: [Errno 8] nodename nor servname provided, or not known
2026-05-12 15:41:46.886 | ERROR    | app.engine.data.market_data:fetch_ohlcv:83 - market_data fetch failed for BNBUSDT 5m: [Errno 8] nodename nor servname provided, or not known
2026-05-12 15:41:46.887 | ERROR    | app.engine.data.market_data:fetch_ohlcv:83 - market_data fetch failed for BNBUSDT 1m: [Errno 8] nodename nor servname provided, or not known
2026-05-12 15:41:46.888 | ERROR    | app.engine.data.market_data:fetch_ohlcv:83 - market_data fetch failed for BNBUSDT 1h: [Errno 8] nodename nor servname provided, or not known
2026-05-12 15:41:46.889 | ERROR    | app.engine.data.market_data:fetch_ohlcv:83 - market_data fetch failed for BNBUSDT 15m: [Errno 8] nodename nor servname provided, or not known
2026-05-12 15:41:51.912 | ERROR    | app.engine.data.market_data:fetch_ohlcv:83 - market_data fetch failed for BNBUSDT 1m: [Errno 8] nodename nor servname provided, or not known
2026-05-12 15:41:51.917 | ERROR    | app.engine.data.market_data:fetch_ohlcv:83 - market_data fetch failed for BNBUSDT 5m: [Errno 8] nodename nor servname provided, or not known
2026-05-12 15:41:51.918 | ERROR    | app.engine.data.market_data:fetch_ohlcv:83 - market_data fetch failed for BNBUSDT 15m: [Errno 8] nodename nor servname provided, or not known
2026-05-12 15:41:51.918 | ERROR    | app.engine.data.market_data:fetch_ohlcv:83 - market_data fetch failed for BNBUSDT 1h: [Errno 8] nodename nor servname provided, or not known
2026-05-12 15:41:56.943 | ERROR    | app.engine.data.market_data:fetch_ohlcv:83 - market_data fetch failed for BNBUSDT 1m: [Errno 8] nodename nor servname provided, or not known
2026-05-12 15:41:56.944 | ERROR    | app.engine.data.market_data:fetch_ohlcv:83 - market_data fetch failed for BNBUSDT 5m: [Errno 8] nodename nor servname provided, or not known
2026-05-12 15:41:56.944 | ERROR    | app.engine.data.market_data:fetch_ohlcv:83 - market_data fetch failed for BNBUSDT 15m: [Errno 8] nodename nor servname provided, or not known
2026-05-12 15:41:56.945 | ERROR    | app.engine.data.market_data:fetch_ohlcv:83 - market_data fetch failed for BNBUSDT 1h: [Errno 8] nodename nor servname provided, or not known
2026-05-12 15:42:01.958 | ERROR    | app.engine.data.market_data:fetch_ohlcv:83 - market_data fetch failed for BNBUSDT 5m: [Errno 8] nodename nor servname provided, or not known
2026-05-12 15:42:01.959 | ERROR    | app.engine.data.market_data:fetch_ohlcv:83 - market_data fetch failed for BNBUSDT 1m: [Errno 8] nodename nor servname provided, or not known
2026-05-12 15:42:01.960 | ERROR    | app.engine.data.market_data:fetch_ohlcv:83 - market_data fetch failed for BNBUSDT 1h: [Errno 8] nodename nor servname provided, or not known
2026-05-12 15:42:01.961 | ERROR    | app.engine.data.market_data:fetch_ohlcv:83 - market_data fetch failed for BNBUSDT 15m: [Errno 8] nodename nor servname provided, or not known
2026-05-12 15:42:06.977 | ERROR    | app.engine.data.market_data:fetch_ohlcv:83 - market_data fetch failed for BNBUSDT 1m: [Errno 8] nodename nor servname provided, or not known
2026-05-12 15:42:06.979 | ERROR    | app.engine.data.market_data:fetch_ohlcv:83 - market_data fetch failed for BNBUSDT 5m: [Errno 8] nodename nor servname provided, or not known
2026-05-12 15:42:06.980 | ERROR    | app.engine.data.market_data:fetch_ohlcv:83 - market_data fetch failed for BNBUSDT 1h: [Errno 8] nodename nor servname provided, or not known
2026-05-12 15:42:06.981 | ERROR    | app.engine.data.market_data:fetch_ohlcv:83 - market_data fetch failed for BNBUSDT 15m: [Errno 8] nodename nor servname provided, or not known
2026-05-12 15:42:11.994 | ERROR    | app.engine.data.market_data:fetch_ohlcv:83 - market_data fetch failed for BNBUSDT 1m: [Errno 8] nodename nor servname provided, or not known
2026-05-12 15:42:11.995 | ERROR    | app.engine.data.market_data:fetch_ohlcv:83 - market_data fetch failed for BNBUSDT 5m: [Errno 8] nodename nor servname provided, or not known
2026-05-12 15:42:11.996 | ERROR    | app.engine.data.market_data:fetch_ohlcv:83 - market_data fetch failed for BNBUSDT 15m: [Errno 8] nodename nor servname provided, or not known
2026-05-12 15:42:11.998 | ERROR    | app.engine.data.market_data:fetch_ohlcv:83 - market_data fetch failed for BNBUSDT 1h: [Errno 8] nodename nor servname provided, or not known
2026-05-12 15:42:17.009 | ERROR    | app.engine.data.market_data:fetch_ohlcv:83 - market_data fetch failed for BNBUSDT 5m: [Errno 8] nodename nor servname provided, or not known
2026-05-12 15:42:17.011 | ERROR    | app.engine.data.market_data:fetch_ohlcv:83 - market_data fetch failed for BNBUSDT 1m: [Errno 8] nodename nor servname provided, or not known
2026-05-12 15:42:17.011 | ERROR    | app.engine.data.market_data:fetch_ohlcv:83 - market_data fetch failed for BNBUSDT 15m: [Errno 8] nodename nor servname provided, or not known
2026-05-12 15:42:17.012 | ERROR    | app.engine.data.market_data:fetch_ohlcv:83 - market_data fetch failed for BNBUSDT 1h: [Errno 8] nodename nor servname provided, or not known
2026-05-12 15:42:22.025 | ERROR    | app.engine.data.market_data:fetch_ohlcv:83 - market_data fetch failed for BNBUSDT 5m: [Errno 8] nodename nor servname provided, or not known
2026-05-12 15:42:22.026 | ERROR    | app.engine.data.market_data:fetch_ohlcv:83 - market_data fetch failed for BNBUSDT 1m: [Errno 8] nodename nor servname provided, or not known
2026-05-12 15:42:22.027 | ERROR    | app.engine.data.market_data:fetch_ohlcv:83 - market_data fetch failed for BNBUSDT 1h: [Errno 8] nodename nor servname provided, or not known
2026-05-12 15:42:22.027 | ERROR    | app.engine.data.market_data:fetch_ohlcv:83 - market_data fetch failed for BNBUSDT 15m: [Errno 8] nodename nor servname provided, or not known
2026-05-12 15:42:27.040 | ERROR    | app.engine.data.market_data:fetch_ohlcv:83 - market_data fetch failed for BNBUSDT 1m: [Errno 8] nodename nor servname provided, or not known
2026-05-12 15:42:27.042 | ERROR    | app.engine.data.market_data:fetch_ohlcv:83 - market_data fetch failed for BNBUSDT 5m: [Errno 8] nodename nor servname provided, or not known
2026-05-12 15:42:27.042 | ERROR    | app.engine.data.market_data:fetch_ohlcv:83 - market_data fetch failed for BNBUSDT 15m: [Errno 8] nodename nor servname provided, or not known
2026-05-12 15:42:27.043 | ERROR    | app.engine.data.market_data:fetch_ohlcv:83 - market_data fetch failed for BNBUSDT 1h: [Errno 8] nodename nor servname provided, or not known
2026-05-12 15:42:32.055 | ERROR    | app.engine.data.market_data:fetch_ohlcv:83 - market_data fetch failed for BNBUSDT 1m: [Errno 8] nodename nor servname provided, or not known
2026-05-12 15:42:32.056 | ERROR    | app.engine.data.market_data:fetch_ohlcv:83 - market_data fetch failed for BNBUSDT 5m: [Errno 8] nodename nor servname provided, or not known
2026-05-12 15:42:32.057 | ERROR    | app.engine.data.market_data:fetch_ohlcv:83 - market_data fetch failed for BNBUSDT 1h: [Errno 8] nodename nor servname provided, or not known
2026-05-12 15:42:32.058 | ERROR    | app.engine.data.market_data:fetch_ohlcv:83 - market_data fetch failed for BNBUSDT 15m: [Errno 8] nodename nor servname provided, or not known
2026-05-12 15:42:37.072 | ERROR    | app.engine.data.market_data:fetch_ohlcv:83 - market_data fetch failed for BNBUSDT 1m: [Errno 8] nodename nor servname provided, or not known
2026-05-12 15:42:37.074 | ERROR    | app.engine.data.market_data:fetch_ohlcv:83 - market_data fetch failed for BNBUSDT 15m: [Errno 8] nodename nor servname provided, or not known
2026-05-12 15:42:37.075 | ERROR    | app.engine.data.market_data:fetch_ohlcv:83 - market_data fetch failed for BNBUSDT 5m: [Errno 8] nodename nor servname provided, or not known
2026-05-12 15:42:37.075 | ERROR    | app.engine.data.market_data:fetch_ohlcv:83 - market_data fetch failed for BNBUSDT 1h: [Errno 8] nodename nor servname provided, or not known
2026-05-12 15:42:42.089 | ERROR    | app.engine.data.market_data:fetch_ohlcv:83 - market_data fetch failed for BNBUSDT 1m: [Errno 8] nodename nor servname provided, or not known
2026-05-12 15:42:42.091 | ERROR    | app.engine.data.market_data:fetch_ohlcv:83 - market_data fetch failed for BNBUSDT 5m: [Errno 8] nodename nor servname provided, or not known
2026-05-12 15:42:42.092 | ERROR    | app.engine.data.market_data:fetch_ohlcv:83 - market_data fetch failed for BNBUSDT 15m: [Errno 8] nodename nor servname provided, or not known
2026-05-12 15:42:42.093 | ERROR    | app.engine.data.market_data:fetch_ohlcv:83 - market_data fetch failed for BNBUSDT 1h: [Errno 8] nodename nor servname provided, or not known
2026-05-12 15:42:43.224 | ERROR    | app.engine.data.market_data:fetch_ohlcv:83 - market_data fetch failed for BTCUSDT 1m: [Errno 8] nodename nor servname provided, or not known
2026-05-12 15:42:47.106 | ERROR    | app.engine.data.market_data:fetch_ohlcv:83 - market_data fetch failed for BNBUSDT 1m: [Errno 8] nodename nor servname provided, or not known
2026-05-12 15:42:47.107 | ERROR    | app.engine.data.market_data:fetch_ohlcv:83 - market_data fetch failed for BNBUSDT 5m: [Errno 8] nodename nor servname provided, or not known
2026-05-12 15:42:47.108 | ERROR    | app.engine.data.market_data:fetch_ohlcv:83 - market_data fetch failed for BNBUSDT 15m: [Errno 8] nodename nor servname provided, or not known
2026-05-12 15:42:47.109 | ERROR    | app.engine.data.market_data:fetch_ohlcv:83 - market_data fetch failed for BNBUSDT 1h: [Errno 8] nodename nor servname provided, or not known
2026-05-12 15:42:52.123 | ERROR    | app.engine.data.market_data:fetch_ohlcv:83 - market_data fetch failed for BNBUSDT 5m: [Errno 8] nodename nor servname provided, or not known
2026-05-12 15:42:52.124 | ERROR    | app.engine.data.market_data:fetch_ohlcv:83 - market_data fetch failed for BNBUSDT 1m: [Errno 8] nodename nor servname provided, or not known
2026-05-12 15:42:52.125 | ERROR    | app.engine.data.market_data:fetch_ohlcv:83 - market_data fetch failed for BNBUSDT 15m: [Errno 8] nodename nor servname provided, or not known
2026-05-12 15:42:52.125 | ERROR    | app.engine.data.market_data:fetch_ohlcv:83 - market_data fetch failed for BNBUSDT 1h: [Errno 8] nodename nor servname provided, or not known
2026-05-12 15:42:57.141 | ERROR    | app.engine.data.market_data:fetch_ohlcv:83 - market_data fetch failed for BNBUSDT 1m: [Errno 8] nodename nor servname provided, or not known
2026-05-12 15:42:57.143 | ERROR    | app.engine.data.market_data:fetch_ohlcv:83 - market_data fetch failed for BNBUSDT 5m: [Errno 8] nodename nor servname provided, or not known
2026-05-12 15:42:57.143 | ERROR    | app.engine.data.market_data:fetch_ohlcv:83 - market_data fetch failed for BNBUSDT 15m: [Errno 8] nodename nor servname provided, or not known
2026-05-12 15:42:57.144 | ERROR    | app.engine.data.market_data:fetch_ohlcv:83 - market_data fetch failed for BNBUSDT 1h: [Errno 8] nodename nor servname provided, or not known
2026-05-12 15:43:02.158 | ERROR    | app.engine.data.market_data:fetch_ohlcv:83 - market_data fetch failed for BNBUSDT 1m: [Errno 8] nodename nor servname provided, or not known
2026-05-12 15:43:02.160 | ERROR    | app.engine.data.market_data:fetch_ohlcv:83 - market_data fetch failed for BNBUSDT 5m: [Errno 8] nodename nor servname provided, or not known
2026-05-12 15:43:02.161 | ERROR    | app.engine.data.market_data:fetch_ohlcv:83 - market_data fetch failed for BNBUSDT 15m: [Errno 8] nodename nor servname provided, or not known
2026-05-12 15:43:02.162 | ERROR    | app.engine.data.market_data:fetch_ohlcv:83 - market_data fetch failed for BNBUSDT 1h: [Errno 8] nodename nor servname provided, or not known
2026-05-12 15:43:07.176 | ERROR    | app.engine.data.market_data:fetch_ohlcv:83 - market_data fetch failed for BNBUSDT 1m: [Errno 8] nodename nor servname provided, or not known
2026-05-12 15:43:07.177 | ERROR    | app.engine.data.market_data:fetch_ohlcv:83 - market_data fetch failed for BNBUSDT 5m: [Errno 8] nodename nor servname provided, or not known
2026-05-12 15:43:07.178 | ERROR    | app.engine.data.market_data:fetch_ohlcv:83 - market_data fetch failed for BNBUSDT 15m: [Errno 8] nodename nor servname provided, or not known
2026-05-12 15:43:07.179 | ERROR    | app.engine.data.market_data:fetch_ohlcv:83 - market_data fetch failed for BNBUSDT 1h: [Errno 8] nodename nor servname provided, or not known
2026-05-12 15:43:12.194 | ERROR    | app.engine.data.market_data:fetch_ohlcv:83 - market_data fetch failed for BNBUSDT 1m: [Errno 8] nodename nor servname provided, or not known
2026-05-12 15:43:12.195 | ERROR    | app.engine.data.market_data:fetch_ohlcv:83 - market_data fetch failed for BNBUSDT 5m: [Errno 8] nodename nor servname provided, or not known
2026-05-12 15:43:12.196 | ERROR    | app.engine.data.market_data:fetch_ohlcv:83 - market_data fetch failed for BNBUSDT 15m: [Errno 8] nodename nor servname provided, or not known
2026-05-12 15:43:12.197 | ERROR    | app.engine.data.market_data:fetch_ohlcv:83 - market_data fetch failed for BNBUSDT 1h: [Errno 8] nodename nor servname provided, or not known
2026-05-12 15:43:17.212 | ERROR    | app.engine.data.market_data:fetch_ohlcv:83 - market_data fetch failed for BNBUSDT 1m: [Errno 8] nodename nor servname provided, or not known
2026-05-12 15:43:17.214 | ERROR    | app.engine.data.market_data:fetch_ohlcv:83 - market_data fetch failed for BNBUSDT 5m: [Errno 8] nodename nor servname provided, or not known
2026-05-12 15:43:17.215 | ERROR    | app.engine.data.market_data:fetch_ohlcv:83 - market_data fetch failed for BNBUSDT 15m: [Errno 8] nodename nor servname provided, or not known
2026-05-12 15:43:17.216 | ERROR    | app.engine.data.market_data:fetch_ohlcv:83 - market_data fetch failed for BNBUSDT 1h: [Errno 8] nodename nor servname provided, or not known
2026-05-12 15:43:22.232 | ERROR    | app.engine.data.market_data:fetch_ohlcv:83 - market_data fetch failed for BNBUSDT 5m: [Errno 8] nodename nor servname provided, or not known
2026-05-12 15:43:22.234 | ERROR    | app.engine.data.market_data:fetch_ohlcv:83 - market_data fetch failed for BNBUSDT 1m: [Errno 8] nodename nor servname provided, or not known
2026-05-12 15:43:22.235 | ERROR    | app.engine.data.market_data:fetch_ohlcv:83 - market_data fetch failed for BNBUSDT 15m: [Errno 8] nodename nor servname provided, or not known
2026-05-12 15:43:22.235 | ERROR    | app.engine.data.market_data:fetch_ohlcv:83 - market_data fetch failed for BNBUSDT 1h: [Errno 8] nodename nor servname provided, or not known
2026-05-12 15:43:27.250 | ERROR    | app.engine.data.market_data:fetch_ohlcv:83 - market_data fetch failed for BNBUSDT 5m: [Errno 8] nodename nor servname provided, or not known
2026-05-12 15:43:27.251 | ERROR    | app.engine.data.market_data:fetch_ohlcv:83 - market_data fetch failed for BNBUSDT 1m: [Errno 8] nodename nor servname provided, or not known
2026-05-12 15:43:27.252 | ERROR    | app.engine.data.market_data:fetch_ohlcv:83 - market_data fetch failed for BNBUSDT 15m: [Errno 8] nodename nor servname provided, or not known
2026-05-12 15:43:27.253 | ERROR    | app.engine.data.market_data:fetch_ohlcv:83 - market_data fetch failed for BNBUSDT 1h: [Errno 8] nodename nor servname provided, or not known
2026-05-12 15:43:32.266 | ERROR    | app.engine.data.market_data:fetch_ohlcv:83 - market_data fetch failed for BNBUSDT 1m: [Errno 8] nodename nor servname provided, or not known
2026-05-12 15:43:32.268 | ERROR    | app.engine.data.market_data:fetch_ohlcv:83 - market_data fetch failed for BNBUSDT 5m: [Errno 8] nodename nor servname provided, or not known
2026-05-12 15:43:32.269 | ERROR    | app.engine.data.market_data:fetch_ohlcv:83 - market_data fetch failed for BNBUSDT 15m: [Errno 8] nodename nor servname provided, or not known
2026-05-12 15:43:32.269 | ERROR    | app.engine.data.market_data:fetch_ohlcv:83 - market_data fetch failed for BNBUSDT 1h: [Errno 8] nodename nor servname provided, or not known
2026-05-12 15:43:37.284 | ERROR    | app.engine.data.market_data:fetch_ohlcv:83 - market_data fetch failed for BNBUSDT 1m: [Errno 8] nodename nor servname provided, or not known
2026-05-12 15:43:37.285 | ERROR    | app.engine.data.market_data:fetch_ohlcv:83 - market_data fetch failed for BNBUSDT 5m: [Errno 8] nodename nor servname provided, or not known
2026-05-12 15:43:37.286 | ERROR    | app.engine.data.market_data:fetch_ohlcv:83 - market_data fetch failed for BNBUSDT 15m: [Errno 8] nodename nor servname provided, or not known
2026-05-12 15:43:37.286 | ERROR    | app.engine.data.market_data:fetch_ohlcv:83 - market_data fetch failed for BNBUSDT 1h: [Errno 8] nodename nor servname provided, or not known
2026-05-12 15:43:42.314 | ERROR    | app.engine.data.market_data:fetch_ohlcv:83 - market_data fetch failed for BNBUSDT 1m: [Errno 8] nodename nor servname provided, or not known
2026-05-12 15:43:42.318 | ERROR    | app.engine.data.market_data:fetch_ohlcv:83 - market_data fetch failed for BNBUSDT 5m: [Errno 8] nodename nor servname provided, or not known
2026-05-12 15:43:42.319 | ERROR    | app.engine.data.market_data:fetch_ohlcv:83 - market_data fetch failed for BNBUSDT 15m: [Errno 8] nodename nor servname provided, or not known
2026-05-12 15:43:42.319 | ERROR    | app.engine.data.market_data:fetch_ohlcv:83 - market_data fetch failed for BNBUSDT 1h: [Errno 8] nodename nor servname provided, or not known
2026-05-12 15:43:43.220 | ERROR    | app.engine.data.market_data:fetch_ohlcv:83 - market_data fetch failed for BTCUSDT 1m: [Errno 8] nodename nor servname provided, or not known
2026-05-12 15:43:47.352 | ERROR    | app.engine.data.market_data:fetch_ohlcv:83 - market_data fetch failed for BNBUSDT 1m: [Errno 8] nodename nor servname provided, or not known
2026-05-12 15:43:47.355 | ERROR    | app.engine.data.market_data:fetch_ohlcv:83 - market_data fetch failed for BNBUSDT 5m: [Errno 8] nodename nor servname provided, or not known
2026-05-12 15:43:47.355 | ERROR    | app.engine.data.market_data:fetch_ohlcv:83 - market_data fetch failed for BNBUSDT 15m: [Errno 8] nodename nor servname provided, or not known
2026-05-12 15:43:47.356 | ERROR    | app.engine.data.market_data:fetch_ohlcv:83 - market_data fetch failed for BNBUSDT 1h: [Errno 8] nodename nor servname provided, or not known
2026-05-12 15:43:52.394 | ERROR    | app.engine.data.market_data:fetch_ohlcv:83 - market_data fetch failed for BNBUSDT 5m: [Errno 8] nodename nor servname provided, or not known
2026-05-12 15:43:52.399 | ERROR    | app.engine.data.market_data:fetch_ohlcv:83 - market_data fetch failed for BNBUSDT 1m: [Errno 8] nodename nor servname provided, or not known
2026-05-12 15:43:52.400 | ERROR    | app.engine.data.market_data:fetch_ohlcv:83 - market_data fetch failed for BNBUSDT 15m: [Errno 8] nodename nor servname provided, or not known
2026-05-12 15:43:52.400 | ERROR    | app.engine.data.market_data:fetch_ohlcv:83 - market_data fetch failed for BNBUSDT 1h: [Errno 8] nodename nor servname provided, or not known
2026-05-12 15:44:07.447 | ERROR    | app.engine.data.market_data:fetch_ohlcv:83 - market_data fetch failed for BNBUSDT 1m: 
2026-05-12 15:44:07.457 | ERROR    | app.engine.data.market_data:fetch_ohlcv:83 - market_data fetch failed for BNBUSDT 5m: 
2026-05-12 15:44:07.458 | ERROR    | app.engine.data.market_data:fetch_ohlcv:83 - market_data fetch failed for BNBUSDT 15m: 
2026-05-12 15:44:07.458 | ERROR    | app.engine.data.market_data:fetch_ohlcv:83 - market_data fetch failed for BNBUSDT 1h: 
2026-05-12 15:44:22.490 | ERROR    | app.engine.data.market_data:fetch_ohlcv:83 - market_data fetch failed for BNBUSDT 1m: 
2026-05-12 15:44:22.492 | ERROR    | app.engine.data.market_data:fetch_ohlcv:83 - market_data fetch failed for BNBUSDT 5m: 
2026-05-12 15:44:22.492 | ERROR    | app.engine.data.market_data:fetch_ohlcv:83 - market_data fetch failed for BNBUSDT 15m: 
2026-05-12 15:44:22.493 | ERROR    | app.engine.data.market_data:fetch_ohlcv:83 - market_data fetch failed for BNBUSDT 1h: 
2026-05-12 15:44:37.515 | ERROR    | app.engine.data.market_data:fetch_ohlcv:83 - market_data fetch failed for BNBUSDT 1m: 
2026-05-12 15:44:37.523 | ERROR    | app.engine.data.market_data:fetch_ohlcv:83 - market_data fetch failed for BNBUSDT 5m: 
2026-05-12 15:44:37.523 | ERROR    | app.engine.data.market_data:fetch_ohlcv:83 - market_data fetch failed for BNBUSDT 15m: 
2026-05-12 15:44:37.524 | ERROR    | app.engine.data.market_data:fetch_ohlcv:83 - market_data fetch failed for BNBUSDT 1h: 
2026-05-12 15:44:52.549 | ERROR    | app.engine.data.market_data:fetch_ohlcv:83 - market_data fetch failed for BNBUSDT 1m: 
2026-05-12 15:44:52.553 | ERROR    | app.engine.data.market_data:fetch_ohlcv:83 - market_data fetch failed for BNBUSDT 5m: 
2026-05-12 15:44:52.554 | ERROR    | app.engine.data.market_data:fetch_ohlcv:83 - market_data fetch failed for BNBUSDT 15m: 
2026-05-12 15:44:52.555 | ERROR    | app.engine.data.market_data:fetch_ohlcv:83 - market_data fetch failed for BNBUSDT 1h: 
2026-05-12 15:44:53.220 | ERROR    | app.engine.data.market_data:fetch_ohlcv:83 - market_data fetch failed for BTCUSDT 1m: 
2026-05-12 15:45:07.587 | ERROR    | app.engine.data.market_data:fetch_ohlcv:83 - market_data fetch failed for BNBUSDT 1m: 
2026-05-12 15:45:07.591 | ERROR    | app.engine.data.market_data:fetch_ohlcv:83 - market_data fetch failed for BNBUSDT 5m: 
2026-05-12 15:45:07.592 | ERROR    | app.engine.data.market_data:fetch_ohlcv:83 - market_data fetch failed for BNBUSDT 15m: 
2026-05-12 15:45:07.594 | ERROR    | app.engine.data.market_data:fetch_ohlcv:83 - market_data fetch failed for BNBUSDT 1h: 
2026-05-12 15:45:21.164 | ERROR    | app.engine.data.market_data:fetch_ohlcv:83 - market_data fetch failed for BNBUSDT 5m: [Errno 8] nodename nor servname provided, or not known
2026-05-12 15:45:21.172 | ERROR    | app.engine.data.market_data:fetch_ohlcv:83 - market_data fetch failed for BNBUSDT 1m: [Errno 8] nodename nor servname provided, or not known
2026-05-12 15:45:21.174 | ERROR    | app.engine.data.market_data:fetch_ohlcv:83 - market_data fetch failed for BNBUSDT 1h: [Errno 8] nodename nor servname provided, or not known
2026-05-12 15:45:21.175 | ERROR    | app.engine.data.market_data:fetch_ohlcv:83 - market_data fetch failed for BNBUSDT 15m: [Errno 8] nodename nor servname provided, or not known
2026-05-12 15:45:26.248 | ERROR    | app.engine.data.market_data:fetch_ohlcv:83 - market_data fetch failed for BNBUSDT 5m: [Errno 8] nodename nor servname provided, or not known
2026-05-12 15:45:26.258 | ERROR    | app.engine.data.market_data:fetch_ohlcv:83 - market_data fetch failed for BNBUSDT 1m: [Errno 8] nodename nor servname provided, or not known
2026-05-12 15:45:26.259 | ERROR    | app.engine.data.market_data:fetch_ohlcv:83 - market_data fetch failed for BNBUSDT 1h: [Errno 8] nodename nor servname provided, or not known
2026-05-12 15:45:26.259 | ERROR    | app.engine.data.market_data:fetch_ohlcv:83 - market_data fetch failed for BNBUSDT 15m: [Errno 8] nodename nor servname provided, or not known
2026-05-12 15:45:31.322 | ERROR    | app.engine.data.market_data:fetch_ohlcv:83 - market_data fetch failed for BNBUSDT 1m: [Errno 8] nodename nor servname provided, or not known
2026-05-12 15:45:31.327 | ERROR    | app.engine.data.market_data:fetch_ohlcv:83 - market_data fetch failed for BNBUSDT 5m: [Errno 8] nodename nor servname provided, or not known
2026-05-12 15:45:31.328 | ERROR    | app.engine.data.market_data:fetch_ohlcv:83 - market_data fetch failed for BNBUSDT 15m: [Errno 8] nodename nor servname provided, or not known
2026-05-12 15:45:31.328 | ERROR    | app.engine.data.market_data:fetch_ohlcv:83 - market_data fetch failed for BNBUSDT 1h: [Errno 8] nodename nor servname provided, or not known
2026-05-12 15:45:36.355 | ERROR    | app.engine.data.market_data:fetch_ohlcv:83 - market_data fetch failed for BNBUSDT 5m: [Errno 8] nodename nor servname provided, or not known
2026-05-12 15:45:36.357 | ERROR    | app.engine.data.market_data:fetch_ohlcv:83 - market_data fetch failed for BNBUSDT 1m: [Errno 8] nodename nor servname provided, or not known
2026-05-12 15:45:36.359 | ERROR    | app.engine.data.market_data:fetch_ohlcv:83 - market_data fetch failed for BNBUSDT 15m: [Errno 8] nodename nor servname provided, or not known
2026-05-12 15:45:36.360 | ERROR    | app.engine.data.market_data:fetch_ohlcv:83 - market_data fetch failed for BNBUSDT 1h: [Errno 8] nodename nor servname provided, or not known
2026-05-12 15:45:41.389 | ERROR    | app.engine.data.market_data:fetch_ohlcv:83 - market_data fetch failed for BNBUSDT 5m: [Errno 8] nodename nor servname provided, or not known
2026-05-12 15:45:41.394 | ERROR    | app.engine.data.market_data:fetch_ohlcv:83 - market_data fetch failed for BNBUSDT 1m: [Errno 8] nodename nor servname provided, or not known
2026-05-12 15:45:41.395 | ERROR    | app.engine.data.market_data:fetch_ohlcv:83 - market_data fetch failed for BNBUSDT 15m: [Errno 8] nodename nor servname provided, or not known
2026-05-12 15:45:41.395 | ERROR    | app.engine.data.market_data:fetch_ohlcv:83 - market_data fetch failed for BNBUSDT 1h: [Errno 8] nodename nor servname provided, or not known
2026-05-12 15:45:43.225 | ERROR    | app.engine.data.market_data:fetch_ohlcv:83 - market_data fetch failed for BTCUSDT 1m: [Errno 8] nodename nor servname provided, or not known
2026-05-12 15:45:46.416 | ERROR    | app.engine.data.market_data:fetch_ohlcv:83 - market_data fetch failed for BNBUSDT 5m: [Errno 8] nodename nor servname provided, or not known
2026-05-12 15:45:46.417 | ERROR    | app.engine.data.market_data:fetch_ohlcv:83 - market_data fetch failed for BNBUSDT 1m: [Errno 8] nodename nor servname provided, or not known
2026-05-12 15:45:46.419 | ERROR    | app.engine.data.market_data:fetch_ohlcv:83 - market_data fetch failed for BNBUSDT 15m: [Errno 8] nodename nor servname provided, or not known
2026-05-12 15:45:46.420 | ERROR    | app.engine.data.market_data:fetch_ohlcv:83 - market_data fetch failed for BNBUSDT 1h: [Errno 8] nodename nor servname provided, or not known
2026-05-12 15:45:51.440 | ERROR    | app.engine.data.market_data:fetch_ohlcv:83 - market_data fetch failed for BNBUSDT 1m: [Errno 8] nodename nor servname provided, or not known
2026-05-12 15:45:51.442 | ERROR    | app.engine.data.market_data:fetch_ohlcv:83 - market_data fetch failed for BNBUSDT 5m: [Errno 8] nodename nor servname provided, or not known
2026-05-12 15:45:51.442 | ERROR    | app.engine.data.market_data:fetch_ohlcv:83 - market_data fetch failed for BNBUSDT 15m: [Errno 8] nodename nor servname provided, or not known
2026-05-12 15:45:51.443 | ERROR    | app.engine.data.market_data:fetch_ohlcv:83 - market_data fetch failed for BNBUSDT 1h: [Errno 8] nodename nor servname provided, or not known
2026-05-12 15:48:34.262 | ERROR    | app.engine.data.market_data:fetch_ohlcv:83 - market_data fetch failed for BNBUSDT 5m: 
2026-05-12 15:48:34.271 | ERROR    | app.engine.data.market_data:fetch_ohlcv:83 - market_data fetch failed for BNBUSDT 15m: 
2026-05-12 15:48:34.271 | ERROR    | app.engine.data.market_data:fetch_ohlcv:83 - market_data fetch failed for BNBUSDT 1h: 
2026-05-12 15:48:34.272 | ERROR    | app.engine.data.market_data:fetch_ohlcv:83 - market_data fetch failed for BNBUSDT 1m: 
2026-05-12 15:48:49.302 | ERROR    | app.engine.data.market_data:fetch_ohlcv:83 - market_data fetch failed for BNBUSDT 1m: 
2026-05-12 15:48:49.315 | ERROR    | app.engine.data.market_data:fetch_ohlcv:83 - market_data fetch failed for BNBUSDT 5m: 
2026-05-12 15:48:49.315 | ERROR    | app.engine.data.market_data:fetch_ohlcv:83 - market_data fetch failed for BNBUSDT 15m: 
2026-05-12 15:48:49.316 | ERROR    | app.engine.data.market_data:fetch_ohlcv:83 - market_data fetch failed for BNBUSDT 1h: 
2026-05-12 15:48:53.276 | ERROR    | app.engine.data.market_data:fetch_ohlcv:83 - market_data fetch failed for BTCUSDT 1m: 
2026-05-13 12:26:17.549 | WARNING  | app.engine.ai.lstm:load:50 - torch not installed — LSTM disabled. `pip install torch` to enable.
2026-05-13 12:26:17.550 | WARNING  | app.engine.ai.confirmation:__init__:36 - AI is enabled but no models are loaded. Train via scripts/train_ai.py. AI will pass through (not block) signals until trained.
2026-05-13 12:58:35.616 | WARNING  | app.engine.ai.lstm:load:50 - torch not installed — LSTM disabled. `pip install torch` to enable.
2026-05-13 12:58:35.616 | WARNING  | app.engine.ai.confirmation:__init__:36 - AI is enabled but no models are loaded. Train via scripts/train_ai.py. AI will pass through (not block) signals until trained.
2026-05-13 12:58:53.202 | WARNING  | app.engine.ai.lstm:load:50 - torch not installed — LSTM disabled. `pip install torch` to enable.
2026-05-13 12:58:53.203 | WARNING  | app.engine.ai.confirmation:__init__:36 - AI is enabled but no models are loaded. Train via scripts/train_ai.py. AI will pass through (not block) signals until trained.
2026-05-13 13:03:30.746 | INFO     | app.engine.window:create:140 - window created 56f6c56e duration=3600s deploy<=100.0
2026-05-13 13:03:31.339 | WARNING  | app.engine.strategies.manager:evaluate:104 - strategy smart_trend raised: The truth value of a DataFrame is ambiguous. Use a.empty, a.bool(), a.item(), a.any() or a.all().
2026-05-13 13:03:31.347 | INFO     | app.engine.strategies.manager:evaluate:110 - strategy_manager: vwap fired in regime=trend_up conf=0.60 (perf×1.00): price near VWAP 678.5673 in uptrend
2026-05-13 13:03:36.376 | WARNING  | app.engine.strategies.manager:evaluate:104 - strategy smart_trend raised: The truth value of a DataFrame is ambiguous. Use a.empty, a.bool(), a.item(), a.any() or a.all().
2026-05-13 13:03:36.384 | INFO     | app.engine.strategies.manager:evaluate:110 - strategy_manager: vwap fired in regime=trend_up conf=0.60 (perf×1.00): price near VWAP 678.5673 in uptrend
2026-05-13 13:03:41.401 | WARNING  | app.engine.strategies.manager:evaluate:104 - strategy smart_trend raised: The truth value of a DataFrame is ambiguous. Use a.empty, a.bool(), a.item(), a.any() or a.all().
2026-05-13 13:03:41.408 | INFO     | app.engine.strategies.manager:evaluate:110 - strategy_manager: vwap fired in regime=trend_up conf=0.60 (perf×1.00): price near VWAP 678.5673 in uptrend
2026-05-13 13:03:46.427 | WARNING  | app.engine.strategies.manager:evaluate:104 - strategy smart_trend raised: The truth value of a DataFrame is ambiguous. Use a.empty, a.bool(), a.item(), a.any() or a.all().
2026-05-13 13:03:46.435 | INFO     | app.engine.strategies.manager:evaluate:110 - strategy_manager: vwap fired in regime=trend_up conf=0.60 (perf×1.00): price near VWAP 678.5673 in uptrend
2026-05-13 13:03:51.494 | INFO     | app.engine.orchestrator:extend_window:159 - window 56f6c56e extended by 900s
2026-05-13 13:03:51.746 | WARNING  | app.engine.strategies.manager:evaluate:104 - strategy smart_trend raised: The truth value of a DataFrame is ambiguous. Use a.empty, a.bool(), a.item(), a.any() or a.all().
2026-05-13 13:03:51.756 | INFO     | app.engine.strategies.manager:evaluate:110 - strategy_manager: vwap fired in regime=trend_up conf=0.60 (perf×1.00): price near VWAP 678.5670 in uptrend
2026-05-13 13:03:56.774 | WARNING  | app.engine.strategies.manager:evaluate:104 - strategy smart_trend raised: The truth value of a DataFrame is ambiguous. Use a.empty, a.bool(), a.item(), a.any() or a.all().
2026-05-13 13:03:56.782 | INFO     | app.engine.strategies.manager:evaluate:110 - strategy_manager: vwap fired in regime=trend_up conf=0.60 (perf×1.00): price near VWAP 678.5670 in uptrend
2026-05-13 13:04:01.803 | WARNING  | app.engine.strategies.manager:evaluate:104 - strategy smart_trend raised: The truth value of a DataFrame is ambiguous. Use a.empty, a.bool(), a.item(), a.any() or a.all().
2026-05-13 13:04:01.810 | INFO     | app.engine.strategies.manager:evaluate:110 - strategy_manager: vwap fired in regime=trend_up conf=0.60 (perf×1.00): price near VWAP 678.5670 in uptrend
2026-05-13 13:04:03.601 | INFO     | app.engine.window:create:140 - window created 7244de28 duration=3600s deploy<=100.0
2026-05-13 13:04:03.618 | WARNING  | app.engine.strategies.manager:evaluate:104 - strategy smart_trend raised: The truth value of a DataFrame is ambiguous. Use a.empty, a.bool(), a.item(), a.any() or a.all().
2026-05-13 13:04:03.626 | INFO     | app.engine.strategies.manager:evaluate:110 - strategy_manager: vwap fired in regime=trend_up conf=0.60 (perf×1.00): price near VWAP 678.5670 in uptrend
2026-05-13 13:04:06.828 | WARNING  | app.engine.strategies.manager:evaluate:104 - strategy smart_trend raised: The truth value of a DataFrame is ambiguous. Use a.empty, a.bool(), a.item(), a.any() or a.all().
2026-05-13 13:04:06.836 | INFO     | app.engine.strategies.manager:evaluate:110 - strategy_manager: vwap fired in regime=trend_up conf=0.60 (perf×1.00): price near VWAP 678.5670 in uptrend
2026-05-13 13:04:08.643 | WARNING  | app.engine.strategies.manager:evaluate:104 - strategy smart_trend raised: The truth value of a DataFrame is ambiguous. Use a.empty, a.bool(), a.item(), a.any() or a.all().
2026-05-13 13:04:08.651 | INFO     | app.engine.strategies.manager:evaluate:110 - strategy_manager: vwap fired in regime=trend_up conf=0.60 (perf×1.00): price near VWAP 678.5670 in uptrend
2026-05-13 13:04:12.086 | WARNING  | app.engine.strategies.manager:evaluate:104 - strategy smart_trend raised: The truth value of a DataFrame is ambiguous. Use a.empty, a.bool(), a.item(), a.any() or a.all().
2026-05-13 13:04:12.092 | INFO     | app.engine.strategies.manager:evaluate:110 - strategy_manager: vwap fired in regime=trend_up conf=0.60 (perf×1.00): price near VWAP 678.5658 in uptrend
2026-05-13 13:04:13.667 | WARNING  | app.engine.strategies.manager:evaluate:104 - strategy smart_trend raised: The truth value of a DataFrame is ambiguous. Use a.empty, a.bool(), a.item(), a.any() or a.all().
2026-05-13 13:04:13.675 | INFO     | app.engine.strategies.manager:evaluate:110 - strategy_manager: vwap fired in regime=trend_up conf=0.60 (perf×1.00): price near VWAP 678.5658 in uptrend
2026-05-13 13:04:17.108 | WARNING  | app.engine.strategies.manager:evaluate:104 - strategy smart_trend raised: The truth value of a DataFrame is ambiguous. Use a.empty, a.bool(), a.item(), a.any() or a.all().
2026-05-13 13:04:17.117 | INFO     | app.engine.strategies.manager:evaluate:110 - strategy_manager: vwap fired in regime=trend_up conf=0.60 (perf×1.00): price near VWAP 678.5658 in uptrend
2026-05-13 13:04:18.692 | WARNING  | app.engine.strategies.manager:evaluate:104 - strategy smart_trend raised: The truth value of a DataFrame is ambiguous. Use a.empty, a.bool(), a.item(), a.any() or a.all().
2026-05-13 13:04:18.701 | INFO     | app.engine.strategies.manager:evaluate:110 - strategy_manager: vwap fired in regime=trend_up conf=0.60 (perf×1.00): price near VWAP 678.5658 in uptrend
2026-05-13 13:04:22.141 | WARNING  | app.engine.strategies.manager:evaluate:104 - strategy smart_trend raised: The truth value of a DataFrame is ambiguous. Use a.empty, a.bool(), a.item(), a.any() or a.all().
2026-05-13 13:04:22.150 | INFO     | app.engine.strategies.manager:evaluate:110 - strategy_manager: vwap fired in regime=trend_up conf=0.60 (perf×1.00): price near VWAP 678.5658 in uptrend
2026-05-13 13:04:23.717 | WARNING  | app.engine.strategies.manager:evaluate:104 - strategy smart_trend raised: The truth value of a DataFrame is ambiguous. Use a.empty, a.bool(), a.item(), a.any() or a.all().
2026-05-13 13:04:23.725 | INFO     | app.engine.strategies.manager:evaluate:110 - strategy_manager: vwap fired in regime=trend_up conf=0.60 (perf×1.00): price near VWAP 678.5658 in uptrend
2026-05-13 13:04:24.211 | INFO     | app.engine.orchestrator:extend_window:159 - window 7244de28 extended by 3600s
2026-05-13 13:04:27.172 | WARNING  | app.engine.strategies.manager:evaluate:104 - strategy smart_trend raised: The truth value of a DataFrame is ambiguous. Use a.empty, a.bool(), a.item(), a.any() or a.all().
2026-05-13 13:04:27.180 | INFO     | app.engine.strategies.manager:evaluate:110 - strategy_manager: vwap fired in regime=trend_up conf=0.60 (perf×1.00): price near VWAP 678.5658 in uptrend
2026-05-13 13:04:28.744 | WARNING  | app.engine.strategies.manager:evaluate:104 - strategy smart_trend raised: The truth value of a DataFrame is ambiguous. Use a.empty, a.bool(), a.item(), a.any() or a.all().
2026-05-13 13:04:28.752 | INFO     | app.engine.strategies.manager:evaluate:110 - strategy_manager: vwap fired in regime=trend_up conf=0.60 (perf×1.00): price near VWAP 678.5658 in uptrend
2026-05-13 13:04:32.423 | WARNING  | app.engine.strategies.manager:evaluate:104 - strategy smart_trend raised: The truth value of a DataFrame is ambiguous. Use a.empty, a.bool(), a.item(), a.any() or a.all().
2026-05-13 13:04:32.430 | INFO     | app.engine.strategies.manager:evaluate:110 - strategy_manager: vwap fired in regime=trend_up conf=0.60 (perf×1.00): price near VWAP 678.5662 in uptrend
2026-05-13 13:04:33.767 | WARNING  | app.engine.strategies.manager:evaluate:104 - strategy smart_trend raised: The truth value of a DataFrame is ambiguous. Use a.empty, a.bool(), a.item(), a.any() or a.all().
2026-05-13 13:04:33.772 | INFO     | app.engine.strategies.manager:evaluate:110 - strategy_manager: vwap fired in regime=trend_up conf=0.60 (perf×1.00): price near VWAP 678.5662 in uptrend
2026-05-13 13:04:37.466 | WARNING  | app.engine.strategies.manager:evaluate:104 - strategy smart_trend raised: The truth value of a DataFrame is ambiguous. Use a.empty, a.bool(), a.item(), a.any() or a.all().
2026-05-13 13:04:37.484 | INFO     | app.engine.strategies.manager:evaluate:110 - strategy_manager: vwap fired in regime=trend_up conf=0.60 (perf×1.00): price near VWAP 678.5662 in uptrend
2026-05-13 13:04:38.788 | WARNING  | app.engine.strategies.manager:evaluate:104 - strategy smart_trend raised: The truth value of a DataFrame is ambiguous. Use a.empty, a.bool(), a.item(), a.any() or a.all().
2026-05-13 13:04:38.796 | INFO     | app.engine.strategies.manager:evaluate:110 - strategy_manager: vwap fired in regime=trend_up conf=0.60 (perf×1.00): price near VWAP 678.5662 in uptrend
2026-05-13 13:04:42.504 | WARNING  | app.engine.strategies.manager:evaluate:104 - strategy smart_trend raised: The truth value of a DataFrame is ambiguous. Use a.empty, a.bool(), a.item(), a.any() or a.all().
2026-05-13 13:04:42.512 | INFO     | app.engine.strategies.manager:evaluate:110 - strategy_manager: vwap fired in regime=trend_up conf=0.60 (perf×1.00): price near VWAP 678.5662 in uptrend
2026-05-13 13:04:43.813 | WARNING  | app.engine.strategies.manager:evaluate:104 - strategy smart_trend raised: The truth value of a DataFrame is ambiguous. Use a.empty, a.bool(), a.item(), a.any() or a.all().
2026-05-13 13:04:43.817 | INFO     | app.engine.strategies.manager:evaluate:110 - strategy_manager: vwap fired in regime=trend_up conf=0.60 (perf×1.00): price near VWAP 678.5662 in uptrend
2026-05-13 13:04:47.532 | WARNING  | app.engine.strategies.manager:evaluate:104 - strategy smart_trend raised: The truth value of a DataFrame is ambiguous. Use a.empty, a.bool(), a.item(), a.any() or a.all().
2026-05-13 13:04:47.544 | INFO     | app.engine.strategies.manager:evaluate:110 - strategy_manager: vwap fired in regime=trend_up conf=0.60 (perf×1.00): price near VWAP 678.5662 in uptrend
2026-05-13 13:04:48.831 | WARNING  | app.engine.strategies.manager:evaluate:104 - strategy smart_trend raised: The truth value of a DataFrame is ambiguous. Use a.empty, a.bool(), a.item(), a.any() or a.all().
2026-05-13 13:04:48.839 | INFO     | app.engine.strategies.manager:evaluate:110 - strategy_manager: vwap fired in regime=trend_up conf=0.60 (perf×1.00): price near VWAP 678.5662 in uptrend
2026-05-13 13:04:52.956 | WARNING  | app.engine.strategies.manager:evaluate:104 - strategy smart_trend raised: The truth value of a DataFrame is ambiguous. Use a.empty, a.bool(), a.item(), a.any() or a.all().
2026-05-13 13:04:52.961 | INFO     | app.engine.strategies.manager:evaluate:110 - strategy_manager: vwap fired in regime=trend_up conf=0.60 (perf×1.00): price near VWAP 678.5660 in uptrend
2026-05-13 13:04:53.854 | WARNING  | app.engine.strategies.manager:evaluate:104 - strategy smart_trend raised: The truth value of a DataFrame is ambiguous. Use a.empty, a.bool(), a.item(), a.any() or a.all().
2026-05-13 13:04:53.859 | INFO     | app.engine.strategies.manager:evaluate:110 - strategy_manager: vwap fired in regime=trend_up conf=0.60 (perf×1.00): price near VWAP 678.5660 in uptrend
2026-05-13 13:04:57.984 | WARNING  | app.engine.strategies.manager:evaluate:104 - strategy smart_trend raised: The truth value of a DataFrame is ambiguous. Use a.empty, a.bool(), a.item(), a.any() or a.all().
2026-05-13 13:04:57.993 | INFO     | app.engine.strategies.manager:evaluate:110 - strategy_manager: vwap fired in regime=trend_up conf=0.60 (perf×1.00): price near VWAP 678.5660 in uptrend
2026-05-13 13:04:58.877 | WARNING  | app.engine.strategies.manager:evaluate:104 - strategy smart_trend raised: The truth value of a DataFrame is ambiguous. Use a.empty, a.bool(), a.item(), a.any() or a.all().
2026-05-13 13:04:58.884 | INFO     | app.engine.strategies.manager:evaluate:110 - strategy_manager: vwap fired in regime=trend_up conf=0.60 (perf×1.00): price near VWAP 678.5660 in uptrend
2026-05-13 13:05:03.034 | WARNING  | app.engine.strategies.manager:evaluate:104 - strategy smart_trend raised: The truth value of a DataFrame is ambiguous. Use a.empty, a.bool(), a.item(), a.any() or a.all().
2026-05-13 13:05:03.044 | INFO     | app.engine.strategies.manager:evaluate:110 - strategy_manager: vwap fired in regime=trend_up conf=0.60 (perf×1.00): price near VWAP 678.5660 in uptrend
2026-05-13 13:05:03.895 | WARNING  | app.engine.strategies.manager:evaluate:104 - strategy smart_trend raised: The truth value of a DataFrame is ambiguous. Use a.empty, a.bool(), a.item(), a.any() or a.all().
2026-05-13 13:05:03.898 | INFO     | app.engine.strategies.manager:evaluate:110 - strategy_manager: vwap fired in regime=trend_up conf=0.60 (perf×1.00): price near VWAP 678.5660 in uptrend
2026-05-13 13:05:08.067 | WARNING  | app.engine.strategies.manager:evaluate:104 - strategy smart_trend raised: The truth value of a DataFrame is ambiguous. Use a.empty, a.bool(), a.item(), a.any() or a.all().
2026-05-13 13:05:08.076 | INFO     | app.engine.strategies.manager:evaluate:110 - strategy_manager: vwap fired in regime=trend_up conf=0.60 (perf×1.00): price near VWAP 678.5660 in uptrend
2026-05-13 13:05:08.916 | WARNING  | app.engine.strategies.manager:evaluate:104 - strategy smart_trend raised: The truth value of a DataFrame is ambiguous. Use a.empty, a.bool(), a.item(), a.any() or a.all().
2026-05-13 13:05:08.923 | INFO     | app.engine.strategies.manager:evaluate:110 - strategy_manager: vwap fired in regime=trend_up conf=0.60 (perf×1.00): price near VWAP 678.5660 in uptrend
2026-05-13 13:05:13.616 | WARNING  | app.engine.strategies.manager:evaluate:104 - strategy smart_trend raised: The truth value of a DataFrame is ambiguous. Use a.empty, a.bool(), a.item(), a.any() or a.all().
2026-05-13 13:05:13.625 | INFO     | app.engine.strategies.manager:evaluate:110 - strategy_manager: vwap fired in regime=trend_up conf=0.60 (perf×1.00): price near VWAP 678.5647 in uptrend
2026-05-13 13:05:13.938 | WARNING  | app.engine.strategies.manager:evaluate:104 - strategy smart_trend raised: The truth value of a DataFrame is ambiguous. Use a.empty, a.bool(), a.item(), a.any() or a.all().
2026-05-13 13:05:13.947 | INFO     | app.engine.strategies.manager:evaluate:110 - strategy_manager: vwap fired in regime=trend_up conf=0.60 (perf×1.00): price near VWAP 678.5647 in uptrend
2026-05-13 13:05:18.640 | WARNING  | app.engine.strategies.manager:evaluate:104 - strategy smart_trend raised: The truth value of a DataFrame is ambiguous. Use a.empty, a.bool(), a.item(), a.any() or a.all().
2026-05-13 13:05:18.650 | INFO     | app.engine.strategies.manager:evaluate:110 - strategy_manager: vwap fired in regime=trend_up conf=0.60 (perf×1.00): price near VWAP 678.5647 in uptrend
2026-05-13 13:05:18.962 | WARNING  | app.engine.strategies.manager:evaluate:104 - strategy smart_trend raised: The truth value of a DataFrame is ambiguous. Use a.empty, a.bool(), a.item(), a.any() or a.all().
2026-05-13 13:05:18.969 | INFO     | app.engine.strategies.manager:evaluate:110 - strategy_manager: vwap fired in regime=trend_up conf=0.60 (perf×1.00): price near VWAP 678.5647 in uptrend
2026-05-13 13:05:23.672 | WARNING  | app.engine.strategies.manager:evaluate:104 - strategy smart_trend raised: The truth value of a DataFrame is ambiguous. Use a.empty, a.bool(), a.item(), a.any() or a.all().
2026-05-13 13:05:23.681 | INFO     | app.engine.strategies.manager:evaluate:110 - strategy_manager: vwap fired in regime=trend_up conf=0.60 (perf×1.00): price near VWAP 678.5647 in uptrend
2026-05-13 13:05:23.987 | WARNING  | app.engine.strategies.manager:evaluate:104 - strategy smart_trend raised: The truth value of a DataFrame is ambiguous. Use a.empty, a.bool(), a.item(), a.any() or a.all().
2026-05-13 13:05:23.996 | INFO     | app.engine.strategies.manager:evaluate:110 - strategy_manager: vwap fired in regime=trend_up conf=0.60 (perf×1.00): price near VWAP 678.5647 in uptrend
2026-05-13 13:05:28.698 | WARNING  | app.engine.strategies.manager:evaluate:104 - strategy smart_trend raised: The truth value of a DataFrame is ambiguous. Use a.empty, a.bool(), a.item(), a.any() or a.all().
2026-05-13 13:05:28.711 | INFO     | app.engine.strategies.manager:evaluate:110 - strategy_manager: vwap fired in regime=trend_up conf=0.60 (perf×1.00): price near VWAP 678.5647 in uptrend
2026-05-13 13:05:29.004 | WARNING  | app.engine.strategies.manager:evaluate:104 - strategy smart_trend raised: The truth value of a DataFrame is ambiguous. Use a.empty, a.bool(), a.item(), a.any() or a.all().
2026-05-13 13:05:29.009 | INFO     | app.engine.strategies.manager:evaluate:110 - strategy_manager: vwap fired in regime=trend_up conf=0.60 (perf×1.00): price near VWAP 678.5647 in uptrend
2026-05-13 13:05:33.956 | WARNING  | app.engine.strategies.manager:evaluate:104 - strategy smart_trend raised: The truth value of a DataFrame is ambiguous. Use a.empty, a.bool(), a.item(), a.any() or a.all().
2026-05-13 13:05:33.965 | INFO     | app.engine.strategies.manager:evaluate:110 - strategy_manager: vwap fired in regime=trend_up conf=0.60 (perf×1.00): price near VWAP 678.5651 in uptrend
2026-05-13 13:05:34.016 | WARNING  | app.engine.strategies.manager:evaluate:104 - strategy smart_trend raised: The truth value of a DataFrame is ambiguous. Use a.empty, a.bool(), a.item(), a.any() or a.all().
2026-05-13 13:05:34.021 | INFO     | app.engine.strategies.manager:evaluate:110 - strategy_manager: vwap fired in regime=trend_up conf=0.60 (perf×1.00): price near VWAP 678.5651 in uptrend
2026-05-13 13:05:38.993 | WARNING  | app.engine.strategies.manager:evaluate:104 - strategy smart_trend raised: The truth value of a DataFrame is ambiguous. Use a.empty, a.bool(), a.item(), a.any() or a.all().
2026-05-13 13:05:39.008 | INFO     | app.engine.strategies.manager:evaluate:110 - strategy_manager: vwap fired in regime=trend_up conf=0.60 (perf×1.00): price near VWAP 678.5651 in uptrend
2026-05-13 13:05:39.029 | WARNING  | app.engine.strategies.manager:evaluate:104 - strategy smart_trend raised: The truth value of a DataFrame is ambiguous. Use a.empty, a.bool(), a.item(), a.any() or a.all().
2026-05-13 13:05:39.033 | INFO     | app.engine.strategies.manager:evaluate:110 - strategy_manager: vwap fired in regime=trend_up conf=0.60 (perf×1.00): price near VWAP 678.5651 in uptrend
2026-05-13 13:05:44.023 | WARNING  | app.engine.strategies.manager:evaluate:104 - strategy smart_trend raised: The truth value of a DataFrame is ambiguous. Use a.empty, a.bool(), a.item(), a.any() or a.all().
2026-05-13 13:05:44.028 | INFO     | app.engine.strategies.manager:evaluate:110 - strategy_manager: vwap fired in regime=trend_up conf=0.60 (perf×1.00): price near VWAP 678.5651 in uptrend
2026-05-13 13:05:44.041 | WARNING  | app.engine.strategies.manager:evaluate:104 - strategy smart_trend raised: The truth value of a DataFrame is ambiguous. Use a.empty, a.bool(), a.item(), a.any() or a.all().
2026-05-13 13:05:44.044 | INFO     | app.engine.strategies.manager:evaluate:110 - strategy_manager: vwap fired in regime=trend_up conf=0.60 (perf×1.00): price near VWAP 678.5651 in uptrend
2026-05-13 13:05:47.276 | WARNING  | app.engine.ai.lstm:load:50 - torch not installed — LSTM disabled. `pip install torch` to enable.
2026-05-13 13:05:47.276 | WARNING  | app.engine.ai.confirmation:__init__:36 - AI is enabled but no models are loaded. Train via scripts/train_ai.py. AI will pass through (not block) signals until trained.
2026-05-13 13:06:09.978 | WARNING  | app.engine.ai.lstm:load:50 - torch not installed — LSTM disabled. `pip install torch` to enable.
2026-05-13 13:06:09.978 | WARNING  | app.engine.ai.confirmation:__init__:36 - AI is enabled but no models are loaded. Train via scripts/train_ai.py. AI will pass through (not block) signals until trained.
2026-05-13 13:06:27.399 | WARNING  | app.engine.data.market_data:fetch_24h_ticker:136 - ticker fetch failed for MATICUSDT: 
2026-05-13 13:07:20.933 | INFO     | app.engine.window:create:140 - window created 8cfe3417 duration=900s deploy<=100.0
2026-05-13 13:07:21.383 | WARNING  | app.engine.strategies.manager:evaluate:104 - strategy smart_trend raised: The truth value of a DataFrame is ambiguous. Use a.empty, a.bool(), a.item(), a.any() or a.all().
2026-05-13 13:07:21.392 | INFO     | app.engine.strategies.manager:evaluate:110 - strategy_manager: vwap fired in regime=trend_up conf=0.60 (perf×1.00): price near VWAP 678.5584 in uptrend
2026-05-13 13:07:26.647 | WARNING  | app.engine.strategies.manager:evaluate:104 - strategy smart_trend raised: The truth value of a DataFrame is ambiguous. Use a.empty, a.bool(), a.item(), a.any() or a.all().
2026-05-13 13:07:26.653 | INFO     | app.engine.strategies.manager:evaluate:110 - strategy_manager: vwap fired in regime=trend_up conf=0.60 (perf×1.00): price near VWAP 678.5584 in uptrend
2026-05-13 13:07:31.668 | WARNING  | app.engine.strategies.manager:evaluate:104 - strategy smart_trend raised: The truth value of a DataFrame is ambiguous. Use a.empty, a.bool(), a.item(), a.any() or a.all().
2026-05-13 13:07:31.675 | INFO     | app.engine.strategies.manager:evaluate:110 - strategy_manager: vwap fired in regime=trend_up conf=0.60 (perf×1.00): price near VWAP 678.5584 in uptrend
2026-05-13 13:07:36.701 | WARNING  | app.engine.strategies.manager:evaluate:104 - strategy smart_trend raised: The truth value of a DataFrame is ambiguous. Use a.empty, a.bool(), a.item(), a.any() or a.all().
2026-05-13 13:07:36.710 | INFO     | app.engine.strategies.manager:evaluate:110 - strategy_manager: vwap fired in regime=trend_up conf=0.60 (perf×1.00): price near VWAP 678.5584 in uptrend
2026-05-13 13:07:41.961 | WARNING  | app.engine.strategies.manager:evaluate:104 - strategy smart_trend raised: The truth value of a DataFrame is ambiguous. Use a.empty, a.bool(), a.item(), a.any() or a.all().
2026-05-13 13:07:41.968 | INFO     | app.engine.strategies.manager:evaluate:110 - strategy_manager: vwap fired in regime=trend_up conf=0.60 (perf×1.00): price near VWAP 678.5587 in uptrend
2026-05-13 13:07:47.187 | WARNING  | app.engine.strategies.manager:evaluate:104 - strategy smart_trend raised: The truth value of a DataFrame is ambiguous. Use a.empty, a.bool(), a.item(), a.any() or a.all().
2026-05-13 13:07:47.192 | INFO     | app.engine.strategies.manager:evaluate:110 - strategy_manager: vwap fired in regime=trend_up conf=0.60 (perf×1.00): price near VWAP 678.5587 in uptrend
2026-05-13 13:07:52.208 | WARNING  | app.engine.strategies.manager:evaluate:104 - strategy smart_trend raised: The truth value of a DataFrame is ambiguous. Use a.empty, a.bool(), a.item(), a.any() or a.all().
2026-05-13 13:07:52.217 | INFO     | app.engine.strategies.manager:evaluate:110 - strategy_manager: vwap fired in regime=trend_up conf=0.60 (perf×1.00): price near VWAP 678.5587 in uptrend
2026-05-13 13:07:57.232 | WARNING  | app.engine.strategies.manager:evaluate:104 - strategy smart_trend raised: The truth value of a DataFrame is ambiguous. Use a.empty, a.bool(), a.item(), a.any() or a.all().
2026-05-13 13:07:57.238 | INFO     | app.engine.strategies.manager:evaluate:110 - strategy_manager: vwap fired in regime=trend_up conf=0.60 (perf×1.00): price near VWAP 678.5587 in uptrend
2026-05-13 13:08:02.489 | WARNING  | app.engine.strategies.manager:evaluate:104 - strategy smart_trend raised: The truth value of a DataFrame is ambiguous. Use a.empty, a.bool(), a.item(), a.any() or a.all().
2026-05-13 13:08:02.495 | INFO     | app.engine.strategies.manager:evaluate:110 - strategy_manager: vwap fired in regime=trend_up conf=0.60 (perf×1.00): price near VWAP 678.5585 in uptrend
2026-05-13 13:08:07.725 | WARNING  | app.engine.strategies.manager:evaluate:104 - strategy smart_trend raised: The truth value of a DataFrame is ambiguous. Use a.empty, a.bool(), a.item(), a.any() or a.all().
2026-05-13 13:08:07.733 | INFO     | app.engine.strategies.manager:evaluate:110 - strategy_manager: vwap fired in regime=trend_up conf=0.60 (perf×1.00): price near VWAP 678.5585 in uptrend
2026-05-13 13:08:12.752 | WARNING  | app.engine.strategies.manager:evaluate:104 - strategy smart_trend raised: The truth value of a DataFrame is ambiguous. Use a.empty, a.bool(), a.item(), a.any() or a.all().
2026-05-13 13:08:12.761 | INFO     | app.engine.strategies.manager:evaluate:110 - strategy_manager: vwap fired in regime=trend_up conf=0.60 (perf×1.00): price near VWAP 678.5585 in uptrend
2026-05-13 13:08:17.775 | WARNING  | app.engine.strategies.manager:evaluate:104 - strategy smart_trend raised: The truth value of a DataFrame is ambiguous. Use a.empty, a.bool(), a.item(), a.any() or a.all().
2026-05-13 13:08:17.783 | INFO     | app.engine.strategies.manager:evaluate:110 - strategy_manager: vwap fired in regime=trend_up conf=0.60 (perf×1.00): price near VWAP 678.5585 in uptrend
2026-05-13 13:08:20.748 | INFO     | app.engine.window:create:140 - window created 5a335a26 duration=3600s deploy<=150.0
2026-05-13 13:08:21.245 | INFO     | app.engine.strategies.manager:evaluate:110 - strategy_manager: vwap fired in regime=range conf=0.60 (perf×1.00): price near VWAP 81080.3780 in uptrend
2026-05-13 13:08:23.036 | WARNING  | app.engine.strategies.manager:evaluate:104 - strategy smart_trend raised: The truth value of a DataFrame is ambiguous. Use a.empty, a.bool(), a.item(), a.any() or a.all().
2026-05-13 13:08:23.043 | INFO     | app.engine.strategies.manager:evaluate:110 - strategy_manager: vwap fired in regime=trend_up conf=0.60 (perf×1.00): price near VWAP 678.5572 in uptrend
2026-05-13 13:08:26.503 | INFO     | app.engine.strategies.manager:evaluate:110 - strategy_manager: vwap fired in regime=range conf=0.60 (perf×1.00): price near VWAP 81080.3780 in uptrend
2026-05-13 13:08:28.257 | WARNING  | app.engine.strategies.manager:evaluate:104 - strategy smart_trend raised: The truth value of a DataFrame is ambiguous. Use a.empty, a.bool(), a.item(), a.any() or a.all().
2026-05-13 13:08:28.261 | INFO     | app.engine.strategies.manager:evaluate:110 - strategy_manager: vwap fired in regime=trend_up conf=0.60 (perf×1.00): price near VWAP 678.5572 in uptrend
2026-05-13 13:08:31.539 | INFO     | app.engine.strategies.manager:evaluate:110 - strategy_manager: vwap fired in regime=range conf=0.60 (perf×1.00): price near VWAP 81080.3780 in uptrend
2026-05-13 13:08:33.282 | WARNING  | app.engine.strategies.manager:evaluate:104 - strategy smart_trend raised: The truth value of a DataFrame is ambiguous. Use a.empty, a.bool(), a.item(), a.any() or a.all().
2026-05-13 13:08:33.290 | INFO     | app.engine.strategies.manager:evaluate:110 - strategy_manager: vwap fired in regime=trend_up conf=0.60 (perf×1.00): price near VWAP 678.5572 in uptrend
2026-05-13 13:08:36.590 | INFO     | app.engine.strategies.manager:evaluate:110 - strategy_manager: vwap fired in regime=range conf=0.60 (perf×1.00): price near VWAP 81080.3780 in uptrend
2026-05-13 13:08:38.310 | WARNING  | app.engine.strategies.manager:evaluate:104 - strategy smart_trend raised: The truth value of a DataFrame is ambiguous. Use a.empty, a.bool(), a.item(), a.any() or a.all().
2026-05-13 13:08:38.319 | INFO     | app.engine.strategies.manager:evaluate:110 - strategy_manager: vwap fired in regime=trend_up conf=0.60 (perf×1.00): price near VWAP 678.5572 in uptrend
2026-05-13 13:08:41.850 | INFO     | app.engine.strategies.manager:evaluate:110 - strategy_manager: vwap fired in regime=range conf=0.60 (perf×1.00): price near VWAP 81080.2700 in uptrend
2026-05-13 13:08:43.567 | WARNING  | app.engine.strategies.manager:evaluate:104 - strategy smart_trend raised: The truth value of a DataFrame is ambiguous. Use a.empty, a.bool(), a.item(), a.any() or a.all().
2026-05-13 13:08:43.575 | INFO     | app.engine.strategies.manager:evaluate:110 - strategy_manager: vwap fired in regime=trend_up conf=0.60 (perf×1.00): price near VWAP 678.5579 in uptrend
2026-05-13 13:08:47.235 | INFO     | app.engine.strategies.manager:evaluate:110 - strategy_manager: vwap fired in regime=range conf=0.60 (perf×1.00): price near VWAP 81080.2700 in uptrend
2026-05-13 13:08:48.795 | WARNING  | app.engine.strategies.manager:evaluate:104 - strategy smart_trend raised: The truth value of a DataFrame is ambiguous. Use a.empty, a.bool(), a.item(), a.any() or a.all().
2026-05-13 13:08:48.804 | INFO     | app.engine.strategies.manager:evaluate:110 - strategy_manager: vwap fired in regime=trend_up conf=0.60 (perf×1.00): price near VWAP 678.5579 in uptrend
2026-05-13 13:08:52.269 | INFO     | app.engine.strategies.manager:evaluate:110 - strategy_manager: vwap fired in regime=range conf=0.60 (perf×1.00): price near VWAP 81080.2700 in uptrend
2026-05-13 13:08:53.819 | WARNING  | app.engine.strategies.manager:evaluate:104 - strategy smart_trend raised: The truth value of a DataFrame is ambiguous. Use a.empty, a.bool(), a.item(), a.any() or a.all().
2026-05-13 13:08:53.828 | INFO     | app.engine.strategies.manager:evaluate:110 - strategy_manager: vwap fired in regime=trend_up conf=0.60 (perf×1.00): price near VWAP 678.5579 in uptrend
2026-05-13 13:08:57.313 | INFO     | app.engine.strategies.manager:evaluate:110 - strategy_manager: vwap fired in regime=range conf=0.60 (perf×1.00): price near VWAP 81080.2700 in uptrend
2026-05-13 13:08:58.844 | WARNING  | app.engine.strategies.manager:evaluate:104 - strategy smart_trend raised: The truth value of a DataFrame is ambiguous. Use a.empty, a.bool(), a.item(), a.any() or a.all().
2026-05-13 13:08:58.852 | INFO     | app.engine.strategies.manager:evaluate:110 - strategy_manager: vwap fired in regime=trend_up conf=0.60 (perf×1.00): price near VWAP 678.5579 in uptrend
2026-05-13 13:09:02.581 | INFO     | app.engine.strategies.manager:evaluate:110 - strategy_manager: vwap fired in regime=range conf=0.60 (perf×1.00): price near VWAP 81080.0178 in uptrend
2026-05-13 13:09:04.099 | WARNING  | app.engine.strategies.manager:evaluate:104 - strategy smart_trend raised: The truth value of a DataFrame is ambiguous. Use a.empty, a.bool(), a.item(), a.any() or a.all().
2026-05-13 13:09:04.105 | INFO     | app.engine.strategies.manager:evaluate:110 - strategy_manager: vwap fired in regime=trend_up conf=0.60 (perf×1.00): price near VWAP 678.5542 in uptrend
2026-05-13 13:09:07.845 | INFO     | app.engine.strategies.manager:evaluate:110 - strategy_manager: vwap fired in regime=range conf=0.60 (perf×1.00): price near VWAP 81080.0178 in uptrend
2026-05-13 13:09:09.355 | WARNING  | app.engine.strategies.manager:evaluate:104 - strategy smart_trend raised: The truth value of a DataFrame is ambiguous. Use a.empty, a.bool(), a.item(), a.any() or a.all().
2026-05-13 13:09:09.363 | INFO     | app.engine.strategies.manager:evaluate:110 - strategy_manager: vwap fired in regime=trend_up conf=0.60 (perf×1.00): price near VWAP 678.5542 in uptrend
2026-05-13 13:09:12.881 | INFO     | app.engine.strategies.manager:evaluate:110 - strategy_manager: vwap fired in regime=range conf=0.60 (perf×1.00): price near VWAP 81080.0178 in uptrend
2026-05-13 13:09:14.381 | WARNING  | app.engine.strategies.manager:evaluate:104 - strategy smart_trend raised: The truth value of a DataFrame is ambiguous. Use a.empty, a.bool(), a.item(), a.any() or a.all().
2026-05-13 13:09:14.389 | INFO     | app.engine.strategies.manager:evaluate:110 - strategy_manager: vwap fired in regime=trend_up conf=0.60 (perf×1.00): price near VWAP 678.5542 in uptrend
2026-05-13 13:09:17.919 | INFO     | app.engine.strategies.manager:evaluate:110 - strategy_manager: vwap fired in regime=range conf=0.60 (perf×1.00): price near VWAP 81080.0178 in uptrend
2026-05-13 13:09:19.404 | WARNING  | app.engine.strategies.manager:evaluate:104 - strategy smart_trend raised: The truth value of a DataFrame is ambiguous. Use a.empty, a.bool(), a.item(), a.any() or a.all().
2026-05-13 13:09:19.412 | INFO     | app.engine.strategies.manager:evaluate:110 - strategy_manager: vwap fired in regime=trend_up conf=0.60 (perf×1.00): price near VWAP 678.5542 in uptrend
2026-05-13 13:09:23.182 | INFO     | app.engine.strategies.manager:evaluate:110 - strategy_manager: vwap fired in regime=range conf=0.60 (perf×1.00): price near VWAP 81078.4859 in uptrend
2026-05-13 13:09:24.667 | WARNING  | app.engine.strategies.manager:evaluate:104 - strategy smart_trend raised: The truth value of a DataFrame is ambiguous. Use a.empty, a.bool(), a.item(), a.any() or a.all().
2026-05-13 13:09:24.675 | INFO     | app.engine.strategies.manager:evaluate:110 - strategy_manager: vwap fired in regime=trend_up conf=0.60 (perf×1.00): price near VWAP 678.5547 in uptrend
2026-05-13 13:09:28.640 | INFO     | app.engine.strategies.manager:evaluate:110 - strategy_manager: vwap fired in regime=range conf=0.60 (perf×1.00): price near VWAP 81078.4859 in uptrend
2026-05-13 13:09:29.888 | WARNING  | app.engine.strategies.manager:evaluate:104 - strategy smart_trend raised: The truth value of a DataFrame is ambiguous. Use a.empty, a.bool(), a.item(), a.any() or a.all().
2026-05-13 13:09:29.893 | INFO     | app.engine.strategies.manager:evaluate:110 - strategy_manager: vwap fired in regime=trend_up conf=0.60 (perf×1.00): price near VWAP 678.5547 in uptrend
2026-05-13 13:09:33.680 | INFO     | app.engine.strategies.manager:evaluate:110 - strategy_manager: vwap fired in regime=range conf=0.60 (perf×1.00): price near VWAP 81078.4859 in uptrend
2026-05-13 13:09:34.906 | WARNING  | app.engine.strategies.manager:evaluate:104 - strategy smart_trend raised: The truth value of a DataFrame is ambiguous. Use a.empty, a.bool(), a.item(), a.any() or a.all().
2026-05-13 13:09:34.914 | INFO     | app.engine.strategies.manager:evaluate:110 - strategy_manager: vwap fired in regime=trend_up conf=0.60 (perf×1.00): price near VWAP 678.5547 in uptrend
2026-05-13 13:09:38.719 | INFO     | app.engine.strategies.manager:evaluate:110 - strategy_manager: vwap fired in regime=range conf=0.60 (perf×1.00): price near VWAP 81078.4859 in uptrend
2026-05-13 13:09:39.923 | WARNING  | app.engine.strategies.manager:evaluate:104 - strategy smart_trend raised: The truth value of a DataFrame is ambiguous. Use a.empty, a.bool(), a.item(), a.any() or a.all().
2026-05-13 13:09:39.927 | INFO     | app.engine.strategies.manager:evaluate:110 - strategy_manager: vwap fired in regime=trend_up conf=0.60 (perf×1.00): price near VWAP 678.5547 in uptrend
2026-05-13 13:09:43.984 | INFO     | app.engine.strategies.manager:evaluate:110 - strategy_manager: vwap fired in regime=range conf=0.60 (perf×1.00): price near VWAP 81079.2389 in uptrend
2026-05-13 13:09:45.183 | WARNING  | app.engine.strategies.manager:evaluate:104 - strategy smart_trend raised: The truth value of a DataFrame is ambiguous. Use a.empty, a.bool(), a.item(), a.any() or a.all().
2026-05-13 13:09:45.190 | INFO     | app.engine.strategies.manager:evaluate:110 - strategy_manager: vwap fired in regime=trend_up conf=0.60 (perf×1.00): price near VWAP 678.5554 in uptrend
2026-05-13 13:09:49.457 | INFO     | app.engine.strategies.manager:evaluate:110 - strategy_manager: vwap fired in regime=range conf=0.60 (perf×1.00): price near VWAP 81079.2389 in uptrend
2026-05-13 13:09:50.425 | WARNING  | app.engine.strategies.manager:evaluate:104 - strategy smart_trend raised: The truth value of a DataFrame is ambiguous. Use a.empty, a.bool(), a.item(), a.any() or a.all().
2026-05-13 13:09:50.434 | INFO     | app.engine.strategies.manager:evaluate:110 - strategy_manager: vwap fired in regime=trend_up conf=0.60 (perf×1.00): price near VWAP 678.5554 in uptrend
2026-05-13 13:09:54.499 | INFO     | app.engine.strategies.manager:evaluate:110 - strategy_manager: vwap fired in regime=range conf=0.60 (perf×1.00): price near VWAP 81079.2389 in uptrend
2026-05-13 13:09:55.452 | WARNING  | app.engine.strategies.manager:evaluate:104 - strategy smart_trend raised: The truth value of a DataFrame is ambiguous. Use a.empty, a.bool(), a.item(), a.any() or a.all().
2026-05-13 13:09:55.459 | INFO     | app.engine.strategies.manager:evaluate:110 - strategy_manager: vwap fired in regime=trend_up conf=0.60 (perf×1.00): price near VWAP 678.5554 in uptrend
2026-05-13 13:09:59.538 | INFO     | app.engine.strategies.manager:evaluate:110 - strategy_manager: vwap fired in regime=range conf=0.60 (perf×1.00): price near VWAP 81079.2389 in uptrend
2026-05-13 13:10:00.477 | WARNING  | app.engine.strategies.manager:evaluate:104 - strategy smart_trend raised: The truth value of a DataFrame is ambiguous. Use a.empty, a.bool(), a.item(), a.any() or a.all().
2026-05-13 13:10:00.484 | INFO     | app.engine.strategies.manager:evaluate:110 - strategy_manager: vwap fired in regime=trend_up conf=0.60 (perf×1.00): price near VWAP 678.5554 in uptrend
2026-05-13 13:10:05.730 | WARNING  | app.engine.strategies.manager:evaluate:104 - strategy smart_trend raised: The truth value of a DataFrame is ambiguous. Use a.empty, a.bool(), a.item(), a.any() or a.all().
2026-05-13 13:10:05.737 | INFO     | app.engine.strategies.manager:evaluate:110 - strategy_manager: vwap fired in regime=trend_up conf=0.60 (perf×1.00): price near VWAP 678.5488 in uptrend
2026-05-13 13:10:10.962 | WARNING  | app.engine.strategies.manager:evaluate:104 - strategy smart_trend raised: The truth value of a DataFrame is ambiguous. Use a.empty, a.bool(), a.item(), a.any() or a.all().
2026-05-13 13:10:10.970 | INFO     | app.engine.strategies.manager:evaluate:110 - strategy_manager: vwap fired in regime=trend_up conf=0.60 (perf×1.00): price near VWAP 678.5488 in uptrend
2026-05-13 13:10:15.985 | WARNING  | app.engine.strategies.manager:evaluate:104 - strategy smart_trend raised: The truth value of a DataFrame is ambiguous. Use a.empty, a.bool(), a.item(), a.any() or a.all().
2026-05-13 13:10:15.995 | INFO     | app.engine.strategies.manager:evaluate:110 - strategy_manager: vwap fired in regime=trend_up conf=0.60 (perf×1.00): price near VWAP 678.5488 in uptrend
2026-05-13 13:10:21.009 | WARNING  | app.engine.strategies.manager:evaluate:104 - strategy smart_trend raised: The truth value of a DataFrame is ambiguous. Use a.empty, a.bool(), a.item(), a.any() or a.all().
2026-05-13 13:10:21.016 | INFO     | app.engine.strategies.manager:evaluate:110 - strategy_manager: vwap fired in regime=trend_up conf=0.60 (perf×1.00): price near VWAP 678.5488 in uptrend
2026-05-13 13:10:26.264 | WARNING  | app.engine.strategies.manager:evaluate:104 - strategy smart_trend raised: The truth value of a DataFrame is ambiguous. Use a.empty, a.bool(), a.item(), a.any() or a.all().
2026-05-13 13:10:26.271 | INFO     | app.engine.strategies.manager:evaluate:110 - strategy_manager: vwap fired in regime=trend_up conf=0.60 (perf×1.00): price near VWAP 678.5498 in uptrend
2026-05-13 13:10:31.477 | WARNING  | app.engine.strategies.manager:evaluate:104 - strategy smart_trend raised: The truth value of a DataFrame is ambiguous. Use a.empty, a.bool(), a.item(), a.any() or a.all().
2026-05-13 13:10:31.483 | INFO     | app.engine.strategies.manager:evaluate:110 - strategy_manager: vwap fired in regime=trend_up conf=0.60 (perf×1.00): price near VWAP 678.5498 in uptrend
2026-05-13 13:10:36.494 | WARNING  | app.engine.strategies.manager:evaluate:104 - strategy smart_trend raised: The truth value of a DataFrame is ambiguous. Use a.empty, a.bool(), a.item(), a.any() or a.all().
2026-05-13 13:10:36.505 | INFO     | app.engine.strategies.manager:evaluate:110 - strategy_manager: vwap fired in regime=trend_up conf=0.60 (perf×1.00): price near VWAP 678.5498 in uptrend
2026-05-13 13:10:41.519 | WARNING  | app.engine.strategies.manager:evaluate:104 - strategy smart_trend raised: The truth value of a DataFrame is ambiguous. Use a.empty, a.bool(), a.item(), a.any() or a.all().
2026-05-13 13:10:41.526 | INFO     | app.engine.strategies.manager:evaluate:110 - strategy_manager: vwap fired in regime=trend_up conf=0.60 (perf×1.00): price near VWAP 678.5498 in uptrend
2026-05-13 13:10:46.832 | INFO     | app.engine.strategies.manager:evaluate:110 - strategy_manager: vwap fired in regime=range conf=0.60 (perf×1.00): price near VWAP 81075.2967 in uptrend
2026-05-13 13:10:46.945 | WARNING  | app.engine.strategies.manager:evaluate:104 - strategy smart_trend raised: The truth value of a DataFrame is ambiguous. Use a.empty, a.bool(), a.item(), a.any() or a.all().
2026-05-13 13:10:46.952 | INFO     | app.engine.strategies.manager:evaluate:110 - strategy_manager: vwap fired in regime=trend_up conf=0.60 (perf×1.00): price near VWAP 678.5519 in uptrend
2026-05-13 13:10:51.973 | WARNING  | app.engine.strategies.manager:evaluate:104 - strategy smart_trend raised: The truth value of a DataFrame is ambiguous. Use a.empty, a.bool(), a.item(), a.any() or a.all().
2026-05-13 13:10:51.981 | INFO     | app.engine.strategies.manager:evaluate:110 - strategy_manager: vwap fired in regime=trend_up conf=0.60 (perf×1.00): price near VWAP 678.5519 in uptrend
2026-05-13 13:10:52.099 | INFO     | app.engine.strategies.manager:evaluate:110 - strategy_manager: vwap fired in regime=range conf=0.60 (perf×1.00): price near VWAP 81075.2967 in uptrend
2026-05-13 13:10:56.999 | WARNING  | app.engine.strategies.manager:evaluate:104 - strategy smart_trend raised: The truth value of a DataFrame is ambiguous. Use a.empty, a.bool(), a.item(), a.any() or a.all().
2026-05-13 13:10:57.007 | INFO     | app.engine.strategies.manager:evaluate:110 - strategy_manager: vwap fired in regime=trend_up conf=0.60 (perf×1.00): price near VWAP 678.5519 in uptrend
2026-05-13 13:10:57.136 | INFO     | app.engine.strategies.manager:evaluate:110 - strategy_manager: vwap fired in regime=range conf=0.60 (perf×1.00): price near VWAP 81075.2967 in uptrend
2026-05-13 13:11:02.022 | WARNING  | app.engine.strategies.manager:evaluate:104 - strategy smart_trend raised: The truth value of a DataFrame is ambiguous. Use a.empty, a.bool(), a.item(), a.any() or a.all().
2026-05-13 13:11:02.031 | INFO     | app.engine.strategies.manager:evaluate:110 - strategy_manager: vwap fired in regime=trend_up conf=0.60 (perf×1.00): price near VWAP 678.5519 in uptrend
2026-05-13 13:11:02.167 | INFO     | app.engine.strategies.manager:evaluate:110 - strategy_manager: vwap fired in regime=range conf=0.60 (perf×1.00): price near VWAP 81075.2967 in uptrend
2026-05-13 13:11:07.281 | WARNING  | app.engine.strategies.manager:evaluate:104 - strategy smart_trend raised: The truth value of a DataFrame is ambiguous. Use a.empty, a.bool(), a.item(), a.any() or a.all().
2026-05-13 13:11:07.288 | INFO     | app.engine.strategies.manager:evaluate:110 - strategy_manager: vwap fired in regime=trend_up conf=0.60 (perf×1.00): price near VWAP 678.5521 in uptrend
2026-05-13 13:11:07.619 | INFO     | app.engine.strategies.manager:evaluate:110 - strategy_manager: vwap fired in regime=range conf=0.60 (perf×1.00): price near VWAP 81075.3945 in uptrend
2026-05-13 13:11:12.303 | WARNING  | app.engine.strategies.manager:evaluate:104 - strategy smart_trend raised: The truth value of a DataFrame is ambiguous. Use a.empty, a.bool(), a.item(), a.any() or a.all().
2026-05-13 13:11:12.312 | INFO     | app.engine.strategies.manager:evaluate:110 - strategy_manager: vwap fired in regime=trend_up conf=0.60 (perf×1.00): price near VWAP 678.5521 in uptrend
2026-05-13 13:11:12.880 | INFO     | app.engine.strategies.manager:evaluate:110 - strategy_manager: vwap fired in regime=range conf=0.60 (perf×1.00): price near VWAP 81075.3945 in uptrend
2026-05-13 13:11:17.329 | WARNING  | app.engine.strategies.manager:evaluate:104 - strategy smart_trend raised: The truth value of a DataFrame is ambiguous. Use a.empty, a.bool(), a.item(), a.any() or a.all().
2026-05-13 13:11:17.337 | INFO     | app.engine.strategies.manager:evaluate:110 - strategy_manager: vwap fired in regime=trend_up conf=0.60 (perf×1.00): price near VWAP 678.5521 in uptrend
2026-05-13 13:11:17.915 | INFO     | app.engine.strategies.manager:evaluate:110 - strategy_manager: vwap fired in regime=range conf=0.60 (perf×1.00): price near VWAP 81075.3945 in uptrend
2026-05-13 13:11:22.367 | WARNING  | app.engine.strategies.manager:evaluate:104 - strategy smart_trend raised: The truth value of a DataFrame is ambiguous. Use a.empty, a.bool(), a.item(), a.any() or a.all().
2026-05-13 13:11:22.374 | INFO     | app.engine.strategies.manager:evaluate:110 - strategy_manager: vwap fired in regime=trend_up conf=0.60 (perf×1.00): price near VWAP 678.5521 in uptrend
2026-05-13 13:11:22.953 | INFO     | app.engine.strategies.manager:evaluate:110 - strategy_manager: vwap fired in regime=range conf=0.60 (perf×1.00): price near VWAP 81075.3945 in uptrend
2026-05-13 13:11:27.623 | WARNING  | app.engine.strategies.manager:evaluate:104 - strategy smart_trend raised: The truth value of a DataFrame is ambiguous. Use a.empty, a.bool(), a.item(), a.any() or a.all().
2026-05-13 13:11:27.629 | INFO     | app.engine.strategies.manager:evaluate:110 - strategy_manager: vwap fired in regime=trend_up conf=0.60 (perf×1.00): price near VWAP 678.5510 in uptrend
2026-05-13 13:11:28.361 | INFO     | app.engine.strategies.manager:evaluate:110 - strategy_manager: vwap fired in regime=range conf=0.60 (perf×1.00): price near VWAP 81075.2853 in uptrend
2026-05-13 13:11:33.073 | WARNING  | app.engine.strategies.manager:evaluate:104 - strategy smart_trend raised: The truth value of a DataFrame is ambiguous. Use a.empty, a.bool(), a.item(), a.any() or a.all().
2026-05-13 13:11:33.081 | INFO     | app.engine.strategies.manager:evaluate:110 - strategy_manager: vwap fired in regime=trend_up conf=0.60 (perf×1.00): price near VWAP 678.5510 in uptrend
2026-05-13 13:11:33.637 | INFO     | app.engine.strategies.manager:evaluate:110 - strategy_manager: vwap fired in regime=range conf=0.60 (perf×1.00): price near VWAP 81075.2853 in uptrend
2026-05-13 13:11:38.096 | WARNING  | app.engine.strategies.manager:evaluate:104 - strategy smart_trend raised: The truth value of a DataFrame is ambiguous. Use a.empty, a.bool(), a.item(), a.any() or a.all().
2026-05-13 13:11:38.103 | INFO     | app.engine.strategies.manager:evaluate:110 - strategy_manager: vwap fired in regime=trend_up conf=0.60 (perf×1.00): price near VWAP 678.5510 in uptrend
2026-05-13 13:11:38.672 | INFO     | app.engine.strategies.manager:evaluate:110 - strategy_manager: vwap fired in regime=range conf=0.60 (perf×1.00): price near VWAP 81075.2853 in uptrend
2026-05-13 13:11:43.121 | WARNING  | app.engine.strategies.manager:evaluate:104 - strategy smart_trend raised: The truth value of a DataFrame is ambiguous. Use a.empty, a.bool(), a.item(), a.any() or a.all().
2026-05-13 13:11:43.128 | INFO     | app.engine.strategies.manager:evaluate:110 - strategy_manager: vwap fired in regime=trend_up conf=0.60 (perf×1.00): price near VWAP 678.5510 in uptrend
2026-05-13 13:11:43.703 | INFO     | app.engine.strategies.manager:evaluate:110 - strategy_manager: vwap fired in regime=range conf=0.60 (perf×1.00): price near VWAP 81075.2853 in uptrend
2026-05-13 13:11:48.660 | WARNING  | app.engine.strategies.manager:evaluate:104 - strategy smart_trend raised: The truth value of a DataFrame is ambiguous. Use a.empty, a.bool(), a.item(), a.any() or a.all().
2026-05-13 13:11:48.667 | INFO     | app.engine.strategies.manager:evaluate:110 - strategy_manager: vwap fired in regime=trend_up conf=0.60 (perf×1.00): price near VWAP 678.5676 in uptrend
2026-05-13 13:11:49.168 | INFO     | app.engine.strategies.manager:evaluate:110 - strategy_manager: vwap fired in regime=range conf=0.60 (perf×1.00): price near VWAP 81075.1762 in uptrend
2026-05-13 13:11:54.098 | WARNING  | app.engine.strategies.manager:evaluate:104 - strategy smart_trend raised: The truth value of a DataFrame is ambiguous. Use a.empty, a.bool(), a.item(), a.any() or a.all().
2026-05-13 13:11:54.105 | INFO     | app.engine.strategies.manager:evaluate:110 - strategy_manager: vwap fired in regime=trend_up conf=0.60 (perf×1.00): price near VWAP 678.5676 in uptrend
2026-05-13 13:11:54.476 | INFO     | app.engine.strategies.manager:evaluate:110 - strategy_manager: vwap fired in regime=range conf=0.60 (perf×1.00): price near VWAP 81075.1762 in uptrend
2026-05-13 13:11:59.125 | WARNING  | app.engine.strategies.manager:evaluate:104 - strategy smart_trend raised: The truth value of a DataFrame is ambiguous. Use a.empty, a.bool(), a.item(), a.any() or a.all().
2026-05-13 13:11:59.135 | INFO     | app.engine.strategies.manager:evaluate:110 - strategy_manager: vwap fired in regime=trend_up conf=0.60 (perf×1.00): price near VWAP 678.5676 in uptrend
2026-05-13 13:11:59.512 | INFO     | app.engine.strategies.manager:evaluate:110 - strategy_manager: vwap fired in regime=range conf=0.60 (perf×1.00): price near VWAP 81075.1762 in uptrend
2026-05-13 13:12:04.152 | WARNING  | app.engine.strategies.manager:evaluate:104 - strategy smart_trend raised: The truth value of a DataFrame is ambiguous. Use a.empty, a.bool(), a.item(), a.any() or a.all().
2026-05-13 13:12:04.161 | INFO     | app.engine.strategies.manager:evaluate:110 - strategy_manager: vwap fired in regime=trend_up conf=0.60 (perf×1.00): price near VWAP 678.5676 in uptrend
2026-05-13 13:12:04.545 | INFO     | app.engine.strategies.manager:evaluate:110 - strategy_manager: vwap fired in regime=range conf=0.60 (perf×1.00): price near VWAP 81075.1762 in uptrend
2026-05-13 13:12:09.411 | WARNING  | app.engine.strategies.manager:evaluate:104 - strategy smart_trend raised: The truth value of a DataFrame is ambiguous. Use a.empty, a.bool(), a.item(), a.any() or a.all().
2026-05-13 13:12:09.416 | INFO     | app.engine.strategies.manager:evaluate:110 - strategy_manager: vwap fired in regime=trend_up conf=0.60 (perf×1.00): price near VWAP 678.5676 in uptrend
2026-05-13 13:12:09.962 | INFO     | app.engine.strategies.manager:evaluate:110 - strategy_manager: vwap fired in regime=range conf=0.60 (perf×1.00): price near VWAP 81075.2208 in uptrend
2026-05-13 13:12:14.837 | WARNING  | app.engine.strategies.manager:evaluate:104 - strategy smart_trend raised: The truth value of a DataFrame is ambiguous. Use a.empty, a.bool(), a.item(), a.any() or a.all().
2026-05-13 13:12:14.845 | INFO     | app.engine.strategies.manager:evaluate:110 - strategy_manager: vwap fired in regime=trend_up conf=0.60 (perf×1.00): price near VWAP 678.5676 in uptrend
2026-05-13 13:12:15.229 | INFO     | app.engine.strategies.manager:evaluate:110 - strategy_manager: vwap fired in regime=range conf=0.60 (perf×1.00): price near VWAP 81075.2208 in uptrend
2026-05-13 13:12:19.863 | WARNING  | app.engine.strategies.manager:evaluate:104 - strategy smart_trend raised: The truth value of a DataFrame is ambiguous. Use a.empty, a.bool(), a.item(), a.any() or a.all().
2026-05-13 13:12:19.871 | INFO     | app.engine.strategies.manager:evaluate:110 - strategy_manager: vwap fired in regime=trend_up conf=0.60 (perf×1.00): price near VWAP 678.5676 in uptrend
2026-05-13 13:12:20.278 | INFO     | app.engine.strategies.manager:evaluate:110 - strategy_manager: vwap fired in regime=range conf=0.60 (perf×1.00): price near VWAP 81075.2208 in uptrend
2026-05-13 13:12:24.889 | WARNING  | app.engine.strategies.manager:evaluate:104 - strategy smart_trend raised: The truth value of a DataFrame is ambiguous. Use a.empty, a.bool(), a.item(), a.any() or a.all().
2026-05-13 13:12:24.896 | INFO     | app.engine.strategies.manager:evaluate:110 - strategy_manager: vwap fired in regime=trend_up conf=0.60 (perf×1.00): price near VWAP 678.5676 in uptrend
2026-05-13 13:12:25.312 | INFO     | app.engine.strategies.manager:evaluate:110 - strategy_manager: vwap fired in regime=range conf=0.60 (perf×1.00): price near VWAP 81075.2208 in uptrend
2026-05-13 13:12:30.134 | WARNING  | app.engine.strategies.manager:evaluate:104 - strategy smart_trend raised: The truth value of a DataFrame is ambiguous. Use a.empty, a.bool(), a.item(), a.any() or a.all().
2026-05-13 13:12:30.139 | INFO     | app.engine.strategies.manager:evaluate:110 - strategy_manager: vwap fired in regime=trend_up conf=0.60 (perf×1.00): price near VWAP 678.5677 in uptrend
2026-05-13 13:12:30.747 | INFO     | app.engine.strategies.manager:evaluate:110 - strategy_manager: vwap fired in regime=range conf=0.60 (perf×1.00): price near VWAP 81075.2493 in uptrend
2026-05-13 13:12:35.583 | WARNING  | app.engine.strategies.manager:evaluate:104 - strategy smart_trend raised: The truth value of a DataFrame is ambiguous. Use a.empty, a.bool(), a.item(), a.any() or a.all().
2026-05-13 13:12:35.596 | INFO     | app.engine.strategies.manager:evaluate:110 - strategy_manager: vwap fired in regime=trend_up conf=0.60 (perf×1.00): price near VWAP 678.5677 in uptrend
2026-05-13 13:12:36.020 | INFO     | app.engine.strategies.manager:evaluate:110 - strategy_manager: vwap fired in regime=range conf=0.60 (perf×1.00): price near VWAP 81075.2493 in uptrend
2026-05-13 13:12:40.616 | WARNING  | app.engine.strategies.manager:evaluate:104 - strategy smart_trend raised: The truth value of a DataFrame is ambiguous. Use a.empty, a.bool(), a.item(), a.any() or a.all().
2026-05-13 13:12:40.624 | INFO     | app.engine.strategies.manager:evaluate:110 - strategy_manager: vwap fired in regime=trend_up conf=0.60 (perf×1.00): price near VWAP 678.5677 in uptrend
2026-05-13 13:12:41.054 | INFO     | app.engine.strategies.manager:evaluate:110 - strategy_manager: vwap fired in regime=range conf=0.60 (perf×1.00): price near VWAP 81075.2493 in uptrend
2026-05-13 13:12:45.647 | WARNING  | app.engine.strategies.manager:evaluate:104 - strategy smart_trend raised: The truth value of a DataFrame is ambiguous. Use a.empty, a.bool(), a.item(), a.any() or a.all().
2026-05-13 13:12:45.653 | INFO     | app.engine.strategies.manager:evaluate:110 - strategy_manager: vwap fired in regime=trend_up conf=0.60 (perf×1.00): price near VWAP 678.5677 in uptrend
2026-05-13 13:12:46.090 | INFO     | app.engine.strategies.manager:evaluate:110 - strategy_manager: vwap fired in regime=range conf=0.60 (perf×1.00): price near VWAP 81075.2493 in uptrend
2026-05-13 13:12:50.907 | WARNING  | app.engine.strategies.manager:evaluate:104 - strategy smart_trend raised: The truth value of a DataFrame is ambiguous. Use a.empty, a.bool(), a.item(), a.any() or a.all().
2026-05-13 13:12:50.914 | INFO     | app.engine.strategies.manager:evaluate:110 - strategy_manager: vwap fired in regime=trend_up conf=0.60 (perf×1.00): price near VWAP 678.5666 in uptrend
2026-05-13 13:12:51.557 | INFO     | app.engine.strategies.manager:evaluate:110 - strategy_manager: vwap fired in regime=range conf=0.60 (perf×1.00): price near VWAP 81074.4363 in uptrend
2026-05-13 13:12:56.360 | WARNING  | app.engine.strategies.manager:evaluate:104 - strategy smart_trend raised: The truth value of a DataFrame is ambiguous. Use a.empty, a.bool(), a.item(), a.any() or a.all().
2026-05-13 13:12:56.366 | INFO     | app.engine.strategies.manager:evaluate:110 - strategy_manager: vwap fired in regime=trend_up conf=0.60 (perf×1.00): price near VWAP 678.5666 in uptrend
2026-05-13 13:12:56.852 | INFO     | app.engine.strategies.manager:evaluate:110 - strategy_manager: vwap fired in regime=range conf=0.60 (perf×1.00): price near VWAP 81074.4363 in uptrend
2026-05-13 13:13:01.389 | WARNING  | app.engine.strategies.manager:evaluate:104 - strategy smart_trend raised: The truth value of a DataFrame is ambiguous. Use a.empty, a.bool(), a.item(), a.any() or a.all().
2026-05-13 13:13:01.395 | INFO     | app.engine.strategies.manager:evaluate:110 - strategy_manager: vwap fired in regime=trend_up conf=0.60 (perf×1.00): price near VWAP 678.5666 in uptrend
2026-05-13 13:13:01.890 | INFO     | app.engine.strategies.manager:evaluate:110 - strategy_manager: vwap fired in regime=range conf=0.60 (perf×1.00): price near VWAP 81074.4363 in uptrend
2026-05-13 13:13:06.417 | WARNING  | app.engine.strategies.manager:evaluate:104 - strategy smart_trend raised: The truth value of a DataFrame is ambiguous. Use a.empty, a.bool(), a.item(), a.any() or a.all().
2026-05-13 13:13:06.425 | INFO     | app.engine.strategies.manager:evaluate:110 - strategy_manager: vwap fired in regime=trend_up conf=0.60 (perf×1.00): price near VWAP 678.5666 in uptrend
2026-05-13 13:13:06.922 | INFO     | app.engine.strategies.manager:evaluate:110 - strategy_manager: vwap fired in regime=range conf=0.60 (perf×1.00): price near VWAP 81074.4363 in uptrend
2026-05-13 13:13:11.872 | WARNING  | app.engine.strategies.manager:evaluate:104 - strategy smart_trend raised: The truth value of a DataFrame is ambiguous. Use a.empty, a.bool(), a.item(), a.any() or a.all().
2026-05-13 13:13:11.879 | INFO     | app.engine.strategies.manager:evaluate:110 - strategy_manager: vwap fired in regime=trend_up conf=0.60 (perf×1.00): price near VWAP 678.5628 in uptrend
2026-05-13 13:13:12.180 | INFO     | app.engine.strategies.manager:evaluate:110 - strategy_manager: vwap fired in regime=range conf=0.60 (perf×1.00): price near VWAP 81074.4157 in uptrend
2026-05-13 13:13:16.896 | WARNING  | app.engine.strategies.manager:evaluate:104 - strategy smart_trend raised: The truth value of a DataFrame is ambiguous. Use a.empty, a.bool(), a.item(), a.any() or a.all().
2026-05-13 13:13:16.905 | INFO     | app.engine.strategies.manager:evaluate:110 - strategy_manager: vwap fired in regime=trend_up conf=0.60 (perf×1.00): price near VWAP 678.5628 in uptrend
2026-05-13 13:13:17.442 | INFO     | app.engine.strategies.manager:evaluate:110 - strategy_manager: vwap fired in regime=range conf=0.60 (perf×1.00): price near VWAP 81074.4157 in uptrend
2026-05-13 13:13:21.927 | WARNING  | app.engine.strategies.manager:evaluate:104 - strategy smart_trend raised: The truth value of a DataFrame is ambiguous. Use a.empty, a.bool(), a.item(), a.any() or a.all().
2026-05-13 13:13:21.931 | INFO     | app.engine.strategies.manager:evaluate:110 - strategy_manager: vwap fired in regime=trend_up conf=0.60 (perf×1.00): price near VWAP 678.5628 in uptrend
2026-05-13 13:13:22.479 | INFO     | app.engine.strategies.manager:evaluate:110 - strategy_manager: vwap fired in regime=range conf=0.60 (perf×1.00): price near VWAP 81074.4157 in uptrend
2026-05-13 13:13:26.948 | WARNING  | app.engine.strategies.manager:evaluate:104 - strategy smart_trend raised: The truth value of a DataFrame is ambiguous. Use a.empty, a.bool(), a.item(), a.any() or a.all().
2026-05-13 13:13:26.956 | INFO     | app.engine.strategies.manager:evaluate:110 - strategy_manager: vwap fired in regime=trend_up conf=0.60 (perf×1.00): price near VWAP 678.5628 in uptrend
2026-05-13 13:13:27.517 | INFO     | app.engine.strategies.manager:evaluate:110 - strategy_manager: vwap fired in regime=range conf=0.60 (perf×1.00): price near VWAP 81074.4157 in uptrend
2026-05-13 13:13:32.199 | WARNING  | app.engine.strategies.manager:evaluate:104 - strategy smart_trend raised: The truth value of a DataFrame is ambiguous. Use a.empty, a.bool(), a.item(), a.any() or a.all().
2026-05-13 13:13:32.205 | INFO     | app.engine.strategies.manager:evaluate:110 - strategy_manager: vwap fired in regime=trend_up conf=0.60 (perf×1.00): price near VWAP 678.5627 in uptrend
2026-05-13 13:13:32.787 | INFO     | app.engine.strategies.manager:evaluate:110 - strategy_manager: vwap fired in regime=range conf=0.60 (perf×1.00): price near VWAP 81074.2104 in uptrend
2026-05-13 13:13:37.225 | WARNING  | app.engine.strategies.manager:evaluate:104 - strategy smart_trend raised: The truth value of a DataFrame is ambiguous. Use a.empty, a.bool(), a.item(), a.any() or a.all().
2026-05-13 13:13:37.233 | INFO     | app.engine.strategies.manager:evaluate:110 - strategy_manager: vwap fired in regime=trend_up conf=0.60 (perf×1.00): price near VWAP 678.5627 in uptrend
2026-05-13 13:13:38.055 | INFO     | app.engine.strategies.manager:evaluate:110 - strategy_manager: vwap fired in regime=range conf=0.60 (perf×1.00): price near VWAP 81074.2104 in uptrend
2026-05-13 13:13:42.250 | WARNING  | app.engine.strategies.manager:evaluate:104 - strategy smart_trend raised: The truth value of a DataFrame is ambiguous. Use a.empty, a.bool(), a.item(), a.any() or a.all().
2026-05-13 13:13:42.258 | INFO     | app.engine.strategies.manager:evaluate:110 - strategy_manager: vwap fired in regime=trend_up conf=0.60 (perf×1.00): price near VWAP 678.5627 in uptrend
2026-05-13 13:13:43.091 | INFO     | app.engine.strategies.manager:evaluate:110 - strategy_manager: vwap fired in regime=range conf=0.60 (perf×1.00): price near VWAP 81074.2104 in uptrend
2026-05-13 13:13:47.274 | WARNING  | app.engine.strategies.manager:evaluate:104 - strategy smart_trend raised: The truth value of a DataFrame is ambiguous. Use a.empty, a.bool(), a.item(), a.any() or a.all().
2026-05-13 13:13:47.282 | INFO     | app.engine.strategies.manager:evaluate:110 - strategy_manager: vwap fired in regime=trend_up conf=0.60 (perf×1.00): price near VWAP 678.5627 in uptrend
2026-05-13 13:13:48.127 | INFO     | app.engine.strategies.manager:evaluate:110 - strategy_manager: vwap fired in regime=range conf=0.60 (perf×1.00): price near VWAP 81074.2104 in uptrend
2026-05-13 13:13:52.540 | WARNING  | app.engine.strategies.manager:evaluate:104 - strategy smart_trend raised: The truth value of a DataFrame is ambiguous. Use a.empty, a.bool(), a.item(), a.any() or a.all().
2026-05-13 13:13:52.549 | INFO     | app.engine.strategies.manager:evaluate:110 - strategy_manager: vwap fired in regime=trend_up conf=0.60 (perf×1.00): price near VWAP 678.5623 in uptrend
2026-05-13 13:13:53.389 | INFO     | app.engine.strategies.manager:evaluate:110 - strategy_manager: vwap fired in regime=range conf=0.60 (perf×1.00): price near VWAP 81073.6125 in uptrend
2026-05-13 13:13:57.568 | WARNING  | app.engine.strategies.manager:evaluate:104 - strategy smart_trend raised: The truth value of a DataFrame is ambiguous. Use a.empty, a.bool(), a.item(), a.any() or a.all().
2026-05-13 13:13:57.575 | INFO     | app.engine.strategies.manager:evaluate:110 - strategy_manager: vwap fired in regime=trend_up conf=0.60 (perf×1.00): price near VWAP 678.5623 in uptrend
2026-05-13 13:13:58.662 | INFO     | app.engine.strategies.manager:evaluate:110 - strategy_manager: vwap fired in regime=range conf=0.60 (perf×1.00): price near VWAP 81073.6125 in uptrend
2026-05-13 13:14:02.591 | WARNING  | app.engine.strategies.manager:evaluate:104 - strategy smart_trend raised: The truth value of a DataFrame is ambiguous. Use a.empty, a.bool(), a.item(), a.any() or a.all().
2026-05-13 13:14:02.600 | INFO     | app.engine.strategies.manager:evaluate:110 - strategy_manager: vwap fired in regime=trend_up conf=0.60 (perf×1.00): price near VWAP 678.5623 in uptrend
2026-05-13 13:14:03.707 | INFO     | app.engine.strategies.manager:evaluate:110 - strategy_manager: vwap fired in regime=range conf=0.60 (perf×1.00): price near VWAP 81073.6125 in uptrend
2026-05-13 13:14:07.624 | WARNING  | app.engine.strategies.manager:evaluate:104 - strategy smart_trend raised: The truth value of a DataFrame is ambiguous. Use a.empty, a.bool(), a.item(), a.any() or a.all().
2026-05-13 13:14:07.633 | INFO     | app.engine.strategies.manager:evaluate:110 - strategy_manager: vwap fired in regime=trend_up conf=0.60 (perf×1.00): price near VWAP 678.5623 in uptrend
2026-05-13 13:14:08.744 | INFO     | app.engine.strategies.manager:evaluate:110 - strategy_manager: vwap fired in regime=range conf=0.60 (perf×1.00): price near VWAP 81073.6125 in uptrend
2026-05-13 13:14:12.883 | WARNING  | app.engine.strategies.manager:evaluate:104 - strategy smart_trend raised: The truth value of a DataFrame is ambiguous. Use a.empty, a.bool(), a.item(), a.any() or a.all().
2026-05-13 13:14:12.889 | INFO     | app.engine.strategies.manager:evaluate:110 - strategy_manager: vwap fired in regime=trend_up conf=0.60 (perf×1.00): price near VWAP 678.5639 in uptrend
2026-05-13 13:14:14.104 | INFO     | app.engine.strategies.manager:evaluate:110 - strategy_manager: vwap fired in regime=range conf=0.60 (perf×1.00): price near VWAP 81073.4412 in uptrend
2026-05-13 13:14:18.319 | WARNING  | app.engine.strategies.manager:evaluate:104 - strategy smart_trend raised: The truth value of a DataFrame is ambiguous. Use a.empty, a.bool(), a.item(), a.any() or a.all().
2026-05-13 13:14:18.328 | INFO     | app.engine.strategies.manager:evaluate:110 - strategy_manager: vwap fired in regime=trend_up conf=0.60 (perf×1.00): price near VWAP 678.5639 in uptrend
2026-05-13 13:14:19.381 | INFO     | app.engine.strategies.manager:evaluate:110 - strategy_manager: vwap fired in regime=range conf=0.60 (perf×1.00): price near VWAP 81073.4412 in uptrend
2026-05-13 13:14:23.352 | WARNING  | app.engine.strategies.manager:evaluate:104 - strategy smart_trend raised: The truth value of a DataFrame is ambiguous. Use a.empty, a.bool(), a.item(), a.any() or a.all().
2026-05-13 13:14:23.359 | INFO     | app.engine.strategies.manager:evaluate:110 - strategy_manager: vwap fired in regime=trend_up conf=0.60 (perf×1.00): price near VWAP 678.5639 in uptrend
2026-05-13 13:14:24.419 | INFO     | app.engine.strategies.manager:evaluate:110 - strategy_manager: vwap fired in regime=range conf=0.60 (perf×1.00): price near VWAP 81073.4412 in uptrend
2026-05-13 13:14:28.377 | WARNING  | app.engine.strategies.manager:evaluate:104 - strategy smart_trend raised: The truth value of a DataFrame is ambiguous. Use a.empty, a.bool(), a.item(), a.any() or a.all().
2026-05-13 13:14:28.385 | INFO     | app.engine.strategies.manager:evaluate:110 - strategy_manager: vwap fired in regime=trend_up conf=0.60 (perf×1.00): price near VWAP 678.5639 in uptrend
2026-05-13 13:14:29.450 | INFO     | app.engine.strategies.manager:evaluate:110 - strategy_manager: vwap fired in regime=range conf=0.60 (perf×1.00): price near VWAP 81073.4412 in uptrend
2026-05-13 13:14:33.641 | WARNING  | app.engine.strategies.manager:evaluate:104 - strategy smart_trend raised: The truth value of a DataFrame is ambiguous. Use a.empty, a.bool(), a.item(), a.any() or a.all().
2026-05-13 13:14:33.647 | INFO     | app.engine.strategies.manager:evaluate:110 - strategy_manager: vwap fired in regime=trend_up conf=0.60 (perf×1.00): price near VWAP 678.5654 in uptrend
2026-05-13 13:14:34.715 | INFO     | app.engine.strategies.manager:evaluate:110 - strategy_manager: vwap fired in regime=range conf=0.60 (perf×1.00): price near VWAP 81073.3290 in uptrend
2026-05-13 13:14:39.081 | WARNING  | app.engine.strategies.manager:evaluate:104 - strategy smart_trend raised: The truth value of a DataFrame is ambiguous. Use a.empty, a.bool(), a.item(), a.any() or a.all().
2026-05-13 13:14:39.093 | INFO     | app.engine.strategies.manager:evaluate:110 - strategy_manager: vwap fired in regime=trend_up conf=0.60 (perf×1.00): price near VWAP 678.5654 in uptrend
2026-05-13 13:14:39.977 | INFO     | app.engine.strategies.manager:evaluate:110 - strategy_manager: vwap fired in regime=range conf=0.60 (perf×1.00): price near VWAP 81073.3290 in uptrend
2026-05-13 13:14:44.112 | WARNING  | app.engine.strategies.manager:evaluate:104 - strategy smart_trend raised: The truth value of a DataFrame is ambiguous. Use a.empty, a.bool(), a.item(), a.any() or a.all().
2026-05-13 13:14:44.120 | INFO     | app.engine.strategies.manager:evaluate:110 - strategy_manager: vwap fired in regime=trend_up conf=0.60 (perf×1.00): price near VWAP 678.5654 in uptrend
2026-05-13 13:14:45.014 | INFO     | app.engine.strategies.manager:evaluate:110 - strategy_manager: vwap fired in regime=range conf=0.60 (perf×1.00): price near VWAP 81073.3290 in uptrend
2026-05-13 13:14:49.143 | WARNING  | app.engine.strategies.manager:evaluate:104 - strategy smart_trend raised: The truth value of a DataFrame is ambiguous. Use a.empty, a.bool(), a.item(), a.any() or a.all().
2026-05-13 13:14:49.150 | INFO     | app.engine.strategies.manager:evaluate:110 - strategy_manager: vwap fired in regime=trend_up conf=0.60 (perf×1.00): price near VWAP 678.5654 in uptrend
2026-05-13 13:14:50.049 | INFO     | app.engine.strategies.manager:evaluate:110 - strategy_manager: vwap fired in regime=range conf=0.60 (perf×1.00): price near VWAP 81073.3290 in uptrend
2026-05-13 13:14:54.403 | WARNING  | app.engine.strategies.manager:evaluate:104 - strategy smart_trend raised: The truth value of a DataFrame is ambiguous. Use a.empty, a.bool(), a.item(), a.any() or a.all().
2026-05-13 13:14:54.410 | INFO     | app.engine.strategies.manager:evaluate:110 - strategy_manager: vwap fired in regime=trend_up conf=0.60 (perf×1.00): price near VWAP 678.5655 in uptrend
2026-05-13 13:14:55.362 | INFO     | app.engine.strategies.manager:evaluate:110 - strategy_manager: vwap fired in regime=range conf=0.60 (perf×1.00): price near VWAP 81073.0888 in uptrend
2026-05-13 13:14:59.851 | WARNING  | app.engine.strategies.manager:evaluate:104 - strategy smart_trend raised: The truth value of a DataFrame is ambiguous. Use a.empty, a.bool(), a.item(), a.any() or a.all().
2026-05-13 13:14:59.857 | INFO     | app.engine.strategies.manager:evaluate:110 - strategy_manager: vwap fired in regime=trend_up conf=0.60 (perf×1.00): price near VWAP 678.5655 in uptrend
2026-05-13 13:15:00.635 | INFO     | app.engine.strategies.manager:evaluate:110 - strategy_manager: vwap fired in regime=range conf=0.60 (perf×1.00): price near VWAP 81073.0888 in uptrend
2026-05-13 13:15:04.874 | WARNING  | app.engine.strategies.manager:evaluate:104 - strategy smart_trend raised: The truth value of a DataFrame is ambiguous. Use a.empty, a.bool(), a.item(), a.any() or a.all().
2026-05-13 13:15:04.881 | INFO     | app.engine.strategies.manager:evaluate:110 - strategy_manager: vwap fired in regime=trend_up conf=0.60 (perf×1.00): price near VWAP 678.5655 in uptrend
2026-05-13 13:15:05.676 | INFO     | app.engine.strategies.manager:evaluate:110 - strategy_manager: vwap fired in regime=range conf=0.60 (perf×1.00): price near VWAP 81073.0888 in uptrend
2026-05-13 13:15:09.904 | WARNING  | app.engine.strategies.manager:evaluate:104 - strategy smart_trend raised: The truth value of a DataFrame is ambiguous. Use a.empty, a.bool(), a.item(), a.any() or a.all().
2026-05-13 13:15:09.916 | INFO     | app.engine.strategies.manager:evaluate:110 - strategy_manager: vwap fired in regime=trend_up conf=0.60 (perf×1.00): price near VWAP 678.5655 in uptrend
2026-05-13 13:15:10.700 | INFO     | app.engine.strategies.manager:evaluate:110 - strategy_manager: vwap fired in regime=range conf=0.60 (perf×1.00): price near VWAP 81073.0888 in uptrend
2026-05-13 13:15:15.152 | WARNING  | app.engine.strategies.manager:evaluate:104 - strategy smart_trend raised: The truth value of a DataFrame is ambiguous. Use a.empty, a.bool(), a.item(), a.any() or a.all().
2026-05-13 13:15:15.156 | INFO     | app.engine.strategies.manager:evaluate:110 - strategy_manager: vwap fired in regime=trend_up conf=0.60 (perf×1.00): price near VWAP 678.5948 in uptrend
2026-05-13 13:15:15.964 | INFO     | app.engine.strategies.manager:evaluate:110 - strategy_manager: vwap fired in regime=range conf=0.60 (perf×1.00): price near VWAP 81067.6683 in uptrend
2026-05-13 13:15:20.581 | WARNING  | app.engine.strategies.manager:evaluate:104 - strategy smart_trend raised: The truth value of a DataFrame is ambiguous. Use a.empty, a.bool(), a.item(), a.any() or a.all().
2026-05-13 13:15:20.589 | INFO     | app.engine.strategies.manager:evaluate:110 - strategy_manager: vwap fired in regime=trend_up conf=0.60 (perf×1.00): price near VWAP 678.5948 in uptrend
2026-05-13 13:15:21.239 | INFO     | app.engine.strategies.manager:evaluate:110 - strategy_manager: vwap fired in regime=range conf=0.60 (perf×1.00): price near VWAP 81067.6683 in uptrend
2026-05-13 13:15:25.609 | WARNING  | app.engine.strategies.manager:evaluate:104 - strategy smart_trend raised: The truth value of a DataFrame is ambiguous. Use a.empty, a.bool(), a.item(), a.any() or a.all().
2026-05-13 13:15:25.616 | INFO     | app.engine.strategies.manager:evaluate:110 - strategy_manager: vwap fired in regime=trend_up conf=0.60 (perf×1.00): price near VWAP 678.5948 in uptrend
2026-05-13 13:15:26.277 | INFO     | app.engine.strategies.manager:evaluate:110 - strategy_manager: vwap fired in regime=range conf=0.60 (perf×1.00): price near VWAP 81067.6683 in uptrend
2026-05-13 13:15:30.630 | WARNING  | app.engine.strategies.manager:evaluate:104 - strategy smart_trend raised: The truth value of a DataFrame is ambiguous. Use a.empty, a.bool(), a.item(), a.any() or a.all().
2026-05-13 13:15:30.640 | INFO     | app.engine.strategies.manager:evaluate:110 - strategy_manager: vwap fired in regime=trend_up conf=0.60 (perf×1.00): price near VWAP 678.5948 in uptrend
2026-05-13 13:15:31.318 | INFO     | app.engine.strategies.manager:evaluate:110 - strategy_manager: vwap fired in regime=range conf=0.60 (perf×1.00): price near VWAP 81067.6683 in uptrend
2026-05-13 13:15:35.887 | WARNING  | app.engine.strategies.manager:evaluate:104 - strategy smart_trend raised: The truth value of a DataFrame is ambiguous. Use a.empty, a.bool(), a.item(), a.any() or a.all().
2026-05-13 13:15:35.895 | INFO     | app.engine.strategies.manager:evaluate:110 - strategy_manager: vwap fired in regime=trend_up conf=0.60 (perf×1.00): price near VWAP 678.5953 in uptrend
2026-05-13 13:15:36.752 | INFO     | app.engine.strategies.manager:evaluate:110 - strategy_manager: vwap fired in regime=range conf=0.60 (perf×1.00): price near VWAP 81067.3801 in uptrend
2026-05-13 13:15:41.321 | WARNING  | app.engine.strategies.manager:evaluate:104 - strategy smart_trend raised: The truth value of a DataFrame is ambiguous. Use a.empty, a.bool(), a.item(), a.any() or a.all().
2026-05-13 13:15:41.330 | INFO     | app.engine.strategies.manager:evaluate:110 - strategy_manager: vwap fired in regime=trend_up conf=0.60 (perf×1.00): price near VWAP 678.5953 in uptrend
2026-05-13 13:15:42.017 | INFO     | app.engine.strategies.manager:evaluate:110 - strategy_manager: vwap fired in regime=range conf=0.60 (perf×1.00): price near VWAP 81067.3801 in uptrend
2026-05-13 13:15:46.358 | WARNING  | app.engine.strategies.manager:evaluate:104 - strategy smart_trend raised: The truth value of a DataFrame is ambiguous. Use a.empty, a.bool(), a.item(), a.any() or a.all().
2026-05-13 13:15:46.365 | INFO     | app.engine.strategies.manager:evaluate:110 - strategy_manager: vwap fired in regime=trend_up conf=0.60 (perf×1.00): price near VWAP 678.5953 in uptrend
2026-05-13 13:15:47.055 | INFO     | app.engine.strategies.manager:evaluate:110 - strategy_manager: vwap fired in regime=range conf=0.60 (perf×1.00): price near VWAP 81067.3801 in uptrend
2026-05-13 13:15:51.375 | WARNING  | app.engine.strategies.manager:evaluate:104 - strategy smart_trend raised: The truth value of a DataFrame is ambiguous. Use a.empty, a.bool(), a.item(), a.any() or a.all().
2026-05-13 13:15:51.383 | INFO     | app.engine.strategies.manager:evaluate:110 - strategy_manager: vwap fired in regime=trend_up conf=0.60 (perf×1.00): price near VWAP 678.5953 in uptrend
2026-05-13 13:15:52.089 | INFO     | app.engine.strategies.manager:evaluate:110 - strategy_manager: vwap fired in regime=range conf=0.60 (perf×1.00): price near VWAP 81067.3801 in uptrend
2026-05-13 13:15:56.797 | WARNING  | app.engine.strategies.manager:evaluate:104 - strategy smart_trend raised: The truth value of a DataFrame is ambiguous. Use a.empty, a.bool(), a.item(), a.any() or a.all().
2026-05-13 13:15:56.804 | INFO     | app.engine.strategies.manager:evaluate:110 - strategy_manager: vwap fired in regime=trend_up conf=0.60 (perf×1.00): price near VWAP 678.5955 in uptrend
2026-05-13 13:15:57.361 | INFO     | app.engine.strategies.manager:evaluate:110 - strategy_manager: vwap fired in regime=range conf=0.60 (perf×1.00): price near VWAP 81067.2165 in uptrend
2026-05-13 13:16:01.821 | WARNING  | app.engine.strategies.manager:evaluate:104 - strategy smart_trend raised: The truth value of a DataFrame is ambiguous. Use a.empty, a.bool(), a.item(), a.any() or a.all().
2026-05-13 13:16:01.828 | INFO     | app.engine.strategies.manager:evaluate:110 - strategy_manager: vwap fired in regime=trend_up conf=0.60 (perf×1.00): price near VWAP 678.5955 in uptrend
2026-05-13 13:16:02.631 | INFO     | app.engine.strategies.manager:evaluate:110 - strategy_manager: vwap fired in regime=range conf=0.60 (perf×1.00): price near VWAP 81067.2165 in uptrend
2026-05-13 13:16:06.844 | WARNING  | app.engine.strategies.manager:evaluate:104 - strategy smart_trend raised: The truth value of a DataFrame is ambiguous. Use a.empty, a.bool(), a.item(), a.any() or a.all().
2026-05-13 13:16:06.853 | INFO     | app.engine.strategies.manager:evaluate:110 - strategy_manager: vwap fired in regime=trend_up conf=0.60 (perf×1.00): price near VWAP 678.5955 in uptrend
2026-05-13 13:16:07.671 | INFO     | app.engine.strategies.manager:evaluate:110 - strategy_manager: vwap fired in regime=range conf=0.60 (perf×1.00): price near VWAP 81067.2165 in uptrend
2026-05-13 13:16:11.870 | WARNING  | app.engine.strategies.manager:evaluate:104 - strategy smart_trend raised: The truth value of a DataFrame is ambiguous. Use a.empty, a.bool(), a.item(), a.any() or a.all().
2026-05-13 13:16:11.878 | INFO     | app.engine.strategies.manager:evaluate:110 - strategy_manager: vwap fired in regime=trend_up conf=0.60 (perf×1.00): price near VWAP 678.5955 in uptrend
2026-05-13 13:16:12.706 | INFO     | app.engine.strategies.manager:evaluate:110 - strategy_manager: vwap fired in regime=range conf=0.60 (perf×1.00): price near VWAP 81067.2165 in uptrend
2026-05-13 13:16:17.130 | WARNING  | app.engine.strategies.manager:evaluate:104 - strategy smart_trend raised: The truth value of a DataFrame is ambiguous. Use a.empty, a.bool(), a.item(), a.any() or a.all().
2026-05-13 13:16:17.138 | INFO     | app.engine.strategies.manager:evaluate:110 - strategy_manager: vwap fired in regime=trend_up conf=0.60 (perf×1.00): price near VWAP 678.5958 in uptrend
2026-05-13 13:16:17.979 | INFO     | app.engine.strategies.manager:evaluate:110 - strategy_manager: vwap fired in regime=range conf=0.60 (perf×1.00): price near VWAP 81067.0802 in uptrend
2026-05-13 13:16:22.573 | WARNING  | app.engine.strategies.manager:evaluate:104 - strategy smart_trend raised: The truth value of a DataFrame is ambiguous. Use a.empty, a.bool(), a.item(), a.any() or a.all().
2026-05-13 13:16:22.583 | INFO     | app.engine.strategies.manager:evaluate:110 - strategy_manager: vwap fired in regime=trend_up conf=0.60 (perf×1.00): price near VWAP 678.5958 in uptrend
2026-05-13 13:16:23.253 | INFO     | app.engine.strategies.manager:evaluate:110 - strategy_manager: vwap fired in regime=range conf=0.60 (perf×1.00): price near VWAP 81067.0802 in uptrend
2026-05-13 13:16:27.601 | WARNING  | app.engine.strategies.manager:evaluate:104 - strategy smart_trend raised: The truth value of a DataFrame is ambiguous. Use a.empty, a.bool(), a.item(), a.any() or a.all().
2026-05-13 13:16:27.610 | INFO     | app.engine.strategies.manager:evaluate:110 - strategy_manager: vwap fired in regime=trend_up conf=0.60 (perf×1.00): price near VWAP 678.5958 in uptrend
2026-05-13 13:16:28.288 | INFO     | app.engine.strategies.manager:evaluate:110 - strategy_manager: vwap fired in regime=range conf=0.60 (perf×1.00): price near VWAP 81067.0802 in uptrend
2026-05-13 13:16:32.633 | WARNING  | app.engine.strategies.manager:evaluate:104 - strategy smart_trend raised: The truth value of a DataFrame is ambiguous. Use a.empty, a.bool(), a.item(), a.any() or a.all().
2026-05-13 13:16:32.642 | INFO     | app.engine.strategies.manager:evaluate:110 - strategy_manager: vwap fired in regime=trend_up conf=0.60 (perf×1.00): price near VWAP 678.5958 in uptrend
2026-05-13 13:16:33.317 | INFO     | app.engine.strategies.manager:evaluate:110 - strategy_manager: vwap fired in regime=range conf=0.60 (perf×1.00): price near VWAP 81067.0802 in uptrend
2026-05-13 13:16:37.902 | WARNING  | app.engine.strategies.manager:evaluate:104 - strategy smart_trend raised: The truth value of a DataFrame is ambiguous. Use a.empty, a.bool(), a.item(), a.any() or a.all().
2026-05-13 13:16:37.911 | INFO     | app.engine.strategies.manager:evaluate:110 - strategy_manager: vwap fired in regime=trend_up conf=0.60 (perf×1.00): price near VWAP 678.5958 in uptrend
2026-05-13 13:16:38.667 | INFO     | app.engine.strategies.manager:evaluate:110 - strategy_manager: vwap fired in regime=range conf=0.60 (perf×1.00): price near VWAP 81066.8781 in uptrend
2026-05-13 13:16:43.339 | WARNING  | app.engine.strategies.manager:evaluate:104 - strategy smart_trend raised: The truth value of a DataFrame is ambiguous. Use a.empty, a.bool(), a.item(), a.any() or a.all().
2026-05-13 13:16:43.348 | INFO     | app.engine.strategies.manager:evaluate:110 - strategy_manager: vwap fired in regime=trend_up conf=0.60 (perf×1.00): price near VWAP 678.5958 in uptrend
2026-05-13 13:16:43.973 | INFO     | app.engine.strategies.manager:evaluate:110 - strategy_manager: vwap fired in regime=range conf=0.60 (perf×1.00): price near VWAP 81066.8781 in uptrend
2026-05-13 13:16:48.365 | WARNING  | app.engine.strategies.manager:evaluate:104 - strategy smart_trend raised: The truth value of a DataFrame is ambiguous. Use a.empty, a.bool(), a.item(), a.any() or a.all().
2026-05-13 13:16:48.373 | INFO     | app.engine.strategies.manager:evaluate:110 - strategy_manager: vwap fired in regime=trend_up conf=0.60 (perf×1.00): price near VWAP 678.5958 in uptrend
2026-05-13 13:16:49.010 | INFO     | app.engine.strategies.manager:evaluate:110 - strategy_manager: vwap fired in regime=range conf=0.60 (perf×1.00): price near VWAP 81066.8781 in uptrend
2026-05-13 13:16:53.389 | WARNING  | app.engine.strategies.manager:evaluate:104 - strategy smart_trend raised: The truth value of a DataFrame is ambiguous. Use a.empty, a.bool(), a.item(), a.any() or a.all().
2026-05-13 13:16:53.397 | INFO     | app.engine.strategies.manager:evaluate:110 - strategy_manager: vwap fired in regime=trend_up conf=0.60 (perf×1.00): price near VWAP 678.5958 in uptrend
2026-05-13 13:16:54.043 | INFO     | app.engine.strategies.manager:evaluate:110 - strategy_manager: vwap fired in regime=range conf=0.60 (perf×1.00): price near VWAP 81066.8781 in uptrend
2026-05-13 13:16:58.633 | WARNING  | app.engine.strategies.manager:evaluate:104 - strategy smart_trend raised: The truth value of a DataFrame is ambiguous. Use a.empty, a.bool(), a.item(), a.any() or a.all().
2026-05-13 13:16:58.638 | INFO     | app.engine.strategies.manager:evaluate:110 - strategy_manager: vwap fired in regime=trend_up conf=0.60 (perf×1.00): price near VWAP 678.5959 in uptrend
2026-05-13 13:16:59.309 | INFO     | app.engine.strategies.manager:evaluate:110 - strategy_manager: vwap fired in regime=range conf=0.60 (perf×1.00): price near VWAP 81066.7628 in uptrend
2026-05-13 13:17:04.072 | WARNING  | app.engine.strategies.manager:evaluate:104 - strategy smart_trend raised: The truth value of a DataFrame is ambiguous. Use a.empty, a.bool(), a.item(), a.any() or a.all().
2026-05-13 13:17:04.080 | INFO     | app.engine.strategies.manager:evaluate:110 - strategy_manager: vwap fired in regime=trend_up conf=0.60 (perf×1.00): price near VWAP 678.5959 in uptrend
2026-05-13 13:17:04.576 | INFO     | app.engine.strategies.manager:evaluate:110 - strategy_manager: vwap fired in regime=range conf=0.60 (perf×1.00): price near VWAP 81066.7628 in uptrend
2026-05-13 13:17:09.102 | WARNING  | app.engine.strategies.manager:evaluate:104 - strategy smart_trend raised: The truth value of a DataFrame is ambiguous. Use a.empty, a.bool(), a.item(), a.any() or a.all().
2026-05-13 13:17:09.111 | INFO     | app.engine.strategies.manager:evaluate:110 - strategy_manager: vwap fired in regime=trend_up conf=0.60 (perf×1.00): price near VWAP 678.5959 in uptrend
2026-05-13 13:17:09.606 | INFO     | app.engine.strategies.manager:evaluate:110 - strategy_manager: vwap fired in regime=range conf=0.60 (perf×1.00): price near VWAP 81066.7628 in uptrend
2026-05-13 13:17:14.128 | WARNING  | app.engine.strategies.manager:evaluate:104 - strategy smart_trend raised: The truth value of a DataFrame is ambiguous. Use a.empty, a.bool(), a.item(), a.any() or a.all().
2026-05-13 13:17:14.136 | INFO     | app.engine.strategies.manager:evaluate:110 - strategy_manager: vwap fired in regime=trend_up conf=0.60 (perf×1.00): price near VWAP 678.5959 in uptrend
2026-05-13 13:17:14.637 | INFO     | app.engine.strategies.manager:evaluate:110 - strategy_manager: vwap fired in regime=range conf=0.60 (perf×1.00): price near VWAP 81066.7628 in uptrend
2026-05-13 13:17:19.397 | WARNING  | app.engine.strategies.manager:evaluate:104 - strategy smart_trend raised: The truth value of a DataFrame is ambiguous. Use a.empty, a.bool(), a.item(), a.any() or a.all().
2026-05-13 13:17:19.402 | INFO     | app.engine.strategies.manager:evaluate:110 - strategy_manager: vwap fired in regime=trend_up conf=0.60 (perf×1.00): price near VWAP 678.5951 in uptrend
2026-05-13 13:17:20.074 | INFO     | app.engine.strategies.manager:evaluate:110 - strategy_manager: vwap fired in regime=range conf=0.60 (perf×1.00): price near VWAP 81066.5561 in uptrend
2026-05-13 13:17:24.863 | WARNING  | app.engine.strategies.manager:evaluate:104 - strategy smart_trend raised: The truth value of a DataFrame is ambiguous. Use a.empty, a.bool(), a.item(), a.any() or a.all().
2026-05-13 13:17:24.872 | INFO     | app.engine.strategies.manager:evaluate:110 - strategy_manager: vwap fired in regime=trend_up conf=0.60 (perf×1.00): price near VWAP 678.5951 in uptrend
2026-05-13 13:17:27.901 | WARNING  | app.engine.ai.lstm:load:50 - torch not installed — LSTM disabled. `pip install torch` to enable.
2026-05-13 13:17:27.901 | WARNING  | app.engine.ai.confirmation:__init__:36 - AI is enabled but no models are loaded. Train via scripts/train_ai.py. AI will pass through (not block) signals until trained.
2026-05-13 13:17:50.475 | WARNING  | app.engine.ai.lstm:load:50 - torch not installed — LSTM disabled. `pip install torch` to enable.
2026-05-13 13:17:50.475 | WARNING  | app.engine.ai.confirmation:__init__:36 - AI is enabled but no models are loaded. Train via scripts/train_ai.py. AI will pass through (not block) signals until trained.
2026-05-13 13:17:52.940 | WARNING  | app.engine.ai.lstm:load:50 - torch not installed — LSTM disabled. `pip install torch` to enable.
2026-05-13 13:17:52.941 | WARNING  | app.engine.ai.confirmation:__init__:36 - AI is enabled but no models are loaded. Train via scripts/train_ai.py. AI will pass through (not block) signals until trained.
2026-05-13 13:18:15.558 | WARNING  | app.engine.ai.lstm:load:50 - torch not installed — LSTM disabled. `pip install torch` to enable.
2026-05-13 13:18:15.558 | WARNING  | app.engine.ai.confirmation:__init__:36 - AI is enabled but no models are loaded. Train via scripts/train_ai.py. AI will pass through (not block) signals until trained.
2026-05-13 13:18:39.060 | WARNING  | app.engine.ai.lstm:load:50 - torch not installed — LSTM disabled. `pip install torch` to enable.
2026-05-13 13:18:39.061 | WARNING  | app.engine.ai.confirmation:__init__:36 - AI is enabled but no models are loaded. Train via scripts/train_ai.py. AI will pass through (not block) signals until trained.
2026-05-13 13:18:41.434 | WARNING  | app.engine.ai.lstm:load:50 - torch not installed — LSTM disabled. `pip install torch` to enable.
2026-05-13 13:18:41.434 | WARNING  | app.engine.ai.confirmation:__init__:36 - AI is enabled but no models are loaded. Train via scripts/train_ai.py. AI will pass through (not block) signals until trained.
2026-05-13 13:19:04.261 | WARNING  | app.engine.ai.lstm:load:50 - torch not installed — LSTM disabled. `pip install torch` to enable.
2026-05-13 13:19:04.261 | WARNING  | app.engine.ai.confirmation:__init__:36 - AI is enabled but no models are loaded. Train via scripts/train_ai.py. AI will pass through (not block) signals until trained.
2026-05-13 13:19:06.965 | WARNING  | app.engine.ai.lstm:load:50 - torch not installed — LSTM disabled. `pip install torch` to enable.
2026-05-13 13:19:06.965 | WARNING  | app.engine.ai.confirmation:__init__:36 - AI is enabled but no models are loaded. Train via scripts/train_ai.py. AI will pass through (not block) signals until trained.
2026-05-13 13:19:30.274 | WARNING  | app.engine.ai.lstm:load:50 - torch not installed — LSTM disabled. `pip install torch` to enable.
2026-05-13 13:19:30.274 | WARNING  | app.engine.ai.confirmation:__init__:36 - AI is enabled but no models are loaded. Train via scripts/train_ai.py. AI will pass through (not block) signals until trained.
2026-05-13 13:20:42.173 | WARNING  | app.engine.ai.lstm:load:50 - torch not installed — LSTM disabled. `pip install torch` to enable.
2026-05-13 13:20:42.173 | WARNING  | app.engine.ai.confirmation:__init__:36 - AI is enabled but no models are loaded. Train via scripts/train_ai.py. AI will pass through (not block) signals until trained.
2026-05-13 13:34:24.714 | WARNING  | app.engine.ai.lstm:load:50 - torch not installed — LSTM disabled. `pip install torch` to enable.
2026-05-13 13:34:24.715 | WARNING  | app.engine.ai.confirmation:__init__:36 - AI is enabled but no models are loaded. Train via scripts/train_ai.py. AI will pass through (not block) signals until trained.
2026-05-13 13:36:17.715 | WARNING  | app.engine.ai.lstm:load:50 - torch not installed — LSTM disabled. `pip install torch` to enable.
2026-05-13 13:36:17.716 | WARNING  | app.engine.ai.confirmation:__init__:36 - AI is enabled but no models are loaded. Train via scripts/train_ai.py. AI will pass through (not block) signals until trained.
2026-05-13 13:37:23.094 | WARNING  | app.engine.ai.lstm:load:50 - torch not installed — LSTM disabled. `pip install torch` to enable.
2026-05-13 13:37:23.094 | WARNING  | app.engine.ai.confirmation:__init__:36 - AI is enabled but no models are loaded. Train via scripts/train_ai.py. AI will pass through (not block) signals until trained.
2026-05-13 13:38:55.373 | INFO     | app.engine.window:create:144 - window created c1291597 duration=3600s deploy<=100.0
2026-05-13 13:38:55.986 | WARNING  | app.engine.strategies.manager:evaluate:104 - strategy smart_trend raised: The truth value of a DataFrame is ambiguous. Use a.empty, a.bool(), a.item(), a.any() or a.all().
2026-05-13 13:38:55.994 | INFO     | app.engine.strategies.manager:evaluate:110 - strategy_manager: vwap fired in regime=trend_up conf=0.60 (perf×1.00): price near VWAP 678.6359 in uptrend
2026-05-13 13:39:01.001 | WARNING  | app.engine.strategies.manager:evaluate:104 - strategy smart_trend raised: The truth value of a DataFrame is ambiguous. Use a.empty, a.bool(), a.item(), a.any() or a.all().
2026-05-13 13:39:01.006 | INFO     | app.engine.strategies.manager:evaluate:110 - strategy_manager: vwap fired in regime=trend_up conf=0.60 (perf×1.00): price near VWAP 678.6359 in uptrend
2026-05-13 13:39:06.244 | WARNING  | app.engine.strategies.manager:evaluate:104 - strategy smart_trend raised: The truth value of a DataFrame is ambiguous. Use a.empty, a.bool(), a.item(), a.any() or a.all().
2026-05-13 13:39:06.255 | INFO     | app.engine.strategies.manager:evaluate:110 - strategy_manager: vwap fired in regime=trend_up conf=0.60 (perf×1.00): price near VWAP 678.6359 in uptrend
2026-05-13 13:39:11.283 | WARNING  | app.engine.strategies.manager:evaluate:104 - strategy smart_trend raised: The truth value of a DataFrame is ambiguous. Use a.empty, a.bool(), a.item(), a.any() or a.all().
2026-05-13 13:39:11.289 | INFO     | app.engine.strategies.manager:evaluate:110 - strategy_manager: vwap fired in regime=trend_up conf=0.60 (perf×1.00): price near VWAP 678.6359 in uptrend
2026-05-13 13:39:16.538 | WARNING  | app.engine.strategies.manager:evaluate:104 - strategy smart_trend raised: The truth value of a DataFrame is ambiguous. Use a.empty, a.bool(), a.item(), a.any() or a.all().
2026-05-13 13:39:16.544 | INFO     | app.engine.strategies.manager:evaluate:110 - strategy_manager: vwap fired in regime=trend_up conf=0.60 (perf×1.00): price near VWAP 678.6388 in uptrend
2026-05-13 13:39:21.565 | WARNING  | app.engine.strategies.manager:evaluate:104 - strategy smart_trend raised: The truth value of a DataFrame is ambiguous. Use a.empty, a.bool(), a.item(), a.any() or a.all().
2026-05-13 13:39:21.578 | INFO     | app.engine.strategies.manager:evaluate:110 - strategy_manager: vwap fired in regime=trend_up conf=0.60 (perf×1.00): price near VWAP 678.6388 in uptrend
2026-05-13 13:39:25.608 | INFO     | app.engine.window:create:144 - window created e33b2496 duration=900s deploy<=500.0
2026-05-13 13:39:25.648 | WARNING  | app.engine.strategies.manager:evaluate:104 - strategy smart_trend raised: The truth value of a DataFrame is ambiguous. Use a.empty, a.bool(), a.item(), a.any() or a.all().
2026-05-13 13:39:25.654 | INFO     | app.engine.strategies.manager:evaluate:110 - strategy_manager: vwap fired in regime=trend_up conf=0.60 (perf×1.00): price near VWAP 678.6388 in uptrend
2026-05-13 13:39:26.128 | INFO     | app.engine.strategies.manager:evaluate:110 - strategy_manager: vwap fired in regime=range conf=0.60 (perf×1.00): price near VWAP 81048.5255 in uptrend
2026-05-13 13:39:26.808 | WARNING  | app.engine.strategies.manager:evaluate:104 - strategy smart_trend raised: The truth value of a DataFrame is ambiguous. Use a.empty, a.bool(), a.item(), a.any() or a.all().
2026-05-13 13:39:26.817 | INFO     | app.engine.strategies.manager:evaluate:110 - strategy_manager: vwap fired in regime=trend_up conf=0.60 (perf×1.00): price near VWAP 678.6388 in uptrend
2026-05-13 13:39:31.142 | WARNING  | app.engine.strategies.manager:evaluate:104 - strategy smart_trend raised: The truth value of a DataFrame is ambiguous. Use a.empty, a.bool(), a.item(), a.any() or a.all().
2026-05-13 13:39:31.150 | INFO     | app.engine.strategies.manager:evaluate:110 - strategy_manager: vwap fired in regime=trend_up conf=0.60 (perf×1.00): price near VWAP 678.6388 in uptrend
2026-05-13 13:39:31.164 | INFO     | app.engine.strategies.manager:evaluate:110 - strategy_manager: vwap fired in regime=range conf=0.60 (perf×1.00): price near VWAP 81048.5255 in uptrend
2026-05-13 13:39:31.833 | WARNING  | app.engine.strategies.manager:evaluate:104 - strategy smart_trend raised: The truth value of a DataFrame is ambiguous. Use a.empty, a.bool(), a.item(), a.any() or a.all().
2026-05-13 13:39:31.841 | INFO     | app.engine.strategies.manager:evaluate:110 - strategy_manager: vwap fired in regime=trend_up conf=0.60 (perf×1.00): price near VWAP 678.6388 in uptrend
2026-05-13 13:39:36.849 | WARNING  | app.engine.strategies.manager:evaluate:104 - strategy smart_trend raised: The truth value of a DataFrame is ambiguous. Use a.empty, a.bool(), a.item(), a.any() or a.all().
2026-05-13 13:39:36.855 | INFO     | app.engine.strategies.manager:evaluate:110 - strategy_manager: vwap fired in regime=trend_up conf=0.60 (perf×1.00): price near VWAP 678.6399 in uptrend
2026-05-13 13:39:36.868 | INFO     | app.engine.strategies.manager:evaluate:110 - strategy_manager: vwap fired in regime=range conf=0.60 (perf×1.00): price near VWAP 81048.5255 in uptrend
2026-05-13 13:39:36.876 | WARNING  | app.engine.strategies.manager:evaluate:104 - strategy smart_trend raised: The truth value of a DataFrame is ambiguous. Use a.empty, a.bool(), a.item(), a.any() or a.all().
2026-05-13 13:39:36.881 | INFO     | app.engine.strategies.manager:evaluate:110 - strategy_manager: vwap fired in regime=trend_up conf=0.60 (perf×1.00): price near VWAP 678.6399 in uptrend
2026-05-13 13:39:41.889 | WARNING  | app.engine.strategies.manager:evaluate:104 - strategy smart_trend raised: The truth value of a DataFrame is ambiguous. Use a.empty, a.bool(), a.item(), a.any() or a.all().
2026-05-13 13:39:41.897 | INFO     | app.engine.strategies.manager:evaluate:110 - strategy_manager: vwap fired in regime=trend_up conf=0.60 (perf×1.00): price near VWAP 678.6399 in uptrend
2026-05-13 13:39:41.910 | INFO     | app.engine.strategies.manager:evaluate:110 - strategy_manager: vwap fired in regime=range conf=0.60 (perf×1.00): price near VWAP 81048.5255 in uptrend
2026-05-13 13:39:41.923 | WARNING  | app.engine.strategies.manager:evaluate:104 - strategy smart_trend raised: The truth value of a DataFrame is ambiguous. Use a.empty, a.bool(), a.item(), a.any() or a.all().
2026-05-13 13:39:41.928 | INFO     | app.engine.strategies.manager:evaluate:110 - strategy_manager: vwap fired in regime=trend_up conf=0.60 (perf×1.00): price near VWAP 678.6399 in uptrend
2026-05-13 13:39:47.150 | WARNING  | app.engine.strategies.manager:evaluate:104 - strategy smart_trend raised: The truth value of a DataFrame is ambiguous. Use a.empty, a.bool(), a.item(), a.any() or a.all().
2026-05-13 13:39:47.158 | INFO     | app.engine.strategies.manager:evaluate:110 - strategy_manager: vwap fired in regime=trend_up conf=0.60 (perf×1.00): price near VWAP 678.6399 in uptrend
2026-05-13 13:39:47.309 | WARNING  | app.engine.strategies.manager:evaluate:104 - strategy smart_trend raised: The truth value of a DataFrame is ambiguous. Use a.empty, a.bool(), a.item(), a.any() or a.all().
2026-05-13 13:39:47.317 | INFO     | app.engine.strategies.manager:evaluate:110 - strategy_manager: vwap fired in regime=trend_up conf=0.60 (perf×1.00): price near VWAP 678.6399 in uptrend
2026-05-13 13:39:47.403 | INFO     | app.engine.strategies.manager:evaluate:110 - strategy_manager: vwap fired in regime=range conf=0.60 (perf×1.00): price near VWAP 81048.5149 in uptrend
2026-05-13 13:39:52.335 | WARNING  | app.engine.strategies.manager:evaluate:104 - strategy smart_trend raised: The truth value of a DataFrame is ambiguous. Use a.empty, a.bool(), a.item(), a.any() or a.all().
2026-05-13 13:39:52.343 | INFO     | app.engine.strategies.manager:evaluate:110 - strategy_manager: vwap fired in regime=trend_up conf=0.60 (perf×1.00): price near VWAP 678.6399 in uptrend
2026-05-13 13:39:52.416 | WARNING  | app.engine.strategies.manager:evaluate:104 - strategy smart_trend raised: The truth value of a DataFrame is ambiguous. Use a.empty, a.bool(), a.item(), a.any() or a.all().
2026-05-13 13:39:52.423 | INFO     | app.engine.strategies.manager:evaluate:110 - strategy_manager: vwap fired in regime=trend_up conf=0.60 (perf×1.00): price near VWAP 678.6399 in uptrend
2026-05-13 13:39:52.435 | INFO     | app.engine.strategies.manager:evaluate:110 - strategy_manager: vwap fired in regime=range conf=0.60 (perf×1.00): price near VWAP 81048.5149 in uptrend
2026-05-13 13:39:57.582 | WARNING  | app.engine.strategies.manager:evaluate:104 - strategy smart_trend raised: The truth value of a DataFrame is ambiguous. Use a.empty, a.bool(), a.item(), a.any() or a.all().
2026-05-13 13:39:57.588 | INFO     | app.engine.strategies.manager:evaluate:110 - strategy_manager: vwap fired in regime=trend_up conf=0.60 (perf×1.00): price near VWAP 678.6384 in uptrend
2026-05-13 13:39:57.814 | WARNING  | app.engine.strategies.manager:evaluate:104 - strategy smart_trend raised: The truth value of a DataFrame is ambiguous. Use a.empty, a.bool(), a.item(), a.any() or a.all().
2026-05-13 13:39:57.821 | INFO     | app.engine.strategies.manager:evaluate:110 - strategy_manager: vwap fired in regime=trend_up conf=0.60 (perf×1.00): price near VWAP 678.6384 in uptrend
2026-05-13 13:39:57.832 | INFO     | app.engine.strategies.manager:evaluate:110 - strategy_manager: vwap fired in regime=range conf=0.60 (perf×1.00): price near VWAP 81048.5149 in uptrend
2026-05-13 13:40:02.604 | WARNING  | app.engine.strategies.manager:evaluate:104 - strategy smart_trend raised: The truth value of a DataFrame is ambiguous. Use a.empty, a.bool(), a.item(), a.any() or a.all().
2026-05-13 13:40:02.612 | INFO     | app.engine.strategies.manager:evaluate:110 - strategy_manager: vwap fired in regime=trend_up conf=0.60 (perf×1.00): price near VWAP 678.6384 in uptrend
2026-05-13 13:40:02.847 | WARNING  | app.engine.strategies.manager:evaluate:104 - strategy smart_trend raised: The truth value of a DataFrame is ambiguous. Use a.empty, a.bool(), a.item(), a.any() or a.all().
2026-05-13 13:40:02.856 | INFO     | app.engine.strategies.manager:evaluate:110 - strategy_manager: vwap fired in regime=trend_up conf=0.60 (perf×1.00): price near VWAP 678.6384 in uptrend
2026-05-13 13:40:02.868 | INFO     | app.engine.strategies.manager:evaluate:110 - strategy_manager: vwap fired in regime=range conf=0.60 (perf×1.00): price near VWAP 81048.5149 in uptrend
2026-05-13 13:40:07.839 | WARNING  | app.engine.strategies.manager:evaluate:104 - strategy smart_trend raised: The truth value of a DataFrame is ambiguous. Use a.empty, a.bool(), a.item(), a.any() or a.all().
2026-05-13 13:40:07.843 | INFO     | app.engine.strategies.manager:evaluate:110 - strategy_manager: vwap fired in regime=trend_up conf=0.60 (perf×1.00): price near VWAP 678.6384 in uptrend
2026-05-13 13:40:07.878 | WARNING  | app.engine.strategies.manager:evaluate:104 - strategy smart_trend raised: The truth value of a DataFrame is ambiguous. Use a.empty, a.bool(), a.item(), a.any() or a.all().
2026-05-13 13:40:07.886 | INFO     | app.engine.strategies.manager:evaluate:110 - strategy_manager: vwap fired in regime=trend_up conf=0.60 (perf×1.00): price near VWAP 678.6384 in uptrend
2026-05-13 13:40:08.131 | INFO     | app.engine.strategies.manager:evaluate:110 - strategy_manager: vwap fired in regime=range conf=0.60 (perf×1.00): price near VWAP 81048.5445 in uptrend
2026-05-13 13:40:12.865 | WARNING  | app.engine.strategies.manager:evaluate:104 - strategy smart_trend raised: The truth value of a DataFrame is ambiguous. Use a.empty, a.bool(), a.item(), a.any() or a.all().
2026-05-13 13:40:12.872 | INFO     | app.engine.strategies.manager:evaluate:110 - strategy_manager: vwap fired in regime=trend_up conf=0.60 (perf×1.00): price near VWAP 678.6384 in uptrend
2026-05-13 13:40:13.148 | WARNING  | app.engine.strategies.manager:evaluate:104 - strategy smart_trend raised: The truth value of a DataFrame is ambiguous. Use a.empty, a.bool(), a.item(), a.any() or a.all().
2026-05-13 13:40:13.155 | INFO     | app.engine.strategies.manager:evaluate:110 - strategy_manager: vwap fired in regime=trend_up conf=0.60 (perf×1.00): price near VWAP 678.6384 in uptrend
2026-05-13 13:40:13.168 | INFO     | app.engine.strategies.manager:evaluate:110 - strategy_manager: vwap fired in regime=range conf=0.60 (perf×1.00): price near VWAP 81048.5445 in uptrend
2026-05-13 13:40:18.115 | WARNING  | app.engine.strategies.manager:evaluate:104 - strategy smart_trend raised: The truth value of a DataFrame is ambiguous. Use a.empty, a.bool(), a.item(), a.any() or a.all().
2026-05-13 13:40:18.121 | INFO     | app.engine.strategies.manager:evaluate:110 - strategy_manager: vwap fired in regime=trend_up conf=0.60 (perf×1.00): price near VWAP 678.6444 in uptrend
2026-05-13 13:40:18.180 | WARNING  | app.engine.strategies.manager:evaluate:104 - strategy smart_trend raised: The truth value of a DataFrame is ambiguous. Use a.empty, a.bool(), a.item(), a.any() or a.all().
2026-05-13 13:40:18.187 | INFO     | app.engine.strategies.manager:evaluate:110 - strategy_manager: vwap fired in regime=trend_up conf=0.60 (perf×1.00): price near VWAP 678.6444 in uptrend
2026-05-13 13:40:18.199 | INFO     | app.engine.strategies.manager:evaluate:110 - strategy_manager: vwap fired in regime=range conf=0.60 (perf×1.00): price near VWAP 81048.5445 in uptrend
2026-05-13 13:40:23.142 | WARNING  | app.engine.strategies.manager:evaluate:104 - strategy smart_trend raised: The truth value of a DataFrame is ambiguous. Use a.empty, a.bool(), a.item(), a.any() or a.all().
2026-05-13 13:40:23.152 | INFO     | app.engine.strategies.manager:evaluate:110 - strategy_manager: vwap fired in regime=trend_up conf=0.60 (perf×1.00): price near VWAP 678.6444 in uptrend
2026-05-13 13:40:23.210 | WARNING  | app.engine.strategies.manager:evaluate:104 - strategy smart_trend raised: The truth value of a DataFrame is ambiguous. Use a.empty, a.bool(), a.item(), a.any() or a.all().
2026-05-13 13:40:23.216 | INFO     | app.engine.strategies.manager:evaluate:110 - strategy_manager: vwap fired in regime=trend_up conf=0.60 (perf×1.00): price near VWAP 678.6444 in uptrend
2026-05-13 13:40:23.227 | INFO     | app.engine.strategies.manager:evaluate:110 - strategy_manager: vwap fired in regime=range conf=0.60 (perf×1.00): price near VWAP 81048.5445 in uptrend
2026-05-13 13:40:28.378 | WARNING  | app.engine.strategies.manager:evaluate:104 - strategy smart_trend raised: The truth value of a DataFrame is ambiguous. Use a.empty, a.bool(), a.item(), a.any() or a.all().
2026-05-13 13:40:28.385 | INFO     | app.engine.strategies.manager:evaluate:110 - strategy_manager: vwap fired in regime=trend_up conf=0.60 (perf×1.00): price near VWAP 678.6444 in uptrend
2026-05-13 13:40:28.440 | WARNING  | app.engine.strategies.manager:evaluate:104 - strategy smart_trend raised: The truth value of a DataFrame is ambiguous. Use a.empty, a.bool(), a.item(), a.any() or a.all().
2026-05-13 13:40:28.447 | INFO     | app.engine.strategies.manager:evaluate:110 - strategy_manager: vwap fired in regime=trend_up conf=0.60 (perf×1.00): price near VWAP 678.6444 in uptrend
2026-05-13 13:40:28.686 | INFO     | app.engine.strategies.manager:evaluate:110 - strategy_manager: vwap fired in regime=range conf=0.60 (perf×1.00): price near VWAP 81048.5078 in uptrend
2026-05-13 13:40:33.407 | WARNING  | app.engine.strategies.manager:evaluate:104 - strategy smart_trend raised: The truth value of a DataFrame is ambiguous. Use a.empty, a.bool(), a.item(), a.any() or a.all().
2026-05-13 13:40:33.415 | INFO     | app.engine.strategies.manager:evaluate:110 - strategy_manager: vwap fired in regime=trend_up conf=0.60 (perf×1.00): price near VWAP 678.6444 in uptrend
2026-05-13 13:40:33.705 | WARNING  | app.engine.strategies.manager:evaluate:104 - strategy smart_trend raised: The truth value of a DataFrame is ambiguous. Use a.empty, a.bool(), a.item(), a.any() or a.all().
2026-05-13 13:40:33.713 | INFO     | app.engine.strategies.manager:evaluate:110 - strategy_manager: vwap fired in regime=trend_up conf=0.60 (perf×1.00): price near VWAP 678.6444 in uptrend
2026-05-13 13:40:33.727 | INFO     | app.engine.strategies.manager:evaluate:110 - strategy_manager: vwap fired in regime=range conf=0.60 (perf×1.00): price near VWAP 81048.5078 in uptrend
2026-05-13 13:40:38.871 | WARNING  | app.engine.strategies.manager:evaluate:104 - strategy smart_trend raised: The truth value of a DataFrame is ambiguous. Use a.empty, a.bool(), a.item(), a.any() or a.all().
2026-05-13 13:40:38.877 | INFO     | app.engine.strategies.manager:evaluate:110 - strategy_manager: vwap fired in regime=trend_up conf=0.60 (perf×1.00): price near VWAP 678.6473 in uptrend
2026-05-13 13:40:39.196 | WARNING  | app.engine.strategies.manager:evaluate:104 - strategy smart_trend raised: The truth value of a DataFrame is ambiguous. Use a.empty, a.bool(), a.item(), a.any() or a.all().
2026-05-13 13:40:39.203 | INFO     | app.engine.strategies.manager:evaluate:110 - strategy_manager: vwap fired in regime=trend_up conf=0.60 (perf×1.00): price near VWAP 678.6473 in uptrend
2026-05-13 13:40:39.215 | INFO     | app.engine.strategies.manager:evaluate:110 - strategy_manager: vwap fired in regime=range conf=0.60 (perf×1.00): price near VWAP 81048.5078 in uptrend
2026-05-13 13:40:43.895 | WARNING  | app.engine.strategies.manager:evaluate:104 - strategy smart_trend raised: The truth value of a DataFrame is ambiguous. Use a.empty, a.bool(), a.item(), a.any() or a.all().
2026-05-13 13:40:43.904 | INFO     | app.engine.strategies.manager:evaluate:110 - strategy_manager: vwap fired in regime=trend_up conf=0.60 (perf×1.00): price near VWAP 678.6473 in uptrend
2026-05-13 13:40:44.234 | WARNING  | app.engine.strategies.manager:evaluate:104 - strategy smart_trend raised: The truth value of a DataFrame is ambiguous. Use a.empty, a.bool(), a.item(), a.any() or a.all().
2026-05-13 13:40:44.242 | INFO     | app.engine.strategies.manager:evaluate:110 - strategy_manager: vwap fired in regime=trend_up conf=0.60 (perf×1.00): price near VWAP 678.6473 in uptrend
2026-05-13 13:40:44.254 | INFO     | app.engine.strategies.manager:evaluate:110 - strategy_manager: vwap fired in regime=range conf=0.60 (perf×1.00): price near VWAP 81048.5078 in uptrend
2026-05-13 13:40:49.126 | WARNING  | app.engine.strategies.manager:evaluate:104 - strategy smart_trend raised: The truth value of a DataFrame is ambiguous. Use a.empty, a.bool(), a.item(), a.any() or a.all().
2026-05-13 13:40:49.134 | INFO     | app.engine.strategies.manager:evaluate:110 - strategy_manager: vwap fired in regime=trend_up conf=0.60 (perf×1.00): price near VWAP 678.6473 in uptrend
2026-05-13 13:40:49.271 | WARNING  | app.engine.strategies.manager:evaluate:104 - strategy smart_trend raised: The truth value of a DataFrame is ambiguous. Use a.empty, a.bool(), a.item(), a.any() or a.all().
2026-05-13 13:40:49.278 | INFO     | app.engine.strategies.manager:evaluate:110 - strategy_manager: vwap fired in regime=trend_up conf=0.60 (perf×1.00): price near VWAP 678.6473 in uptrend
2026-05-13 13:40:49.516 | INFO     | app.engine.strategies.manager:evaluate:110 - strategy_manager: vwap fired in regime=range conf=0.60 (perf×1.00): price near VWAP 81048.5253 in uptrend
2026-05-13 13:40:54.157 | WARNING  | app.engine.strategies.manager:evaluate:104 - strategy smart_trend raised: The truth value of a DataFrame is ambiguous. Use a.empty, a.bool(), a.item(), a.any() or a.all().
2026-05-13 13:40:54.168 | INFO     | app.engine.strategies.manager:evaluate:110 - strategy_manager: vwap fired in regime=trend_up conf=0.60 (perf×1.00): price near VWAP 678.6473 in uptrend
2026-05-13 13:40:54.533 | WARNING  | app.engine.strategies.manager:evaluate:104 - strategy smart_trend raised: The truth value of a DataFrame is ambiguous. Use a.empty, a.bool(), a.item(), a.any() or a.all().
2026-05-13 13:40:54.541 | INFO     | app.engine.strategies.manager:evaluate:110 - strategy_manager: vwap fired in regime=trend_up conf=0.60 (perf×1.00): price near VWAP 678.6473 in uptrend
2026-05-13 13:40:54.553 | INFO     | app.engine.strategies.manager:evaluate:110 - strategy_manager: vwap fired in regime=range conf=0.60 (perf×1.00): price near VWAP 81048.5253 in uptrend
2026-05-13 13:40:59.608 | WARNING  | app.engine.strategies.manager:evaluate:104 - strategy smart_trend raised: The truth value of a DataFrame is ambiguous. Use a.empty, a.bool(), a.item(), a.any() or a.all().
2026-05-13 13:40:59.614 | INFO     | app.engine.strategies.manager:evaluate:110 - strategy_manager: vwap fired in regime=trend_up conf=0.60 (perf×1.00): price near VWAP 678.6438 in uptrend
2026-05-13 13:40:59.947 | WARNING  | app.engine.strategies.manager:evaluate:104 - strategy smart_trend raised: The truth value of a DataFrame is ambiguous. Use a.empty, a.bool(), a.item(), a.any() or a.all().
2026-05-13 13:40:59.953 | INFO     | app.engine.strategies.manager:evaluate:110 - strategy_manager: vwap fired in regime=trend_up conf=0.60 (perf×1.00): price near VWAP 678.6437 in uptrend
2026-05-13 13:40:59.964 | INFO     | app.engine.strategies.manager:evaluate:110 - strategy_manager: vwap fired in regime=range conf=0.60 (perf×1.00): price near VWAP 81048.5253 in uptrend
2026-05-13 13:41:04.634 | WARNING  | app.engine.strategies.manager:evaluate:104 - strategy smart_trend raised: The truth value of a DataFrame is ambiguous. Use a.empty, a.bool(), a.item(), a.any() or a.all().
2026-05-13 13:41:04.640 | INFO     | app.engine.strategies.manager:evaluate:110 - strategy_manager: vwap fired in regime=trend_up conf=0.60 (perf×1.00): price near VWAP 678.6437 in uptrend
2026-05-13 13:41:04.981 | WARNING  | app.engine.strategies.manager:evaluate:104 - strategy smart_trend raised: The truth value of a DataFrame is ambiguous. Use a.empty, a.bool(), a.item(), a.any() or a.all().
2026-05-13 13:41:04.989 | INFO     | app.engine.strategies.manager:evaluate:110 - strategy_manager: vwap fired in regime=trend_up conf=0.60 (perf×1.00): price near VWAP 678.6437 in uptrend
2026-05-13 13:41:05.002 | INFO     | app.engine.strategies.manager:evaluate:110 - strategy_manager: vwap fired in regime=range conf=0.60 (perf×1.00): price near VWAP 81048.5253 in uptrend
2026-05-13 13:41:09.863 | WARNING  | app.engine.strategies.manager:evaluate:104 - strategy smart_trend raised: The truth value of a DataFrame is ambiguous. Use a.empty, a.bool(), a.item(), a.any() or a.all().
2026-05-13 13:41:09.871 | INFO     | app.engine.strategies.manager:evaluate:110 - strategy_manager: vwap fired in regime=trend_up conf=0.60 (perf×1.00): price near VWAP 678.6437 in uptrend
2026-05-13 13:41:10.019 | WARNING  | app.engine.strategies.manager:evaluate:104 - strategy smart_trend raised: The truth value of a DataFrame is ambiguous. Use a.empty, a.bool(), a.item(), a.any() or a.all().
2026-05-13 13:41:10.026 | INFO     | app.engine.strategies.manager:evaluate:110 - strategy_manager: vwap fired in regime=trend_up conf=0.60 (perf×1.00): price near VWAP 678.6437 in uptrend
2026-05-13 13:41:10.265 | INFO     | app.engine.strategies.manager:evaluate:110 - strategy_manager: vwap fired in regime=range conf=0.60 (perf×1.00): price near VWAP 81048.4234 in uptrend
2026-05-13 13:41:14.890 | WARNING  | app.engine.strategies.manager:evaluate:104 - strategy smart_trend raised: The truth value of a DataFrame is ambiguous. Use a.empty, a.bool(), a.item(), a.any() or a.all().
2026-05-13 13:41:14.898 | INFO     | app.engine.strategies.manager:evaluate:110 - strategy_manager: vwap fired in regime=trend_up conf=0.60 (perf×1.00): price near VWAP 678.6437 in uptrend
2026-05-13 13:41:15.285 | WARNING  | app.engine.strategies.manager:evaluate:104 - strategy smart_trend raised: The truth value of a DataFrame is ambiguous. Use a.empty, a.bool(), a.item(), a.any() or a.all().
2026-05-13 13:41:15.293 | INFO     | app.engine.strategies.manager:evaluate:110 - strategy_manager: vwap fired in regime=trend_up conf=0.60 (perf×1.00): price near VWAP 678.6437 in uptrend
2026-05-13 13:41:15.303 | INFO     | app.engine.strategies.manager:evaluate:110 - strategy_manager: vwap fired in regime=range conf=0.60 (perf×1.00): price near VWAP 81048.4234 in uptrend
2026-05-13 13:41:15.965 | INFO     | app.engine.orchestrator:extend_window:159 - window c1291597 extended by 900s
2026-05-13 13:41:20.337 | WARNING  | app.engine.strategies.manager:evaluate:104 - strategy smart_trend raised: The truth value of a DataFrame is ambiguous. Use a.empty, a.bool(), a.item(), a.any() or a.all().
2026-05-13 13:41:20.343 | INFO     | app.engine.strategies.manager:evaluate:110 - strategy_manager: vwap fired in regime=trend_up conf=0.60 (perf×1.00): price near VWAP 678.6439 in uptrend
2026-05-13 13:41:20.699 | WARNING  | app.engine.strategies.manager:evaluate:104 - strategy smart_trend raised: The truth value of a DataFrame is ambiguous. Use a.empty, a.bool(), a.item(), a.any() or a.all().
2026-05-13 13:41:20.705 | INFO     | app.engine.strategies.manager:evaluate:110 - strategy_manager: vwap fired in regime=trend_up conf=0.60 (perf×1.00): price near VWAP 678.6439 in uptrend
2026-05-13 13:41:20.716 | INFO     | app.engine.strategies.manager:evaluate:110 - strategy_manager: vwap fired in regime=range conf=0.60 (perf×1.00): price near VWAP 81048.4234 in uptrend
2026-05-13 13:41:25.369 | WARNING  | app.engine.strategies.manager:evaluate:104 - strategy smart_trend raised: The truth value of a DataFrame is ambiguous. Use a.empty, a.bool(), a.item(), a.any() or a.all().
2026-05-13 13:41:25.377 | INFO     | app.engine.strategies.manager:evaluate:110 - strategy_manager: vwap fired in regime=trend_up conf=0.60 (perf×1.00): price near VWAP 678.6439 in uptrend
2026-05-13 13:41:25.727 | WARNING  | app.engine.strategies.manager:evaluate:104 - strategy smart_trend raised: The truth value of a DataFrame is ambiguous. Use a.empty, a.bool(), a.item(), a.any() or a.all().
2026-05-13 13:41:25.734 | INFO     | app.engine.strategies.manager:evaluate:110 - strategy_manager: vwap fired in regime=trend_up conf=0.60 (perf×1.00): price near VWAP 678.6439 in uptrend
2026-05-13 13:41:25.746 | INFO     | app.engine.strategies.manager:evaluate:110 - strategy_manager: vwap fired in regime=range conf=0.60 (perf×1.00): price near VWAP 81048.4234 in uptrend
2026-05-13 13:41:30.602 | WARNING  | app.engine.strategies.manager:evaluate:104 - strategy smart_trend raised: The truth value of a DataFrame is ambiguous. Use a.empty, a.bool(), a.item(), a.any() or a.all().
2026-05-13 13:41:30.609 | INFO     | app.engine.strategies.manager:evaluate:110 - strategy_manager: vwap fired in regime=trend_up conf=0.60 (perf×1.00): price near VWAP 678.6439 in uptrend
2026-05-13 13:41:30.762 | WARNING  | app.engine.strategies.manager:evaluate:104 - strategy smart_trend raised: The truth value of a DataFrame is ambiguous. Use a.empty, a.bool(), a.item(), a.any() or a.all().
2026-05-13 13:41:30.771 | INFO     | app.engine.strategies.manager:evaluate:110 - strategy_manager: vwap fired in regime=trend_up conf=0.60 (perf×1.00): price near VWAP 678.6439 in uptrend
2026-05-13 13:41:31.021 | INFO     | app.engine.strategies.manager:evaluate:110 - strategy_manager: vwap fired in regime=range conf=0.60 (perf×1.00): price near VWAP 81048.4198 in uptrend
2026-05-13 13:41:35.570 | INFO     | app.engine.orchestrator:extend_window:159 - window c1291597 extended by 900s
2026-05-13 13:41:35.642 | WARNING  | app.engine.strategies.manager:evaluate:104 - strategy smart_trend raised: The truth value of a DataFrame is ambiguous. Use a.empty, a.bool(), a.item(), a.any() or a.all().
2026-05-13 13:41:35.647 | INFO     | app.engine.strategies.manager:evaluate:110 - strategy_manager: vwap fired in regime=trend_up conf=0.60 (perf×1.00): price near VWAP 678.6439 in uptrend
2026-05-13 13:41:36.030 | WARNING  | app.engine.strategies.manager:evaluate:104 - strategy smart_trend raised: The truth value of a DataFrame is ambiguous. Use a.empty, a.bool(), a.item(), a.any() or a.all().
2026-05-13 13:41:36.036 | INFO     | app.engine.strategies.manager:evaluate:110 - strategy_manager: vwap fired in regime=trend_up conf=0.60 (perf×1.00): price near VWAP 678.6439 in uptrend
2026-05-13 13:41:36.048 | INFO     | app.engine.strategies.manager:evaluate:110 - strategy_manager: vwap fired in regime=range conf=0.60 (perf×1.00): price near VWAP 81048.4198 in uptrend
2026-05-13 13:41:41.072 | WARNING  | app.engine.strategies.manager:evaluate:104 - strategy smart_trend raised: The truth value of a DataFrame is ambiguous. Use a.empty, a.bool(), a.item(), a.any() or a.all().
2026-05-13 13:41:41.075 | INFO     | app.engine.strategies.manager:evaluate:110 - strategy_manager: vwap fired in regime=trend_up conf=0.60 (perf×1.00): price near VWAP 678.6442 in uptrend
2026-05-13 13:41:41.472 | WARNING  | app.engine.strategies.manager:evaluate:104 - strategy smart_trend raised: The truth value of a DataFrame is ambiguous. Use a.empty, a.bool(), a.item(), a.any() or a.all().
2026-05-13 13:41:41.479 | INFO     | app.engine.strategies.manager:evaluate:110 - strategy_manager: vwap fired in regime=trend_up conf=0.60 (perf×1.00): price near VWAP 678.6442 in uptrend
2026-05-13 13:41:41.490 | INFO     | app.engine.strategies.manager:evaluate:110 - strategy_manager: vwap fired in regime=range conf=0.60 (perf×1.00): price near VWAP 81048.4198 in uptrend
2026-05-13 13:41:46.085 | WARNING  | app.engine.strategies.manager:evaluate:104 - strategy smart_trend raised: The truth value of a DataFrame is ambiguous. Use a.empty, a.bool(), a.item(), a.any() or a.all().
2026-05-13 13:41:46.089 | INFO     | app.engine.strategies.manager:evaluate:110 - strategy_manager: vwap fired in regime=trend_up conf=0.60 (perf×1.00): price near VWAP 678.6442 in uptrend
2026-05-13 13:41:46.506 | WARNING  | app.engine.strategies.manager:evaluate:104 - strategy smart_trend raised: The truth value of a DataFrame is ambiguous. Use a.empty, a.bool(), a.item(), a.any() or a.all().
2026-05-13 13:41:46.514 | INFO     | app.engine.strategies.manager:evaluate:110 - strategy_manager: vwap fired in regime=trend_up conf=0.60 (perf×1.00): price near VWAP 678.6442 in uptrend
2026-05-13 13:41:46.527 | INFO     | app.engine.strategies.manager:evaluate:110 - strategy_manager: vwap fired in regime=range conf=0.60 (perf×1.00): price near VWAP 81048.4198 in uptrend
2026-05-13 13:41:51.302 | WARNING  | app.engine.strategies.manager:evaluate:104 - strategy smart_trend raised: The truth value of a DataFrame is ambiguous. Use a.empty, a.bool(), a.item(), a.any() or a.all().
2026-05-13 13:41:51.316 | INFO     | app.engine.strategies.manager:evaluate:110 - strategy_manager: vwap fired in regime=trend_up conf=0.60 (perf×1.00): price near VWAP 678.6442 in uptrend
2026-05-13 13:41:51.546 | WARNING  | app.engine.strategies.manager:evaluate:104 - strategy smart_trend raised: The truth value of a DataFrame is ambiguous. Use a.empty, a.bool(), a.item(), a.any() or a.all().
2026-05-13 13:41:51.554 | INFO     | app.engine.strategies.manager:evaluate:110 - strategy_manager: vwap fired in regime=trend_up conf=0.60 (perf×1.00): price near VWAP 678.6442 in uptrend
2026-05-13 13:41:51.794 | INFO     | app.engine.strategies.manager:evaluate:110 - strategy_manager: vwap fired in regime=range conf=0.60 (perf×1.00): price near VWAP 81048.3951 in uptrend
2026-05-13 13:41:56.338 | WARNING  | app.engine.strategies.manager:evaluate:104 - strategy smart_trend raised: The truth value of a DataFrame is ambiguous. Use a.empty, a.bool(), a.item(), a.any() or a.all().
2026-05-13 13:41:56.345 | INFO     | app.engine.strategies.manager:evaluate:110 - strategy_manager: vwap fired in regime=trend_up conf=0.60 (perf×1.00): price near VWAP 678.6442 in uptrend
2026-05-13 13:41:56.808 | WARNING  | app.engine.strategies.manager:evaluate:104 - strategy smart_trend raised: The truth value of a DataFrame is ambiguous. Use a.empty, a.bool(), a.item(), a.any() or a.all().
2026-05-13 13:41:56.815 | INFO     | app.engine.strategies.manager:evaluate:110 - strategy_manager: vwap fired in regime=trend_up conf=0.60 (perf×1.00): price near VWAP 678.6442 in uptrend
2026-05-13 13:41:56.829 | INFO     | app.engine.strategies.manager:evaluate:110 - strategy_manager: vwap fired in regime=range conf=0.60 (perf×1.00): price near VWAP 81048.3951 in uptrend
2026-05-13 13:42:02.068 | WARNING  | app.engine.strategies.manager:evaluate:104 - strategy smart_trend raised: The truth value of a DataFrame is ambiguous. Use a.empty, a.bool(), a.item(), a.any() or a.all().
2026-05-13 13:42:02.075 | INFO     | app.engine.strategies.manager:evaluate:110 - strategy_manager: vwap fired in regime=trend_up conf=0.60 (perf×1.00): price near VWAP 678.6511 in uptrend
2026-05-13 13:42:02.086 | WARNING  | app.engine.strategies.manager:evaluate:104 - strategy smart_trend raised: The truth value of a DataFrame is ambiguous. Use a.empty, a.bool(), a.item(), a.any() or a.all().
2026-05-13 13:42:02.091 | INFO     | app.engine.strategies.manager:evaluate:110 - strategy_manager: vwap fired in regime=trend_up conf=0.60 (perf×1.00): price near VWAP 678.6511 in uptrend
2026-05-13 13:42:02.100 | INFO     | app.engine.strategies.manager:evaluate:110 - strategy_manager: vwap fired in regime=range conf=0.60 (perf×1.00): price near VWAP 81048.3951 in uptrend
2026-05-13 13:42:07.106 | WARNING  | app.engine.strategies.manager:evaluate:104 - strategy smart_trend raised: The truth value of a DataFrame is ambiguous. Use a.empty, a.bool(), a.item(), a.any() or a.all().
2026-05-13 13:42:07.110 | INFO     | app.engine.strategies.manager:evaluate:110 - strategy_manager: vwap fired in regime=trend_up conf=0.60 (perf×1.00): price near VWAP 678.6511 in uptrend
2026-05-13 13:42:07.118 | WARNING  | app.engine.strategies.manager:evaluate:104 - strategy smart_trend raised: The truth value of a DataFrame is ambiguous. Use a.empty, a.bool(), a.item(), a.any() or a.all().
2026-05-13 13:42:07.121 | INFO     | app.engine.strategies.manager:evaluate:110 - strategy_manager: vwap fired in regime=trend_up conf=0.60 (perf×1.00): price near VWAP 678.6511 in uptrend
2026-05-13 13:42:07.128 | INFO     | app.engine.strategies.manager:evaluate:110 - strategy_manager: vwap fired in regime=range conf=0.60 (perf×1.00): price near VWAP 81048.3951 in uptrend
2026-05-13 13:42:12.332 | WARNING  | app.engine.strategies.manager:evaluate:104 - strategy smart_trend raised: The truth value of a DataFrame is ambiguous. Use a.empty, a.bool(), a.item(), a.any() or a.all().
2026-05-13 13:42:12.340 | INFO     | app.engine.strategies.manager:evaluate:110 - strategy_manager: vwap fired in regime=trend_up conf=0.60 (perf×1.00): price near VWAP 678.6511 in uptrend
2026-05-13 13:42:12.354 | WARNING  | app.engine.strategies.manager:evaluate:104 - strategy smart_trend raised: The truth value of a DataFrame is ambiguous. Use a.empty, a.bool(), a.item(), a.any() or a.all().
2026-05-13 13:42:12.368 | INFO     | app.engine.strategies.manager:evaluate:110 - strategy_manager: vwap fired in regime=trend_up conf=0.60 (perf×1.00): price near VWAP 678.6511 in uptrend
2026-05-13 13:42:12.636 | INFO     | app.engine.strategies.manager:evaluate:110 - strategy_manager: vwap fired in regime=range conf=0.60 (perf×1.00): price near VWAP 81048.3663 in uptrend
2026-05-13 13:42:17.360 | WARNING  | app.engine.strategies.manager:evaluate:104 - strategy smart_trend raised: The truth value of a DataFrame is ambiguous. Use a.empty, a.bool(), a.item(), a.any() or a.all().
2026-05-13 13:42:17.368 | INFO     | app.engine.strategies.manager:evaluate:110 - strategy_manager: vwap fired in regime=trend_up conf=0.60 (perf×1.00): price near VWAP 678.6511 in uptrend
2026-05-13 13:42:17.653 | WARNING  | app.engine.strategies.manager:evaluate:104 - strategy smart_trend raised: The truth value of a DataFrame is ambiguous. Use a.empty, a.bool(), a.item(), a.any() or a.all().
2026-05-13 13:42:17.660 | INFO     | app.engine.strategies.manager:evaluate:110 - strategy_manager: vwap fired in regime=trend_up conf=0.60 (perf×1.00): price near VWAP 678.6511 in uptrend
2026-05-13 13:42:17.673 | INFO     | app.engine.strategies.manager:evaluate:110 - strategy_manager: vwap fired in regime=range conf=0.60 (perf×1.00): price near VWAP 81048.3663 in uptrend
2026-05-13 13:42:22.620 | WARNING  | app.engine.strategies.manager:evaluate:104 - strategy smart_trend raised: The truth value of a DataFrame is ambiguous. Use a.empty, a.bool(), a.item(), a.any() or a.all().
2026-05-13 13:42:22.631 | INFO     | app.engine.strategies.manager:evaluate:110 - strategy_manager: vwap fired in regime=trend_up conf=0.60 (perf×1.00): price near VWAP 678.6334 in uptrend
2026-05-13 13:42:22.683 | WARNING  | app.engine.strategies.manager:evaluate:104 - strategy smart_trend raised: The truth value of a DataFrame is ambiguous. Use a.empty, a.bool(), a.item(), a.any() or a.all().
2026-05-13 13:42:22.689 | INFO     | app.engine.strategies.manager:evaluate:110 - strategy_manager: vwap fired in regime=trend_up conf=0.60 (perf×1.00): price near VWAP 678.6334 in uptrend
2026-05-13 13:42:22.699 | INFO     | app.engine.strategies.manager:evaluate:110 - strategy_manager: vwap fired in regime=range conf=0.60 (perf×1.00): price near VWAP 81048.3663 in uptrend
2026-05-13 13:42:27.649 | WARNING  | app.engine.strategies.manager:evaluate:104 - strategy smart_trend raised: The truth value of a DataFrame is ambiguous. Use a.empty, a.bool(), a.item(), a.any() or a.all().
2026-05-13 13:42:27.657 | INFO     | app.engine.strategies.manager:evaluate:110 - strategy_manager: vwap fired in regime=trend_up conf=0.60 (perf×1.00): price near VWAP 678.6334 in uptrend
2026-05-13 13:42:27.713 | WARNING  | app.engine.strategies.manager:evaluate:104 - strategy smart_trend raised: The truth value of a DataFrame is ambiguous. Use a.empty, a.bool(), a.item(), a.any() or a.all().
2026-05-13 13:42:27.722 | INFO     | app.engine.strategies.manager:evaluate:110 - strategy_manager: vwap fired in regime=trend_up conf=0.60 (perf×1.00): price near VWAP 678.6334 in uptrend
2026-05-13 13:42:27.733 | INFO     | app.engine.strategies.manager:evaluate:110 - strategy_manager: vwap fired in regime=range conf=0.60 (perf×1.00): price near VWAP 81048.3663 in uptrend
2026-05-13 13:42:32.876 | WARNING  | app.engine.strategies.manager:evaluate:104 - strategy smart_trend raised: The truth value of a DataFrame is ambiguous. Use a.empty, a.bool(), a.item(), a.any() or a.all().
2026-05-13 13:42:32.883 | INFO     | app.engine.strategies.manager:evaluate:110 - strategy_manager: vwap fired in regime=trend_up conf=0.60 (perf×1.00): price near VWAP 678.6334 in uptrend
2026-05-13 13:42:32.940 | WARNING  | app.engine.strategies.manager:evaluate:104 - strategy smart_trend raised: The truth value of a DataFrame is ambiguous. Use a.empty, a.bool(), a.item(), a.any() or a.all().
2026-05-13 13:42:32.947 | INFO     | app.engine.strategies.manager:evaluate:110 - strategy_manager: vwap fired in regime=trend_up conf=0.60 (perf×1.00): price near VWAP 678.6334 in uptrend
2026-05-13 13:42:33.191 | INFO     | app.engine.strategies.manager:evaluate:110 - strategy_manager: vwap fired in regime=range conf=0.60 (perf×1.00): price near VWAP 81047.9463 in uptrend
2026-05-13 13:42:37.901 | WARNING  | app.engine.strategies.manager:evaluate:104 - strategy smart_trend raised: The truth value of a DataFrame is ambiguous. Use a.empty, a.bool(), a.item(), a.any() or a.all().
2026-05-13 13:42:37.909 | INFO     | app.engine.strategies.manager:evaluate:110 - strategy_manager: vwap fired in regime=trend_up conf=0.60 (perf×1.00): price near VWAP 678.6334 in uptrend
2026-05-13 13:42:38.231 | WARNING  | app.engine.strategies.manager:evaluate:104 - strategy smart_trend raised: The truth value of a DataFrame is ambiguous. Use a.empty, a.bool(), a.item(), a.any() or a.all().
2026-05-13 13:42:38.240 | INFO     | app.engine.strategies.manager:evaluate:110 - strategy_manager: vwap fired in regime=trend_up conf=0.60 (perf×1.00): price near VWAP 678.6334 in uptrend
2026-05-13 13:42:38.249 | INFO     | app.engine.strategies.manager:evaluate:110 - strategy_manager: vwap fired in regime=range conf=0.60 (perf×1.00): price near VWAP 81047.9463 in uptrend
2026-05-13 13:42:43.359 | WARNING  | app.engine.strategies.manager:evaluate:104 - strategy smart_trend raised: The truth value of a DataFrame is ambiguous. Use a.empty, a.bool(), a.item(), a.any() or a.all().
2026-05-13 13:42:43.366 | INFO     | app.engine.strategies.manager:evaluate:110 - strategy_manager: vwap fired in regime=trend_up conf=0.60 (perf×1.00): price near VWAP 678.6294 in uptrend
2026-05-13 13:42:43.639 | WARNING  | app.engine.strategies.manager:evaluate:104 - strategy smart_trend raised: The truth value of a DataFrame is ambiguous. Use a.empty, a.bool(), a.item(), a.any() or a.all().
2026-05-13 13:42:43.646 | INFO     | app.engine.strategies.manager:evaluate:110 - strategy_manager: vwap fired in regime=trend_up conf=0.60 (perf×1.00): price near VWAP 678.6294 in uptrend
2026-05-13 13:42:43.659 | INFO     | app.engine.strategies.manager:evaluate:110 - strategy_manager: vwap fired in regime=range conf=0.60 (perf×1.00): price near VWAP 81047.9463 in uptrend
2026-05-13 13:42:48.391 | WARNING  | app.engine.strategies.manager:evaluate:104 - strategy smart_trend raised: The truth value of a DataFrame is ambiguous. Use a.empty, a.bool(), a.item(), a.any() or a.all().
2026-05-13 13:42:48.398 | INFO     | app.engine.strategies.manager:evaluate:110 - strategy_manager: vwap fired in regime=trend_up conf=0.60 (perf×1.00): price near VWAP 678.6294 in uptrend
2026-05-13 13:42:48.675 | WARNING  | app.engine.strategies.manager:evaluate:104 - strategy smart_trend raised: The truth value of a DataFrame is ambiguous. Use a.empty, a.bool(), a.item(), a.any() or a.all().
2026-05-13 13:42:48.683 | INFO     | app.engine.strategies.manager:evaluate:110 - strategy_manager: vwap fired in regime=trend_up conf=0.60 (perf×1.00): price near VWAP 678.6294 in uptrend
2026-05-13 13:42:48.696 | INFO     | app.engine.strategies.manager:evaluate:110 - strategy_manager: vwap fired in regime=range conf=0.60 (perf×1.00): price near VWAP 81047.9463 in uptrend
2026-05-13 13:42:53.618 | WARNING  | app.engine.strategies.manager:evaluate:104 - strategy smart_trend raised: The truth value of a DataFrame is ambiguous. Use a.empty, a.bool(), a.item(), a.any() or a.all().
2026-05-13 13:42:53.626 | INFO     | app.engine.strategies.manager:evaluate:110 - strategy_manager: vwap fired in regime=trend_up conf=0.60 (perf×1.00): price near VWAP 678.6294 in uptrend
2026-05-13 13:42:53.711 | WARNING  | app.engine.strategies.manager:evaluate:104 - strategy smart_trend raised: The truth value of a DataFrame is ambiguous. Use a.empty, a.bool(), a.item(), a.any() or a.all().
2026-05-13 13:42:53.718 | INFO     | app.engine.strategies.manager:evaluate:110 - strategy_manager: vwap fired in regime=trend_up conf=0.60 (perf×1.00): price near VWAP 678.6294 in uptrend
2026-05-13 13:42:53.958 | INFO     | app.engine.strategies.manager:evaluate:110 - strategy_manager: vwap fired in regime=range conf=0.60 (perf×1.00): price near VWAP 81047.7340 in uptrend
2026-05-13 13:42:58.648 | WARNING  | app.engine.strategies.manager:evaluate:104 - strategy smart_trend raised: The truth value of a DataFrame is ambiguous. Use a.empty, a.bool(), a.item(), a.any() or a.all().
2026-05-13 13:42:58.656 | INFO     | app.engine.strategies.manager:evaluate:110 - strategy_manager: vwap fired in regime=trend_up conf=0.60 (perf×1.00): price near VWAP 678.6294 in uptrend
2026-05-13 13:42:58.976 | WARNING  | app.engine.strategies.manager:evaluate:104 - strategy smart_trend raised: The truth value of a DataFrame is ambiguous. Use a.empty, a.bool(), a.item(), a.any() or a.all().
2026-05-13 13:42:58.984 | INFO     | app.engine.strategies.manager:evaluate:110 - strategy_manager: vwap fired in regime=trend_up conf=0.60 (perf×1.00): price near VWAP 678.6294 in uptrend
2026-05-13 13:42:58.996 | INFO     | app.engine.strategies.manager:evaluate:110 - strategy_manager: vwap fired in regime=range conf=0.60 (perf×1.00): price near VWAP 81047.7340 in uptrend
2026-05-13 13:43:04.103 | WARNING  | app.engine.strategies.manager:evaluate:104 - strategy smart_trend raised: The truth value of a DataFrame is ambiguous. Use a.empty, a.bool(), a.item(), a.any() or a.all().
2026-05-13 13:43:04.110 | INFO     | app.engine.strategies.manager:evaluate:110 - strategy_manager: vwap fired in regime=trend_up conf=0.60 (perf×1.00): price near VWAP 678.6293 in uptrend
2026-05-13 13:43:04.400 | WARNING  | app.engine.strategies.manager:evaluate:104 - strategy smart_trend raised: The truth value of a DataFrame is ambiguous. Use a.empty, a.bool(), a.item(), a.any() or a.all().
2026-05-13 13:43:04.407 | INFO     | app.engine.strategies.manager:evaluate:110 - strategy_manager: vwap fired in regime=trend_up conf=0.60 (perf×1.00): price near VWAP 678.6293 in uptrend
2026-05-13 13:43:04.419 | INFO     | app.engine.strategies.manager:evaluate:110 - strategy_manager: vwap fired in regime=range conf=0.60 (perf×1.00): price near VWAP 81047.7340 in uptrend
2026-05-13 13:43:09.134 | WARNING  | app.engine.strategies.manager:evaluate:104 - strategy smart_trend raised: The truth value of a DataFrame is ambiguous. Use a.empty, a.bool(), a.item(), a.any() or a.all().
2026-05-13 13:43:09.142 | INFO     | app.engine.strategies.manager:evaluate:110 - strategy_manager: vwap fired in regime=trend_up conf=0.60 (perf×1.00): price near VWAP 678.6293 in uptrend
2026-05-13 13:43:09.435 | WARNING  | app.engine.strategies.manager:evaluate:104 - strategy smart_trend raised: The truth value of a DataFrame is ambiguous. Use a.empty, a.bool(), a.item(), a.any() or a.all().
2026-05-13 13:43:09.442 | INFO     | app.engine.strategies.manager:evaluate:110 - strategy_manager: vwap fired in regime=trend_up conf=0.60 (perf×1.00): price near VWAP 678.6293 in uptrend
2026-05-13 13:43:09.455 | INFO     | app.engine.strategies.manager:evaluate:110 - strategy_manager: vwap fired in regime=range conf=0.60 (perf×1.00): price near VWAP 81047.7340 in uptrend
2026-05-13 13:43:14.371 | WARNING  | app.engine.strategies.manager:evaluate:104 - strategy smart_trend raised: The truth value of a DataFrame is ambiguous. Use a.empty, a.bool(), a.item(), a.any() or a.all().
2026-05-13 13:43:14.379 | INFO     | app.engine.strategies.manager:evaluate:110 - strategy_manager: vwap fired in regime=trend_up conf=0.60 (perf×1.00): price near VWAP 678.6293 in uptrend
2026-05-13 13:43:14.467 | WARNING  | app.engine.strategies.manager:evaluate:104 - strategy smart_trend raised: The truth value of a DataFrame is ambiguous. Use a.empty, a.bool(), a.item(), a.any() or a.all().
2026-05-13 13:43:14.474 | INFO     | app.engine.strategies.manager:evaluate:110 - strategy_manager: vwap fired in regime=trend_up conf=0.60 (perf×1.00): price near VWAP 678.6293 in uptrend
2026-05-13 13:43:15.004 | INFO     | app.engine.strategies.manager:evaluate:110 - strategy_manager: vwap fired in regime=range conf=0.60 (perf×1.00): price near VWAP 81047.6645 in uptrend
2026-05-13 13:43:19.398 | WARNING  | app.engine.strategies.manager:evaluate:104 - strategy smart_trend raised: The truth value of a DataFrame is ambiguous. Use a.empty, a.bool(), a.item(), a.any() or a.all().
2026-05-13 13:43:19.409 | INFO     | app.engine.strategies.manager:evaluate:110 - strategy_manager: vwap fired in regime=trend_up conf=0.60 (perf×1.00): price near VWAP 678.6293 in uptrend
2026-05-13 13:43:20.023 | WARNING  | app.engine.strategies.manager:evaluate:104 - strategy smart_trend raised: The truth value of a DataFrame is ambiguous. Use a.empty, a.bool(), a.item(), a.any() or a.all().
2026-05-13 13:43:20.032 | INFO     | app.engine.strategies.manager:evaluate:110 - strategy_manager: vwap fired in regime=trend_up conf=0.60 (perf×1.00): price near VWAP 678.6293 in uptrend
2026-05-13 13:43:20.047 | INFO     | app.engine.strategies.manager:evaluate:110 - strategy_manager: vwap fired in regime=range conf=0.60 (perf×1.00): price near VWAP 81047.6645 in uptrend
2026-05-13 13:43:24.867 | WARNING  | app.engine.strategies.manager:evaluate:104 - strategy smart_trend raised: The truth value of a DataFrame is ambiguous. Use a.empty, a.bool(), a.item(), a.any() or a.all().
2026-05-13 13:43:24.879 | INFO     | app.engine.strategies.manager:evaluate:110 - strategy_manager: vwap fired in regime=trend_up conf=0.60 (perf×1.00): price near VWAP 678.6301 in uptrend
2026-05-13 13:43:25.065 | WARNING  | app.engine.strategies.manager:evaluate:104 - strategy smart_trend raised: The truth value of a DataFrame is ambiguous. Use a.empty, a.bool(), a.item(), a.any() or a.all().
2026-05-13 13:43:25.072 | INFO     | app.engine.strategies.manager:evaluate:110 - strategy_manager: vwap fired in regime=trend_up conf=0.60 (perf×1.00): price near VWAP 678.6301 in uptrend
2026-05-13 13:43:25.085 | INFO     | app.engine.strategies.manager:evaluate:110 - strategy_manager: vwap fired in regime=range conf=0.60 (perf×1.00): price near VWAP 81047.6645 in uptrend
2026-05-13 13:43:29.911 | WARNING  | app.engine.strategies.manager:evaluate:104 - strategy smart_trend raised: The truth value of a DataFrame is ambiguous. Use a.empty, a.bool(), a.item(), a.any() or a.all().
2026-05-13 13:43:29.919 | INFO     | app.engine.strategies.manager:evaluate:110 - strategy_manager: vwap fired in regime=trend_up conf=0.60 (perf×1.00): price near VWAP 678.6301 in uptrend
2026-05-13 13:43:30.104 | WARNING  | app.engine.strategies.manager:evaluate:104 - strategy smart_trend raised: The truth value of a DataFrame is ambiguous. Use a.empty, a.bool(), a.item(), a.any() or a.all().
2026-05-13 13:43:30.113 | INFO     | app.engine.strategies.manager:evaluate:110 - strategy_manager: vwap fired in regime=trend_up conf=0.60 (perf×1.00): price near VWAP 678.6301 in uptrend
2026-05-13 13:43:30.126 | INFO     | app.engine.strategies.manager:evaluate:110 - strategy_manager: vwap fired in regime=range conf=0.60 (perf×1.00): price near VWAP 81047.6645 in uptrend
2026-05-13 13:43:35.151 | WARNING  | app.engine.strategies.manager:evaluate:104 - strategy smart_trend raised: The truth value of a DataFrame is ambiguous. Use a.empty, a.bool(), a.item(), a.any() or a.all().
2026-05-13 13:43:35.156 | INFO     | app.engine.strategies.manager:evaluate:110 - strategy_manager: vwap fired in regime=trend_up conf=0.60 (perf×1.00): price near VWAP 678.6301 in uptrend
2026-05-13 13:43:35.344 | WARNING  | app.engine.strategies.manager:evaluate:104 - strategy smart_trend raised: The truth value of a DataFrame is ambiguous. Use a.empty, a.bool(), a.item(), a.any() or a.all().
2026-05-13 13:43:35.351 | INFO     | app.engine.strategies.manager:evaluate:110 - strategy_manager: vwap fired in regime=trend_up conf=0.60 (perf×1.00): price near VWAP 678.6301 in uptrend
2026-05-13 13:43:35.603 | INFO     | app.engine.strategies.manager:evaluate:110 - strategy_manager: vwap fired in regime=range conf=0.60 (perf×1.00): price near VWAP 81047.6496 in uptrend
2026-05-13 13:43:40.172 | WARNING  | app.engine.strategies.manager:evaluate:104 - strategy smart_trend raised: The truth value of a DataFrame is ambiguous. Use a.empty, a.bool(), a.item(), a.any() or a.all().
2026-05-13 13:43:40.181 | INFO     | app.engine.strategies.manager:evaluate:110 - strategy_manager: vwap fired in regime=trend_up conf=0.60 (perf×1.00): price near VWAP 678.6301 in uptrend
2026-05-13 13:43:40.620 | WARNING  | app.engine.strategies.manager:evaluate:104 - strategy smart_trend raised: The truth value of a DataFrame is ambiguous. Use a.empty, a.bool(), a.item(), a.any() or a.all().
2026-05-13 13:43:40.628 | INFO     | app.engine.strategies.manager:evaluate:110 - strategy_manager: vwap fired in regime=trend_up conf=0.60 (perf×1.00): price near VWAP 678.6301 in uptrend
2026-05-13 13:43:40.640 | INFO     | app.engine.strategies.manager:evaluate:110 - strategy_manager: vwap fired in regime=range conf=0.60 (perf×1.00): price near VWAP 81047.6496 in uptrend
2026-05-13 13:43:45.632 | WARNING  | app.engine.strategies.manager:evaluate:104 - strategy smart_trend raised: The truth value of a DataFrame is ambiguous. Use a.empty, a.bool(), a.item(), a.any() or a.all().
2026-05-13 13:43:45.639 | INFO     | app.engine.strategies.manager:evaluate:110 - strategy_manager: vwap fired in regime=trend_up conf=0.60 (perf×1.00): price near VWAP 678.6294 in uptrend
2026-05-13 13:43:45.648 | WARNING  | app.engine.strategies.manager:evaluate:104 - strategy smart_trend raised: The truth value of a DataFrame is ambiguous. Use a.empty, a.bool(), a.item(), a.any() or a.all().
2026-05-13 13:43:45.652 | INFO     | app.engine.strategies.manager:evaluate:110 - strategy_manager: vwap fired in regime=trend_up conf=0.60 (perf×1.00): price near VWAP 678.6294 in uptrend
2026-05-13 13:43:45.662 | INFO     | app.engine.strategies.manager:evaluate:110 - strategy_manager: vwap fired in regime=range conf=0.60 (perf×1.00): price near VWAP 81047.6496 in uptrend
2026-05-13 13:43:50.659 | WARNING  | app.engine.strategies.manager:evaluate:104 - strategy smart_trend raised: The truth value of a DataFrame is ambiguous. Use a.empty, a.bool(), a.item(), a.any() or a.all().
2026-05-13 13:43:50.667 | INFO     | app.engine.strategies.manager:evaluate:110 - strategy_manager: vwap fired in regime=trend_up conf=0.60 (perf×1.00): price near VWAP 678.6294 in uptrend
2026-05-13 13:43:50.682 | WARNING  | app.engine.strategies.manager:evaluate:104 - strategy smart_trend raised: The truth value of a DataFrame is ambiguous. Use a.empty, a.bool(), a.item(), a.any() or a.all().
2026-05-13 13:43:50.687 | INFO     | app.engine.strategies.manager:evaluate:110 - strategy_manager: vwap fired in regime=trend_up conf=0.60 (perf×1.00): price near VWAP 678.6294 in uptrend
2026-05-13 13:43:50.697 | INFO     | app.engine.strategies.manager:evaluate:110 - strategy_manager: vwap fired in regime=range conf=0.60 (perf×1.00): price near VWAP 81047.6496 in uptrend
2026-05-13 13:43:55.897 | WARNING  | app.engine.strategies.manager:evaluate:104 - strategy smart_trend raised: The truth value of a DataFrame is ambiguous. Use a.empty, a.bool(), a.item(), a.any() or a.all().
2026-05-13 13:43:55.902 | INFO     | app.engine.strategies.manager:evaluate:110 - strategy_manager: vwap fired in regime=trend_up conf=0.60 (perf×1.00): price near VWAP 678.6294 in uptrend
2026-05-13 13:43:55.912 | WARNING  | app.engine.strategies.manager:evaluate:104 - strategy smart_trend raised: The truth value of a DataFrame is ambiguous. Use a.empty, a.bool(), a.item(), a.any() or a.all().
2026-05-13 13:43:55.919 | INFO     | app.engine.strategies.manager:evaluate:110 - strategy_manager: vwap fired in regime=trend_up conf=0.60 (perf×1.00): price near VWAP 678.6294 in uptrend
2026-05-13 13:43:56.150 | INFO     | app.engine.strategies.manager:evaluate:110 - strategy_manager: vwap fired in regime=range conf=0.60 (perf×1.00): price near VWAP 81047.8645 in uptrend
2026-05-13 13:44:00.918 | WARNING  | app.engine.strategies.manager:evaluate:104 - strategy smart_trend raised: The truth value of a DataFrame is ambiguous. Use a.empty, a.bool(), a.item(), a.any() or a.all().
2026-05-13 13:44:00.926 | INFO     | app.engine.strategies.manager:evaluate:110 - strategy_manager: vwap fired in regime=trend_up conf=0.60 (perf×1.00): price near VWAP 678.6294 in uptrend
2026-05-13 13:44:01.157 | WARNING  | app.engine.strategies.manager:evaluate:104 - strategy smart_trend raised: The truth value of a DataFrame is ambiguous. Use a.empty, a.bool(), a.item(), a.any() or a.all().
2026-05-13 13:44:01.161 | INFO     | app.engine.strategies.manager:evaluate:110 - strategy_manager: vwap fired in regime=trend_up conf=0.60 (perf×1.00): price near VWAP 678.6294 in uptrend
2026-05-13 13:44:01.169 | INFO     | app.engine.strategies.manager:evaluate:110 - strategy_manager: vwap fired in regime=range conf=0.60 (perf×1.00): price near VWAP 81047.8645 in uptrend
2026-05-13 13:44:06.375 | WARNING  | app.engine.strategies.manager:evaluate:104 - strategy smart_trend raised: The truth value of a DataFrame is ambiguous. Use a.empty, a.bool(), a.item(), a.any() or a.all().
2026-05-13 13:44:06.382 | INFO     | app.engine.strategies.manager:evaluate:110 - strategy_manager: vwap fired in regime=trend_up conf=0.60 (perf×1.00): price near VWAP 678.6324 in uptrend
2026-05-13 13:44:06.558 | WARNING  | app.engine.strategies.manager:evaluate:104 - strategy smart_trend raised: The truth value of a DataFrame is ambiguous. Use a.empty, a.bool(), a.item(), a.any() or a.all().
2026-05-13 13:44:06.564 | INFO     | app.engine.strategies.manager:evaluate:110 - strategy_manager: vwap fired in regime=trend_up conf=0.60 (perf×1.00): price near VWAP 678.6324 in uptrend
2026-05-13 13:44:06.576 | INFO     | app.engine.strategies.manager:evaluate:110 - strategy_manager: vwap fired in regime=range conf=0.60 (perf×1.00): price near VWAP 81047.8645 in uptrend
2026-05-13 13:44:11.408 | WARNING  | app.engine.strategies.manager:evaluate:104 - strategy smart_trend raised: The truth value of a DataFrame is ambiguous. Use a.empty, a.bool(), a.item(), a.any() or a.all().
2026-05-13 13:44:11.416 | INFO     | app.engine.strategies.manager:evaluate:110 - strategy_manager: vwap fired in regime=trend_up conf=0.60 (perf×1.00): price near VWAP 678.6324 in uptrend
2026-05-13 13:44:11.595 | WARNING  | app.engine.strategies.manager:evaluate:104 - strategy smart_trend raised: The truth value of a DataFrame is ambiguous. Use a.empty, a.bool(), a.item(), a.any() or a.all().
2026-05-13 13:44:11.603 | INFO     | app.engine.strategies.manager:evaluate:110 - strategy_manager: vwap fired in regime=trend_up conf=0.60 (perf×1.00): price near VWAP 678.6324 in uptrend
2026-05-13 13:44:11.616 | INFO     | app.engine.strategies.manager:evaluate:110 - strategy_manager: vwap fired in regime=range conf=0.60 (perf×1.00): price near VWAP 81047.8645 in uptrend
2026-05-13 13:44:16.641 | WARNING  | app.engine.strategies.manager:evaluate:104 - strategy smart_trend raised: The truth value of a DataFrame is ambiguous. Use a.empty, a.bool(), a.item(), a.any() or a.all().
2026-05-13 13:44:16.649 | INFO     | app.engine.strategies.manager:evaluate:110 - strategy_manager: vwap fired in regime=trend_up conf=0.60 (perf×1.00): price near VWAP 678.6324 in uptrend
2026-05-13 13:44:16.835 | WARNING  | app.engine.strategies.manager:evaluate:104 - strategy smart_trend raised: The truth value of a DataFrame is ambiguous. Use a.empty, a.bool(), a.item(), a.any() or a.all().
2026-05-13 13:44:16.843 | INFO     | app.engine.strategies.manager:evaluate:110 - strategy_manager: vwap fired in regime=trend_up conf=0.60 (perf×1.00): price near VWAP 678.6324 in uptrend
2026-05-13 13:44:17.100 | INFO     | app.engine.strategies.manager:evaluate:110 - strategy_manager: vwap fired in regime=range conf=0.60 (perf×1.00): price near VWAP 81047.9391 in uptrend
2026-05-13 13:44:21.669 | WARNING  | app.engine.strategies.manager:evaluate:104 - strategy smart_trend raised: The truth value of a DataFrame is ambiguous. Use a.empty, a.bool(), a.item(), a.any() or a.all().
2026-05-13 13:44:21.676 | INFO     | app.engine.strategies.manager:evaluate:110 - strategy_manager: vwap fired in regime=trend_up conf=0.60 (perf×1.00): price near VWAP 678.6324 in uptrend
2026-05-13 13:44:22.116 | WARNING  | app.engine.strategies.manager:evaluate:104 - strategy smart_trend raised: The truth value of a DataFrame is ambiguous. Use a.empty, a.bool(), a.item(), a.any() or a.all().
2026-05-13 13:44:22.124 | INFO     | app.engine.strategies.manager:evaluate:110 - strategy_manager: vwap fired in regime=trend_up conf=0.60 (perf×1.00): price near VWAP 678.6324 in uptrend
2026-05-13 13:44:22.138 | INFO     | app.engine.strategies.manager:evaluate:110 - strategy_manager: vwap fired in regime=range conf=0.60 (perf×1.00): price near VWAP 81047.9391 in uptrend
2026-05-13 13:44:27.135 | WARNING  | app.engine.strategies.manager:evaluate:104 - strategy smart_trend raised: The truth value of a DataFrame is ambiguous. Use a.empty, a.bool(), a.item(), a.any() or a.all().
2026-05-13 13:44:27.141 | INFO     | app.engine.strategies.manager:evaluate:110 - strategy_manager: vwap fired in regime=trend_up conf=0.60 (perf×1.00): price near VWAP 678.6341 in uptrend
2026-05-13 13:44:27.149 | WARNING  | app.engine.strategies.manager:evaluate:104 - strategy smart_trend raised: The truth value of a DataFrame is ambiguous. Use a.empty, a.bool(), a.item(), a.any() or a.all().
2026-05-13 13:44:27.154 | INFO     | app.engine.strategies.manager:evaluate:110 - strategy_manager: vwap fired in regime=trend_up conf=0.60 (perf×1.00): price near VWAP 678.6341 in uptrend
2026-05-13 13:44:27.164 | INFO     | app.engine.strategies.manager:evaluate:110 - strategy_manager: vwap fired in regime=range conf=0.60 (perf×1.00): price near VWAP 81047.9391 in uptrend
2026-05-13 13:44:32.162 | WARNING  | app.engine.strategies.manager:evaluate:104 - strategy smart_trend raised: The truth value of a DataFrame is ambiguous. Use a.empty, a.bool(), a.item(), a.any() or a.all().
2026-05-13 13:44:32.169 | INFO     | app.engine.strategies.manager:evaluate:110 - strategy_manager: vwap fired in regime=trend_up conf=0.60 (perf×1.00): price near VWAP 678.6341 in uptrend
2026-05-13 13:44:32.179 | WARNING  | app.engine.strategies.manager:evaluate:104 - strategy smart_trend raised: The truth value of a DataFrame is ambiguous. Use a.empty, a.bool(), a.item(), a.any() or a.all().
2026-05-13 13:44:32.182 | INFO     | app.engine.strategies.manager:evaluate:110 - strategy_manager: vwap fired in regime=trend_up conf=0.60 (perf×1.00): price near VWAP 678.6341 in uptrend
2026-05-13 13:44:32.194 | INFO     | app.engine.strategies.manager:evaluate:110 - strategy_manager: vwap fired in regime=range conf=0.60 (perf×1.00): price near VWAP 81047.9391 in uptrend
2026-05-13 13:44:37.184 | WARNING  | app.engine.strategies.manager:evaluate:104 - strategy smart_trend raised: The truth value of a DataFrame is ambiguous. Use a.empty, a.bool(), a.item(), a.any() or a.all().
2026-05-13 13:44:37.193 | INFO     | app.engine.strategies.manager:evaluate:110 - strategy_manager: vwap fired in regime=trend_up conf=0.60 (perf×1.00): price near VWAP 678.6341 in uptrend
2026-05-13 13:44:37.203 | WARNING  | app.engine.strategies.manager:evaluate:104 - strategy smart_trend raised: The truth value of a DataFrame is ambiguous. Use a.empty, a.bool(), a.item(), a.any() or a.all().
2026-05-13 13:44:37.209 | INFO     | app.engine.strategies.manager:evaluate:110 - strategy_manager: vwap fired in regime=trend_up conf=0.60 (perf×1.00): price near VWAP 678.6341 in uptrend
2026-05-13 13:44:37.457 | INFO     | app.engine.strategies.manager:evaluate:110 - strategy_manager: vwap fired in regime=range conf=0.60 (perf×1.00): price near VWAP 81047.9751 in uptrend
2026-05-13 13:44:42.208 | WARNING  | app.engine.strategies.manager:evaluate:104 - strategy smart_trend raised: The truth value of a DataFrame is ambiguous. Use a.empty, a.bool(), a.item(), a.any() or a.all().
2026-05-13 13:44:42.216 | INFO     | app.engine.strategies.manager:evaluate:110 - strategy_manager: vwap fired in regime=trend_up conf=0.60 (perf×1.00): price near VWAP 678.6341 in uptrend
2026-05-13 13:44:42.475 | WARNING  | app.engine.strategies.manager:evaluate:104 - strategy smart_trend raised: The truth value of a DataFrame is ambiguous. Use a.empty, a.bool(), a.item(), a.any() or a.all().
2026-05-13 13:44:42.483 | INFO     | app.engine.strategies.manager:evaluate:110 - strategy_manager: vwap fired in regime=trend_up conf=0.60 (perf×1.00): price near VWAP 678.6341 in uptrend
2026-05-13 13:44:42.495 | INFO     | app.engine.strategies.manager:evaluate:110 - strategy_manager: vwap fired in regime=range conf=0.60 (perf×1.00): price near VWAP 81047.9751 in uptrend
2026-05-13 13:44:47.475 | WARNING  | app.engine.strategies.manager:evaluate:104 - strategy smart_trend raised: The truth value of a DataFrame is ambiguous. Use a.empty, a.bool(), a.item(), a.any() or a.all().
2026-05-13 13:44:47.481 | INFO     | app.engine.strategies.manager:evaluate:110 - strategy_manager: vwap fired in regime=trend_up conf=0.60 (perf×1.00): price near VWAP 678.6353 in uptrend
2026-05-13 13:44:47.504 | WARNING  | app.engine.strategies.manager:evaluate:104 - strategy smart_trend raised: The truth value of a DataFrame is ambiguous. Use a.empty, a.bool(), a.item(), a.any() or a.all().
2026-05-13 13:44:47.510 | INFO     | app.engine.strategies.manager:evaluate:110 - strategy_manager: vwap fired in regime=trend_up conf=0.60 (perf×1.00): price near VWAP 678.6353 in uptrend
2026-05-13 13:44:47.519 | INFO     | app.engine.strategies.manager:evaluate:110 - strategy_manager: vwap fired in regime=range conf=0.60 (perf×1.00): price near VWAP 81047.9751 in uptrend
2026-05-13 13:44:52.498 | WARNING  | app.engine.strategies.manager:evaluate:104 - strategy smart_trend raised: The truth value of a DataFrame is ambiguous. Use a.empty, a.bool(), a.item(), a.any() or a.all().
2026-05-13 13:44:52.503 | INFO     | app.engine.strategies.manager:evaluate:110 - strategy_manager: vwap fired in regime=trend_up conf=0.60 (perf×1.00): price near VWAP 678.6353 in uptrend
2026-05-13 13:44:52.528 | WARNING  | app.engine.strategies.manager:evaluate:104 - strategy smart_trend raised: The truth value of a DataFrame is ambiguous. Use a.empty, a.bool(), a.item(), a.any() or a.all().
2026-05-13 13:44:52.533 | INFO     | app.engine.strategies.manager:evaluate:110 - strategy_manager: vwap fired in regime=trend_up conf=0.60 (perf×1.00): price near VWAP 678.6353 in uptrend
2026-05-13 13:44:52.545 | INFO     | app.engine.strategies.manager:evaluate:110 - strategy_manager: vwap fired in regime=range conf=0.60 (perf×1.00): price near VWAP 81047.9751 in uptrend
2026-05-13 13:44:57.519 | WARNING  | app.engine.strategies.manager:evaluate:104 - strategy smart_trend raised: The truth value of a DataFrame is ambiguous. Use a.empty, a.bool(), a.item(), a.any() or a.all().
2026-05-13 13:44:57.530 | INFO     | app.engine.strategies.manager:evaluate:110 - strategy_manager: vwap fired in regime=trend_up conf=0.60 (perf×1.00): price near VWAP 678.6353 in uptrend
2026-05-13 13:44:57.556 | WARNING  | app.engine.strategies.manager:evaluate:104 - strategy smart_trend raised: The truth value of a DataFrame is ambiguous. Use a.empty, a.bool(), a.item(), a.any() or a.all().
2026-05-13 13:44:57.562 | INFO     | app.engine.strategies.manager:evaluate:110 - strategy_manager: vwap fired in regime=trend_up conf=0.60 (perf×1.00): price near VWAP 678.6353 in uptrend
2026-05-13 13:44:57.809 | INFO     | app.engine.strategies.manager:evaluate:110 - strategy_manager: vwap fired in regime=range conf=0.60 (perf×1.00): price near VWAP 81048.0151 in uptrend
2026-05-13 13:45:02.548 | WARNING  | app.engine.strategies.manager:evaluate:104 - strategy smart_trend raised: The truth value of a DataFrame is ambiguous. Use a.empty, a.bool(), a.item(), a.any() or a.all().
2026-05-13 13:45:02.556 | INFO     | app.engine.strategies.manager:evaluate:110 - strategy_manager: vwap fired in regime=trend_up conf=0.60 (perf×1.00): price near VWAP 678.6353 in uptrend
2026-05-13 13:45:02.827 | WARNING  | app.engine.strategies.manager:evaluate:104 - strategy smart_trend raised: The truth value of a DataFrame is ambiguous. Use a.empty, a.bool(), a.item(), a.any() or a.all().
2026-05-13 13:45:02.834 | INFO     | app.engine.strategies.manager:evaluate:110 - strategy_manager: vwap fired in regime=trend_up conf=0.60 (perf×1.00): price near VWAP 678.6353 in uptrend
2026-05-13 13:45:02.846 | INFO     | app.engine.strategies.manager:evaluate:110 - strategy_manager: vwap fired in regime=range conf=0.60 (perf×1.00): price near VWAP 81048.0151 in uptrend
2026-05-13 13:45:08.269 | WARNING  | app.engine.strategies.manager:evaluate:104 - strategy smart_trend raised: The truth value of a DataFrame is ambiguous. Use a.empty, a.bool(), a.item(), a.any() or a.all().
2026-05-13 13:45:08.278 | INFO     | app.engine.strategies.manager:evaluate:110 - strategy_manager: vwap fired in regime=trend_up conf=0.60 (perf×1.00): price near VWAP 678.5477 in uptrend
2026-05-13 13:45:08.635 | WARNING  | app.engine.strategies.manager:evaluate:104 - strategy smart_trend raised: The truth value of a DataFrame is ambiguous. Use a.empty, a.bool(), a.item(), a.any() or a.all().
2026-05-13 13:45:08.642 | INFO     | app.engine.strategies.manager:evaluate:110 - strategy_manager: vwap fired in regime=trend_up conf=0.60 (perf×1.00): price near VWAP 678.5477 in uptrend
2026-05-13 13:45:08.654 | INFO     | app.engine.strategies.manager:evaluate:110 - strategy_manager: vwap fired in regime=range conf=0.60 (perf×1.00): price near VWAP 81048.0151 in uptrend
2026-05-13 13:45:13.305 | WARNING  | app.engine.strategies.manager:evaluate:104 - strategy smart_trend raised: The truth value of a DataFrame is ambiguous. Use a.empty, a.bool(), a.item(), a.any() or a.all().
2026-05-13 13:45:13.311 | INFO     | app.engine.strategies.manager:evaluate:110 - strategy_manager: vwap fired in regime=trend_up conf=0.60 (perf×1.00): price near VWAP 678.5477 in uptrend
2026-05-13 13:45:13.672 | WARNING  | app.engine.strategies.manager:evaluate:104 - strategy smart_trend raised: The truth value of a DataFrame is ambiguous. Use a.empty, a.bool(), a.item(), a.any() or a.all().
2026-05-13 13:45:13.679 | INFO     | app.engine.strategies.manager:evaluate:110 - strategy_manager: vwap fired in regime=trend_up conf=0.60 (perf×1.00): price near VWAP 678.5477 in uptrend
2026-05-13 13:45:13.692 | INFO     | app.engine.strategies.manager:evaluate:110 - strategy_manager: vwap fired in regime=range conf=0.60 (perf×1.00): price near VWAP 81048.0151 in uptrend
2026-05-13 13:45:18.552 | WARNING  | app.engine.strategies.manager:evaluate:104 - strategy smart_trend raised: The truth value of a DataFrame is ambiguous. Use a.empty, a.bool(), a.item(), a.any() or a.all().
2026-05-13 13:45:18.585 | INFO     | app.engine.strategies.manager:evaluate:110 - strategy_manager: vwap fired in regime=trend_up conf=0.60 (perf×1.00): price near VWAP 678.5477 in uptrend
2026-05-13 13:45:18.705 | WARNING  | app.engine.strategies.manager:evaluate:104 - strategy smart_trend raised: The truth value of a DataFrame is ambiguous. Use a.empty, a.bool(), a.item(), a.any() or a.all().
2026-05-13 13:45:18.709 | INFO     | app.engine.strategies.manager:evaluate:110 - strategy_manager: vwap fired in regime=trend_up conf=0.60 (perf×1.00): price near VWAP 678.5477 in uptrend
2026-05-13 13:45:19.094 | INFO     | app.engine.strategies.manager:evaluate:110 - strategy_manager: vwap fired in regime=range conf=0.60 (perf×1.00): price near VWAP 81039.6460 in uptrend
2026-05-13 13:45:23.607 | WARNING  | app.engine.strategies.manager:evaluate:104 - strategy smart_trend raised: The truth value of a DataFrame is ambiguous. Use a.empty, a.bool(), a.item(), a.any() or a.all().
2026-05-13 13:45:23.616 | INFO     | app.engine.strategies.manager:evaluate:110 - strategy_manager: vwap fired in regime=trend_up conf=0.60 (perf×1.00): price near VWAP 678.5477 in uptrend
2026-05-13 13:45:24.110 | WARNING  | app.engine.strategies.manager:evaluate:104 - strategy smart_trend raised: The truth value of a DataFrame is ambiguous. Use a.empty, a.bool(), a.item(), a.any() or a.all().
2026-05-13 13:45:24.117 | INFO     | app.engine.strategies.manager:evaluate:110 - strategy_manager: vwap fired in regime=trend_up conf=0.60 (perf×1.00): price near VWAP 678.5477 in uptrend
2026-05-13 13:45:24.130 | INFO     | app.engine.strategies.manager:evaluate:110 - strategy_manager: vwap fired in regime=range conf=0.60 (perf×1.00): price near VWAP 81039.6460 in uptrend
2026-05-13 13:45:29.265 | WARNING  | app.engine.strategies.manager:evaluate:104 - strategy smart_trend raised: The truth value of a DataFrame is ambiguous. Use a.empty, a.bool(), a.item(), a.any() or a.all().
2026-05-13 13:45:29.272 | INFO     | app.engine.strategies.manager:evaluate:110 - strategy_manager: vwap fired in regime=trend_up conf=0.60 (perf×1.00): price near VWAP 678.5481 in uptrend
2026-05-13 13:45:29.361 | WARNING  | app.engine.strategies.manager:evaluate:104 - strategy smart_trend raised: The truth value of a DataFrame is ambiguous. Use a.empty, a.bool(), a.item(), a.any() or a.all().
2026-05-13 13:45:29.367 | INFO     | app.engine.strategies.manager:evaluate:110 - strategy_manager: vwap fired in regime=trend_up conf=0.60 (perf×1.00): price near VWAP 678.5481 in uptrend
2026-05-13 13:45:29.379 | INFO     | app.engine.strategies.manager:evaluate:110 - strategy_manager: vwap fired in regime=range conf=0.60 (perf×1.00): price near VWAP 81039.6460 in uptrend
2026-05-13 13:45:34.292 | WARNING  | app.engine.strategies.manager:evaluate:104 - strategy smart_trend raised: The truth value of a DataFrame is ambiguous. Use a.empty, a.bool(), a.item(), a.any() or a.all().
2026-05-13 13:45:34.301 | INFO     | app.engine.strategies.manager:evaluate:110 - strategy_manager: vwap fired in regime=trend_up conf=0.60 (perf×1.00): price near VWAP 678.5481 in uptrend
2026-05-13 13:45:34.396 | WARNING  | app.engine.strategies.manager:evaluate:104 - strategy smart_trend raised: The truth value of a DataFrame is ambiguous. Use a.empty, a.bool(), a.item(), a.any() or a.all().
2026-05-13 13:45:34.404 | INFO     | app.engine.strategies.manager:evaluate:110 - strategy_manager: vwap fired in regime=trend_up conf=0.60 (perf×1.00): price near VWAP 678.5481 in uptrend
2026-05-13 13:45:34.416 | INFO     | app.engine.strategies.manager:evaluate:110 - strategy_manager: vwap fired in regime=range conf=0.60 (perf×1.00): price near VWAP 81039.6460 in uptrend
2026-05-13 13:45:39.528 | WARNING  | app.engine.strategies.manager:evaluate:104 - strategy smart_trend raised: The truth value of a DataFrame is ambiguous. Use a.empty, a.bool(), a.item(), a.any() or a.all().
2026-05-13 13:45:39.536 | INFO     | app.engine.strategies.manager:evaluate:110 - strategy_manager: vwap fired in regime=trend_up conf=0.60 (perf×1.00): price near VWAP 678.5481 in uptrend
2026-05-13 13:45:39.635 | WARNING  | app.engine.strategies.manager:evaluate:104 - strategy smart_trend raised: The truth value of a DataFrame is ambiguous. Use a.empty, a.bool(), a.item(), a.any() or a.all().
2026-05-13 13:45:39.643 | INFO     | app.engine.strategies.manager:evaluate:110 - strategy_manager: vwap fired in regime=trend_up conf=0.60 (perf×1.00): price near VWAP 678.5481 in uptrend
2026-05-13 13:45:39.889 | INFO     | app.engine.strategies.manager:evaluate:110 - strategy_manager: vwap fired in regime=range conf=0.60 (perf×1.00): price near VWAP 81039.6262 in uptrend
2026-05-13 13:45:44.554 | WARNING  | app.engine.strategies.manager:evaluate:104 - strategy smart_trend raised: The truth value of a DataFrame is ambiguous. Use a.empty, a.bool(), a.item(), a.any() or a.all().
2026-05-13 13:45:44.562 | INFO     | app.engine.strategies.manager:evaluate:110 - strategy_manager: vwap fired in regime=trend_up conf=0.60 (perf×1.00): price near VWAP 678.5481 in uptrend
2026-05-13 13:45:44.902 | WARNING  | app.engine.strategies.manager:evaluate:104 - strategy smart_trend raised: The truth value of a DataFrame is ambiguous. Use a.empty, a.bool(), a.item(), a.any() or a.all().
2026-05-13 13:45:44.907 | INFO     | app.engine.strategies.manager:evaluate:110 - strategy_manager: vwap fired in regime=trend_up conf=0.60 (perf×1.00): price near VWAP 678.5481 in uptrend
2026-05-13 13:45:44.919 | INFO     | app.engine.strategies.manager:evaluate:110 - strategy_manager: vwap fired in regime=range conf=0.60 (perf×1.00): price near VWAP 81039.6262 in uptrend
2026-05-13 13:45:50.016 | WARNING  | app.engine.strategies.manager:evaluate:104 - strategy smart_trend raised: The truth value of a DataFrame is ambiguous. Use a.empty, a.bool(), a.item(), a.any() or a.all().
2026-05-13 13:45:50.023 | INFO     | app.engine.strategies.manager:evaluate:110 - strategy_manager: vwap fired in regime=trend_up conf=0.60 (perf×1.00): price near VWAP 678.5486 in uptrend
2026-05-13 13:45:50.376 | WARNING  | app.engine.strategies.manager:evaluate:104 - strategy smart_trend raised: The truth value of a DataFrame is ambiguous. Use a.empty, a.bool(), a.item(), a.any() or a.all().
2026-05-13 13:45:50.380 | INFO     | app.engine.strategies.manager:evaluate:110 - strategy_manager: vwap fired in regime=trend_up conf=0.60 (perf×1.00): price near VWAP 678.5486 in uptrend
2026-05-13 13:45:50.387 | INFO     | app.engine.strategies.manager:evaluate:110 - strategy_manager: vwap fired in regime=range conf=0.60 (perf×1.00): price near VWAP 81039.6262 in uptrend
2026-05-13 13:45:55.045 | WARNING  | app.engine.strategies.manager:evaluate:104 - strategy smart_trend raised: The truth value of a DataFrame is ambiguous. Use a.empty, a.bool(), a.item(), a.any() or a.all().
2026-05-13 13:45:55.052 | INFO     | app.engine.strategies.manager:evaluate:110 - strategy_manager: vwap fired in regime=trend_up conf=0.60 (perf×1.00): price near VWAP 678.5486 in uptrend
2026-05-13 13:45:55.404 | WARNING  | app.engine.strategies.manager:evaluate:104 - strategy smart_trend raised: The truth value of a DataFrame is ambiguous. Use a.empty, a.bool(), a.item(), a.any() or a.all().
2026-05-13 13:45:55.412 | INFO     | app.engine.strategies.manager:evaluate:110 - strategy_manager: vwap fired in regime=trend_up conf=0.60 (perf×1.00): price near VWAP 678.5486 in uptrend
2026-05-13 13:45:55.424 | INFO     | app.engine.strategies.manager:evaluate:110 - strategy_manager: vwap fired in regime=range conf=0.60 (perf×1.00): price near VWAP 81039.6262 in uptrend
2026-05-13 13:46:00.306 | WARNING  | app.engine.strategies.manager:evaluate:104 - strategy smart_trend raised: The truth value of a DataFrame is ambiguous. Use a.empty, a.bool(), a.item(), a.any() or a.all().
2026-05-13 13:46:00.312 | INFO     | app.engine.strategies.manager:evaluate:110 - strategy_manager: vwap fired in regime=trend_up conf=0.60 (perf×1.00): price near VWAP 678.5486 in uptrend
2026-05-13 13:46:00.438 | WARNING  | app.engine.strategies.manager:evaluate:104 - strategy smart_trend raised: The truth value of a DataFrame is ambiguous. Use a.empty, a.bool(), a.item(), a.any() or a.all().
2026-05-13 13:46:00.449 | INFO     | app.engine.strategies.manager:evaluate:110 - strategy_manager: vwap fired in regime=trend_up conf=0.60 (perf×1.00): price near VWAP 678.5486 in uptrend
2026-05-13 13:46:00.681 | INFO     | app.engine.strategies.manager:evaluate:110 - strategy_manager: vwap fired in regime=range conf=0.60 (perf×1.00): price near VWAP 81039.6294 in uptrend
2026-05-13 13:46:05.331 | WARNING  | app.engine.strategies.manager:evaluate:104 - strategy smart_trend raised: The truth value of a DataFrame is ambiguous. Use a.empty, a.bool(), a.item(), a.any() or a.all().
2026-05-13 13:46:05.337 | INFO     | app.engine.strategies.manager:evaluate:110 - strategy_manager: vwap fired in regime=trend_up conf=0.60 (perf×1.00): price near VWAP 678.5486 in uptrend
2026-05-13 13:46:05.696 | WARNING  | app.engine.strategies.manager:evaluate:104 - strategy smart_trend raised: The truth value of a DataFrame is ambiguous. Use a.empty, a.bool(), a.item(), a.any() or a.all().
2026-05-13 13:46:05.699 | INFO     | app.engine.strategies.manager:evaluate:110 - strategy_manager: vwap fired in regime=trend_up conf=0.60 (perf×1.00): price near VWAP 678.5486 in uptrend
2026-05-13 13:46:05.707 | INFO     | app.engine.strategies.manager:evaluate:110 - strategy_manager: vwap fired in regime=range conf=0.60 (perf×1.00): price near VWAP 81039.6294 in uptrend
2026-05-13 13:46:10.790 | WARNING  | app.engine.strategies.manager:evaluate:104 - strategy smart_trend raised: The truth value of a DataFrame is ambiguous. Use a.empty, a.bool(), a.item(), a.any() or a.all().
2026-05-13 13:46:10.796 | INFO     | app.engine.strategies.manager:evaluate:110 - strategy_manager: vwap fired in regime=trend_up conf=0.60 (perf×1.00): price near VWAP 678.5493 in uptrend
2026-05-13 13:46:11.169 | WARNING  | app.engine.strategies.manager:evaluate:104 - strategy smart_trend raised: The truth value of a DataFrame is ambiguous. Use a.empty, a.bool(), a.item(), a.any() or a.all().
2026-05-13 13:46:11.176 | INFO     | app.engine.strategies.manager:evaluate:110 - strategy_manager: vwap fired in regime=trend_up conf=0.60 (perf×1.00): price near VWAP 678.5493 in uptrend
2026-05-13 13:46:11.187 | INFO     | app.engine.strategies.manager:evaluate:110 - strategy_manager: vwap fired in regime=range conf=0.60 (perf×1.00): price near VWAP 81039.6294 in uptrend
2026-05-13 13:46:15.824 | WARNING  | app.engine.strategies.manager:evaluate:104 - strategy smart_trend raised: The truth value of a DataFrame is ambiguous. Use a.empty, a.bool(), a.item(), a.any() or a.all().
2026-05-13 13:46:15.833 | INFO     | app.engine.strategies.manager:evaluate:110 - strategy_manager: vwap fired in regime=trend_up conf=0.60 (perf×1.00): price near VWAP 678.5493 in uptrend
2026-05-13 13:46:16.206 | WARNING  | app.engine.strategies.manager:evaluate:104 - strategy smart_trend raised: The truth value of a DataFrame is ambiguous. Use a.empty, a.bool(), a.item(), a.any() or a.all().
2026-05-13 13:46:16.214 | INFO     | app.engine.strategies.manager:evaluate:110 - strategy_manager: vwap fired in regime=trend_up conf=0.60 (perf×1.00): price near VWAP 678.5493 in uptrend
2026-05-13 13:46:16.227 | INFO     | app.engine.strategies.manager:evaluate:110 - strategy_manager: vwap fired in regime=range conf=0.60 (perf×1.00): price near VWAP 81039.6294 in uptrend
2026-05-13 13:46:21.074 | WARNING  | app.engine.strategies.manager:evaluate:104 - strategy smart_trend raised: The truth value of a DataFrame is ambiguous. Use a.empty, a.bool(), a.item(), a.any() or a.all().
2026-05-13 13:46:21.087 | INFO     | app.engine.strategies.manager:evaluate:110 - strategy_manager: vwap fired in regime=trend_up conf=0.60 (perf×1.00): price near VWAP 678.5493 in uptrend
2026-05-13 13:46:21.235 | WARNING  | app.engine.strategies.manager:evaluate:104 - strategy smart_trend raised: The truth value of a DataFrame is ambiguous. Use a.empty, a.bool(), a.item(), a.any() or a.all().
2026-05-13 13:46:21.239 | INFO     | app.engine.strategies.manager:evaluate:110 - strategy_manager: vwap fired in regime=trend_up conf=0.60 (perf×1.00): price near VWAP 678.5493 in uptrend
2026-05-13 13:46:21.500 | INFO     | app.engine.strategies.manager:evaluate:110 - strategy_manager: vwap fired in regime=range conf=0.60 (perf×1.00): price near VWAP 81039.6920 in uptrend
2026-05-13 13:46:26.114 | WARNING  | app.engine.strategies.manager:evaluate:104 - strategy smart_trend raised: The truth value of a DataFrame is ambiguous. Use a.empty, a.bool(), a.item(), a.any() or a.all().
2026-05-13 13:46:26.124 | INFO     | app.engine.strategies.manager:evaluate:110 - strategy_manager: vwap fired in regime=trend_up conf=0.60 (perf×1.00): price near VWAP 678.5493 in uptrend
2026-05-13 13:46:26.516 | WARNING  | app.engine.strategies.manager:evaluate:104 - strategy smart_trend raised: The truth value of a DataFrame is ambiguous. Use a.empty, a.bool(), a.item(), a.any() or a.all().
2026-05-13 13:46:26.525 | INFO     | app.engine.strategies.manager:evaluate:110 - strategy_manager: vwap fired in regime=trend_up conf=0.60 (perf×1.00): price near VWAP 678.5493 in uptrend
2026-05-13 13:46:26.538 | INFO     | app.engine.strategies.manager:evaluate:110 - strategy_manager: vwap fired in regime=range conf=0.60 (perf×1.00): price near VWAP 81039.6920 in uptrend
2026-05-13 13:46:31.570 | WARNING  | app.engine.strategies.manager:evaluate:104 - strategy smart_trend raised: The truth value of a DataFrame is ambiguous. Use a.empty, a.bool(), a.item(), a.any() or a.all().
2026-05-13 13:46:31.575 | INFO     | app.engine.strategies.manager:evaluate:110 - strategy_manager: vwap fired in regime=trend_up conf=0.60 (perf×1.00): price near VWAP 678.5503 in uptrend
2026-05-13 13:46:32.047 | WARNING  | app.engine.strategies.manager:evaluate:104 - strategy smart_trend raised: The truth value of a DataFrame is ambiguous. Use a.empty, a.bool(), a.item(), a.any() or a.all().
2026-05-13 13:46:32.052 | INFO     | app.engine.strategies.manager:evaluate:110 - strategy_manager: vwap fired in regime=trend_up conf=0.60 (perf×1.00): price near VWAP 678.5503 in uptrend
2026-05-13 13:46:32.064 | INFO     | app.engine.strategies.manager:evaluate:110 - strategy_manager: vwap fired in regime=range conf=0.60 (perf×1.00): price near VWAP 81039.6920 in uptrend
2026-05-13 13:46:36.589 | WARNING  | app.engine.strategies.manager:evaluate:104 - strategy smart_trend raised: The truth value of a DataFrame is ambiguous. Use a.empty, a.bool(), a.item(), a.any() or a.all().
2026-05-13 13:46:36.594 | INFO     | app.engine.strategies.manager:evaluate:110 - strategy_manager: vwap fired in regime=trend_up conf=0.60 (perf×1.00): price near VWAP 678.5503 in uptrend
2026-05-13 13:46:37.079 | WARNING  | app.engine.strategies.manager:evaluate:104 - strategy smart_trend raised: The truth value of a DataFrame is ambiguous. Use a.empty, a.bool(), a.item(), a.any() or a.all().
2026-05-13 13:46:37.084 | INFO     | app.engine.strategies.manager:evaluate:110 - strategy_manager: vwap fired in regime=trend_up conf=0.60 (perf×1.00): price near VWAP 678.5503 in uptrend
2026-05-13 13:46:37.090 | INFO     | app.engine.strategies.manager:evaluate:110 - strategy_manager: vwap fired in regime=range conf=0.60 (perf×1.00): price near VWAP 81039.6920 in uptrend
2026-05-13 13:46:41.813 | WARNING  | app.engine.strategies.manager:evaluate:104 - strategy smart_trend raised: The truth value of a DataFrame is ambiguous. Use a.empty, a.bool(), a.item(), a.any() or a.all().
2026-05-13 13:46:41.822 | INFO     | app.engine.strategies.manager:evaluate:110 - strategy_manager: vwap fired in regime=trend_up conf=0.60 (perf×1.00): price near VWAP 678.5503 in uptrend
2026-05-13 13:46:42.105 | WARNING  | app.engine.strategies.manager:evaluate:104 - strategy smart_trend raised: The truth value of a DataFrame is ambiguous. Use a.empty, a.bool(), a.item(), a.any() or a.all().
2026-05-13 13:46:42.113 | INFO     | app.engine.strategies.manager:evaluate:110 - strategy_manager: vwap fired in regime=trend_up conf=0.60 (perf×1.00): price near VWAP 678.5503 in uptrend
2026-05-13 13:46:42.516 | INFO     | app.engine.strategies.manager:evaluate:110 - strategy_manager: vwap fired in regime=range conf=0.60 (perf×1.00): price near VWAP 81039.7454 in uptrend
2026-05-13 13:46:46.838 | WARNING  | app.engine.strategies.manager:evaluate:104 - strategy smart_trend raised: The truth value of a DataFrame is ambiguous. Use a.empty, a.bool(), a.item(), a.any() or a.all().
2026-05-13 13:46:46.846 | INFO     | app.engine.strategies.manager:evaluate:110 - strategy_manager: vwap fired in regime=trend_up conf=0.60 (perf×1.00): price near VWAP 678.5503 in uptrend
2026-05-13 13:46:47.532 | WARNING  | app.engine.strategies.manager:evaluate:104 - strategy smart_trend raised: The truth value of a DataFrame is ambiguous. Use a.empty, a.bool(), a.item(), a.any() or a.all().
2026-05-13 13:46:47.541 | INFO     | app.engine.strategies.manager:evaluate:110 - strategy_manager: vwap fired in regime=trend_up conf=0.60 (perf×1.00): price near VWAP 678.5503 in uptrend
2026-05-13 13:46:47.555 | INFO     | app.engine.strategies.manager:evaluate:110 - strategy_manager: vwap fired in regime=range conf=0.60 (perf×1.00): price near VWAP 81039.7454 in uptrend
2026-05-13 13:46:52.563 | WARNING  | app.engine.strategies.manager:evaluate:104 - strategy smart_trend raised: The truth value of a DataFrame is ambiguous. Use a.empty, a.bool(), a.item(), a.any() or a.all().
2026-05-13 13:46:52.567 | INFO     | app.engine.strategies.manager:evaluate:110 - strategy_manager: vwap fired in regime=trend_up conf=0.60 (perf×1.00): price near VWAP 678.5513 in uptrend
2026-05-13 13:46:52.575 | WARNING  | app.engine.strategies.manager:evaluate:104 - strategy smart_trend raised: The truth value of a DataFrame is ambiguous. Use a.empty, a.bool(), a.item(), a.any() or a.all().
2026-05-13 13:46:52.579 | INFO     | app.engine.strategies.manager:evaluate:110 - strategy_manager: vwap fired in regime=trend_up conf=0.60 (perf×1.00): price near VWAP 678.5513 in uptrend
2026-05-13 13:46:52.592 | INFO     | app.engine.strategies.manager:evaluate:110 - strategy_manager: vwap fired in regime=range conf=0.60 (perf×1.00): price near VWAP 81039.7454 in uptrend
2026-05-13 13:46:57.593 | WARNING  | app.engine.strategies.manager:evaluate:104 - strategy smart_trend raised: The truth value of a DataFrame is ambiguous. Use a.empty, a.bool(), a.item(), a.any() or a.all().
2026-05-13 13:46:57.603 | INFO     | app.engine.strategies.manager:evaluate:110 - strategy_manager: vwap fired in regime=trend_up conf=0.60 (perf×1.00): price near VWAP 678.5513 in uptrend
2026-05-13 13:46:57.614 | WARNING  | app.engine.strategies.manager:evaluate:104 - strategy smart_trend raised: The truth value of a DataFrame is ambiguous. Use a.empty, a.bool(), a.item(), a.any() or a.all().
2026-05-13 13:46:57.621 | INFO     | app.engine.strategies.manager:evaluate:110 - strategy_manager: vwap fired in regime=trend_up conf=0.60 (perf×1.00): price near VWAP 678.5513 in uptrend
2026-05-13 13:46:57.634 | INFO     | app.engine.strategies.manager:evaluate:110 - strategy_manager: vwap fired in regime=range conf=0.60 (perf×1.00): price near VWAP 81039.7454 in uptrend
2026-05-13 13:47:02.618 | WARNING  | app.engine.strategies.manager:evaluate:104 - strategy smart_trend raised: The truth value of a DataFrame is ambiguous. Use a.empty, a.bool(), a.item(), a.any() or a.all().
2026-05-13 13:47:02.627 | INFO     | app.engine.strategies.manager:evaluate:110 - strategy_manager: vwap fired in regime=trend_up conf=0.60 (perf×1.00): price near VWAP 678.5513 in uptrend
2026-05-13 13:47:02.643 | WARNING  | app.engine.strategies.manager:evaluate:104 - strategy smart_trend raised: The truth value of a DataFrame is ambiguous. Use a.empty, a.bool(), a.item(), a.any() or a.all().
2026-05-13 13:47:02.650 | INFO     | app.engine.strategies.manager:evaluate:110 - strategy_manager: vwap fired in regime=trend_up conf=0.60 (perf×1.00): price near VWAP 678.5513 in uptrend
2026-05-13 13:47:02.903 | INFO     | app.engine.strategies.manager:evaluate:110 - strategy_manager: vwap fired in regime=range conf=0.60 (perf×1.00): price near VWAP 81039.9184 in uptrend
2026-05-13 13:47:07.644 | WARNING  | app.engine.strategies.manager:evaluate:104 - strategy smart_trend raised: The truth value of a DataFrame is ambiguous. Use a.empty, a.bool(), a.item(), a.any() or a.all().
2026-05-13 13:47:07.648 | INFO     | app.engine.strategies.manager:evaluate:110 - strategy_manager: vwap fired in regime=trend_up conf=0.60 (perf×1.00): price near VWAP 678.5513 in uptrend
2026-05-13 13:47:07.919 | WARNING  | app.engine.strategies.manager:evaluate:104 - strategy smart_trend raised: The truth value of a DataFrame is ambiguous. Use a.empty, a.bool(), a.item(), a.any() or a.all().
2026-05-13 13:47:07.923 | INFO     | app.engine.strategies.manager:evaluate:110 - strategy_manager: vwap fired in regime=trend_up conf=0.60 (perf×1.00): price near VWAP 678.5513 in uptrend
2026-05-13 13:47:07.930 | INFO     | app.engine.strategies.manager:evaluate:110 - strategy_manager: vwap fired in regime=range conf=0.60 (perf×1.00): price near VWAP 81039.9184 in uptrend
2026-05-13 13:47:12.893 | WARNING  | app.engine.strategies.manager:evaluate:104 - strategy smart_trend raised: The truth value of a DataFrame is ambiguous. Use a.empty, a.bool(), a.item(), a.any() or a.all().
2026-05-13 13:47:12.900 | INFO     | app.engine.strategies.manager:evaluate:110 - strategy_manager: vwap fired in regime=trend_up conf=0.60 (perf×1.00): price near VWAP 678.5524 in uptrend
2026-05-13 13:47:12.940 | WARNING  | app.engine.strategies.manager:evaluate:104 - strategy smart_trend raised: The truth value of a DataFrame is ambiguous. Use a.empty, a.bool(), a.item(), a.any() or a.all().
2026-05-13 13:47:12.946 | INFO     | app.engine.strategies.manager:evaluate:110 - strategy_manager: vwap fired in regime=trend_up conf=0.60 (perf×1.00): price near VWAP 678.5524 in uptrend
2026-05-13 13:47:12.957 | INFO     | app.engine.strategies.manager:evaluate:110 - strategy_manager: vwap fired in regime=range conf=0.60 (perf×1.00): price near VWAP 81039.9184 in uptrend
2026-05-13 13:47:17.916 | WARNING  | app.engine.strategies.manager:evaluate:104 - strategy smart_trend raised: The truth value of a DataFrame is ambiguous. Use a.empty, a.bool(), a.item(), a.any() or a.all().
2026-05-13 13:47:17.924 | INFO     | app.engine.strategies.manager:evaluate:110 - strategy_manager: vwap fired in regime=trend_up conf=0.60 (perf×1.00): price near VWAP 678.5524 in uptrend
2026-05-13 13:47:17.968 | WARNING  | app.engine.strategies.manager:evaluate:104 - strategy smart_trend raised: The truth value of a DataFrame is ambiguous. Use a.empty, a.bool(), a.item(), a.any() or a.all().
2026-05-13 13:47:17.976 | INFO     | app.engine.strategies.manager:evaluate:110 - strategy_manager: vwap fired in regime=trend_up conf=0.60 (perf×1.00): price near VWAP 678.5524 in uptrend
2026-05-13 13:47:17.989 | INFO     | app.engine.strategies.manager:evaluate:110 - strategy_manager: vwap fired in regime=range conf=0.60 (perf×1.00): price near VWAP 81039.9184 in uptrend
2026-05-13 13:47:23.160 | WARNING  | app.engine.strategies.manager:evaluate:104 - strategy smart_trend raised: The truth value of a DataFrame is ambiguous. Use a.empty, a.bool(), a.item(), a.any() or a.all().
2026-05-13 13:47:23.166 | INFO     | app.engine.strategies.manager:evaluate:110 - strategy_manager: vwap fired in regime=trend_up conf=0.60 (perf×1.00): price near VWAP 678.5524 in uptrend
2026-05-13 13:47:23.195 | WARNING  | app.engine.strategies.manager:evaluate:104 - strategy smart_trend raised: The truth value of a DataFrame is ambiguous. Use a.empty, a.bool(), a.item(), a.any() or a.all().
2026-05-13 13:47:23.202 | INFO     | app.engine.strategies.manager:evaluate:110 - strategy_manager: vwap fired in regime=trend_up conf=0.60 (perf×1.00): price near VWAP 678.5524 in uptrend
2026-05-13 13:47:23.445 | INFO     | app.engine.strategies.manager:evaluate:110 - strategy_manager: vwap fired in regime=range conf=0.60 (perf×1.00): price near VWAP 81040.0485 in uptrend
2026-05-13 13:47:28.181 | WARNING  | app.engine.strategies.manager:evaluate:104 - strategy smart_trend raised: The truth value of a DataFrame is ambiguous. Use a.empty, a.bool(), a.item(), a.any() or a.all().
2026-05-13 13:47:28.186 | INFO     | app.engine.strategies.manager:evaluate:110 - strategy_manager: vwap fired in regime=trend_up conf=0.60 (perf×1.00): price near VWAP 678.5524 in uptrend
2026-05-13 13:47:28.456 | WARNING  | app.engine.strategies.manager:evaluate:104 - strategy smart_trend raised: The truth value of a DataFrame is ambiguous. Use a.empty, a.bool(), a.item(), a.any() or a.all().
2026-05-13 13:47:28.459 | INFO     | app.engine.strategies.manager:evaluate:110 - strategy_manager: vwap fired in regime=trend_up conf=0.60 (perf×1.00): price near VWAP 678.5524 in uptrend
2026-05-13 13:47:28.467 | INFO     | app.engine.strategies.manager:evaluate:110 - strategy_manager: vwap fired in regime=range conf=0.60 (perf×1.00): price near VWAP 81040.0485 in uptrend
2026-05-13 13:47:33.431 | WARNING  | app.engine.strategies.manager:evaluate:104 - strategy smart_trend raised: The truth value of a DataFrame is ambiguous. Use a.empty, a.bool(), a.item(), a.any() or a.all().
2026-05-13 13:47:33.436 | INFO     | app.engine.strategies.manager:evaluate:110 - strategy_manager: vwap fired in regime=trend_up conf=0.60 (perf×1.00): price near VWAP 678.5533 in uptrend
2026-05-13 13:47:33.473 | WARNING  | app.engine.strategies.manager:evaluate:104 - strategy smart_trend raised: The truth value of a DataFrame is ambiguous. Use a.empty, a.bool(), a.item(), a.any() or a.all().
2026-05-13 13:47:33.477 | INFO     | app.engine.strategies.manager:evaluate:110 - strategy_manager: vwap fired in regime=trend_up conf=0.60 (perf×1.00): price near VWAP 678.5533 in uptrend
2026-05-13 13:47:33.488 | INFO     | app.engine.strategies.manager:evaluate:110 - strategy_manager: vwap fired in regime=range conf=0.60 (perf×1.00): price near VWAP 81040.0485 in uptrend
2026-05-13 13:47:38.453 | WARNING  | app.engine.strategies.manager:evaluate:104 - strategy smart_trend raised: The truth value of a DataFrame is ambiguous. Use a.empty, a.bool(), a.item(), a.any() or a.all().
2026-05-13 13:47:38.460 | INFO     | app.engine.strategies.manager:evaluate:110 - strategy_manager: vwap fired in regime=trend_up conf=0.60 (perf×1.00): price near VWAP 678.5533 in uptrend
2026-05-13 13:47:38.500 | WARNING  | app.engine.strategies.manager:evaluate:104 - strategy smart_trend raised: The truth value of a DataFrame is ambiguous. Use a.empty, a.bool(), a.item(), a.any() or a.all().
2026-05-13 13:47:38.505 | INFO     | app.engine.strategies.manager:evaluate:110 - strategy_manager: vwap fired in regime=trend_up conf=0.60 (perf×1.00): price near VWAP 678.5533 in uptrend
2026-05-13 13:47:38.519 | INFO     | app.engine.strategies.manager:evaluate:110 - strategy_manager: vwap fired in regime=range conf=0.60 (perf×1.00): price near VWAP 81040.0485 in uptrend
2026-05-13 13:47:43.684 | WARNING  | app.engine.strategies.manager:evaluate:104 - strategy smart_trend raised: The truth value of a DataFrame is ambiguous. Use a.empty, a.bool(), a.item(), a.any() or a.all().
2026-05-13 13:47:43.705 | INFO     | app.engine.strategies.manager:evaluate:110 - strategy_manager: vwap fired in regime=trend_up conf=0.60 (perf×1.00): price near VWAP 678.5533 in uptrend
2026-05-13 13:47:43.740 | WARNING  | app.engine.strategies.manager:evaluate:104 - strategy smart_trend raised: The truth value of a DataFrame is ambiguous. Use a.empty, a.bool(), a.item(), a.any() or a.all().
2026-05-13 13:47:43.746 | INFO     | app.engine.strategies.manager:evaluate:110 - strategy_manager: vwap fired in regime=trend_up conf=0.60 (perf×1.00): price near VWAP 678.5533 in uptrend
2026-05-13 13:47:44.028 | INFO     | app.engine.strategies.manager:evaluate:110 - strategy_manager: vwap fired in regime=range conf=0.60 (perf×1.00): price near VWAP 81040.0901 in uptrend
2026-05-13 13:47:48.791 | WARNING  | app.engine.strategies.manager:evaluate:104 - strategy smart_trend raised: The truth value of a DataFrame is ambiguous. Use a.empty, a.bool(), a.item(), a.any() or a.all().
2026-05-13 13:47:48.895 | INFO     | app.engine.strategies.manager:evaluate:110 - strategy_manager: vwap fired in regime=trend_up conf=0.60 (perf×1.00): price near VWAP 678.5533 in uptrend
2026-05-13 13:47:49.184 | WARNING  | app.engine.strategies.manager:evaluate:104 - strategy smart_trend raised: The truth value of a DataFrame is ambiguous. Use a.empty, a.bool(), a.item(), a.any() or a.all().
2026-05-13 13:47:49.332 | INFO     | app.engine.strategies.manager:evaluate:110 - strategy_manager: vwap fired in regime=trend_up conf=0.60 (perf×1.00): price near VWAP 678.5533 in uptrend
2026-05-13 13:47:49.461 | INFO     | app.engine.strategies.manager:evaluate:110 - strategy_manager: vwap fired in regime=range conf=0.60 (perf×1.00): price near VWAP 81040.0901 in uptrend
2026-05-13 13:47:54.482 | WARNING  | app.engine.strategies.manager:evaluate:104 - strategy smart_trend raised: The truth value of a DataFrame is ambiguous. Use a.empty, a.bool(), a.item(), a.any() or a.all().
2026-05-13 13:47:54.504 | INFO     | app.engine.strategies.manager:evaluate:110 - strategy_manager: vwap fired in regime=trend_up conf=0.60 (perf×1.00): price near VWAP 678.5540 in uptrend
2026-05-13 13:47:54.518 | WARNING  | app.engine.strategies.manager:evaluate:104 - strategy smart_trend raised: The truth value of a DataFrame is ambiguous. Use a.empty, a.bool(), a.item(), a.any() or a.all().
2026-05-13 13:47:54.523 | INFO     | app.engine.strategies.manager:evaluate:110 - strategy_manager: vwap fired in regime=trend_up conf=0.60 (perf×1.00): price near VWAP 678.5540 in uptrend
2026-05-13 13:47:54.537 | INFO     | app.engine.strategies.manager:evaluate:110 - strategy_manager: vwap fired in regime=range conf=0.60 (perf×1.00): price near VWAP 81040.0901 in uptrend
2026-05-13 13:47:58.358 | WARNING  | app.engine.ai.lstm:load:50 - torch not installed — LSTM disabled. `pip install torch` to enable.
2026-05-13 13:47:58.358 | WARNING  | app.engine.ai.confirmation:__init__:36 - AI is enabled but no models are loaded. Train via scripts/train_ai.py. AI will pass through (not block) signals until trained.
2026-05-13 13:48:01.076 | WARNING  | app.engine.ai.lstm:load:50 - torch not installed — LSTM disabled. `pip install torch` to enable.
2026-05-13 13:48:01.076 | WARNING  | app.engine.ai.confirmation:__init__:36 - AI is enabled but no models are loaded. Train via scripts/train_ai.py. AI will pass through (not block) signals until trained.
2026-05-13 13:48:24.108 | WARNING  | app.engine.ai.lstm:load:50 - torch not installed — LSTM disabled. `pip install torch` to enable.
2026-05-13 13:48:24.108 | WARNING  | app.engine.ai.confirmation:__init__:36 - AI is enabled but no models are loaded. Train via scripts/train_ai.py. AI will pass through (not block) signals until trained.
2026-05-13 13:48:26.759 | WARNING  | app.engine.ai.lstm:load:50 - torch not installed — LSTM disabled. `pip install torch` to enable.
2026-05-13 13:48:26.759 | WARNING  | app.engine.ai.confirmation:__init__:36 - AI is enabled but no models are loaded. Train via scripts/train_ai.py. AI will pass through (not block) signals until trained.
2026-05-13 13:48:49.662 | WARNING  | app.engine.ai.lstm:load:50 - torch not installed — LSTM disabled. `pip install torch` to enable.
2026-05-13 13:48:49.662 | WARNING  | app.engine.ai.confirmation:__init__:36 - AI is enabled but no models are loaded. Train via scripts/train_ai.py. AI will pass through (not block) signals until trained.
2026-05-13 13:49:12.709 | WARNING  | app.engine.ai.lstm:load:50 - torch not installed — LSTM disabled. `pip install torch` to enable.
2026-05-13 13:49:12.709 | WARNING  | app.engine.ai.confirmation:__init__:36 - AI is enabled but no models are loaded. Train via scripts/train_ai.py. AI will pass through (not block) signals until trained.
2026-05-13 13:49:15.168 | WARNING  | app.engine.ai.lstm:load:50 - torch not installed — LSTM disabled. `pip install torch` to enable.
2026-05-13 13:49:15.168 | WARNING  | app.engine.ai.confirmation:__init__:36 - AI is enabled but no models are loaded. Train via scripts/train_ai.py. AI will pass through (not block) signals until trained.
2026-05-13 13:49:38.320 | WARNING  | app.engine.ai.lstm:load:50 - torch not installed — LSTM disabled. `pip install torch` to enable.
2026-05-13 13:49:38.320 | WARNING  | app.engine.ai.confirmation:__init__:36 - AI is enabled but no models are loaded. Train via scripts/train_ai.py. AI will pass through (not block) signals until trained.
2026-05-13 13:50:43.550 | WARNING  | app.engine.ai.lstm:load:50 - torch not installed — LSTM disabled. `pip install torch` to enable.
2026-05-13 13:50:43.551 | WARNING  | app.engine.ai.confirmation:__init__:36 - AI is enabled but no models are loaded. Train via scripts/train_ai.py. AI will pass through (not block) signals until trained.
2026-05-13 13:52:51.243 | INFO     | app.engine.window:create:156 - window created a16fd97a duration=900s deploy<=100.0
2026-05-13 13:53:23.697 | INFO     | app.engine.window:create:156 - window created 19a5a880 duration=3600s deploy<=200.0
2026-05-13 13:53:41.132 | INFO     | app.engine.window:create:156 - window created 4931c920 duration=10800s deploy<=200.0
2026-05-13 13:53:56.252 | WARNING  | app.engine.strategies.manager:evaluate_all:125 - strategy smart_trend raised: The truth value of a DataFrame is ambiguous. Use a.empty, a.bool(), a.item(), a.any() or a.all().
2026-05-13 13:54:01.919 | WARNING  | app.engine.strategies.manager:evaluate_all:125 - strategy smart_trend raised: The truth value of a DataFrame is ambiguous. Use a.empty, a.bool(), a.item(), a.any() or a.all().
2026-05-13 13:54:06.970 | WARNING  | app.engine.strategies.manager:evaluate_all:125 - strategy smart_trend raised: The truth value of a DataFrame is ambiguous. Use a.empty, a.bool(), a.item(), a.any() or a.all().
2026-05-13 13:54:09.974 | WARNING  | app.engine.strategies.manager:evaluate_all:125 - strategy smart_trend raised: The truth value of a DataFrame is ambiguous. Use a.empty, a.bool(), a.item(), a.any() or a.all().
2026-05-13 13:54:12.025 | WARNING  | app.engine.strategies.manager:evaluate_all:125 - strategy smart_trend raised: The truth value of a DataFrame is ambiguous. Use a.empty, a.bool(), a.item(), a.any() or a.all().
2026-05-13 13:54:15.038 | WARNING  | app.engine.strategies.manager:evaluate_all:125 - strategy smart_trend raised: The truth value of a DataFrame is ambiguous. Use a.empty, a.bool(), a.item(), a.any() or a.all().
2026-05-13 13:54:17.081 | WARNING  | app.engine.strategies.manager:evaluate_all:125 - strategy smart_trend raised: The truth value of a DataFrame is ambiguous. Use a.empty, a.bool(), a.item(), a.any() or a.all().
2026-05-13 13:54:20.773 | WARNING  | app.engine.strategies.manager:evaluate_all:125 - strategy smart_trend raised: The truth value of a DataFrame is ambiguous. Use a.empty, a.bool(), a.item(), a.any() or a.all().
2026-05-13 13:54:22.739 | WARNING  | app.engine.strategies.manager:evaluate_all:125 - strategy smart_trend raised: The truth value of a DataFrame is ambiguous. Use a.empty, a.bool(), a.item(), a.any() or a.all().
2026-05-13 13:54:25.781 | WARNING  | app.engine.strategies.manager:evaluate_all:125 - strategy smart_trend raised: The truth value of a DataFrame is ambiguous. Use a.empty, a.bool(), a.item(), a.any() or a.all().
2026-05-13 13:54:25.821 | WARNING  | app.engine.strategies.manager:evaluate_all:125 - strategy smart_trend raised: The truth value of a DataFrame is ambiguous. Use a.empty, a.bool(), a.item(), a.any() or a.all().
2026-05-13 13:54:27.787 | WARNING  | app.engine.strategies.manager:evaluate_all:125 - strategy smart_trend raised: The truth value of a DataFrame is ambiguous. Use a.empty, a.bool(), a.item(), a.any() or a.all().
2026-05-13 13:54:30.831 | WARNING  | app.engine.strategies.manager:evaluate_all:125 - strategy smart_trend raised: The truth value of a DataFrame is ambiguous. Use a.empty, a.bool(), a.item(), a.any() or a.all().
2026-05-13 13:54:30.872 | WARNING  | app.engine.strategies.manager:evaluate_all:125 - strategy smart_trend raised: The truth value of a DataFrame is ambiguous. Use a.empty, a.bool(), a.item(), a.any() or a.all().
2026-05-13 13:54:32.839 | WARNING  | app.engine.strategies.manager:evaluate_all:125 - strategy smart_trend raised: The truth value of a DataFrame is ambiguous. Use a.empty, a.bool(), a.item(), a.any() or a.all().
2026-05-13 13:54:36.109 | WARNING  | app.engine.strategies.manager:evaluate_all:125 - strategy smart_trend raised: The truth value of a DataFrame is ambiguous. Use a.empty, a.bool(), a.item(), a.any() or a.all().
2026-05-13 13:54:36.384 | WARNING  | app.engine.strategies.manager:evaluate_all:125 - strategy smart_trend raised: The truth value of a DataFrame is ambiguous. Use a.empty, a.bool(), a.item(), a.any() or a.all().
2026-05-13 13:54:37.890 | WARNING  | app.engine.strategies.manager:evaluate_all:125 - strategy smart_trend raised: The truth value of a DataFrame is ambiguous. Use a.empty, a.bool(), a.item(), a.any() or a.all().
2026-05-13 13:54:41.639 | WARNING  | app.engine.strategies.manager:evaluate_all:125 - strategy smart_trend raised: The truth value of a DataFrame is ambiguous. Use a.empty, a.bool(), a.item(), a.any() or a.all().
2026-05-13 13:54:41.667 | WARNING  | app.engine.strategies.manager:evaluate_all:125 - strategy smart_trend raised: The truth value of a DataFrame is ambiguous. Use a.empty, a.bool(), a.item(), a.any() or a.all().
2026-05-13 13:54:43.537 | WARNING  | app.engine.strategies.manager:evaluate_all:125 - strategy smart_trend raised: The truth value of a DataFrame is ambiguous. Use a.empty, a.bool(), a.item(), a.any() or a.all().
2026-05-13 13:54:46.672 | WARNING  | app.engine.strategies.manager:evaluate_all:125 - strategy smart_trend raised: The truth value of a DataFrame is ambiguous. Use a.empty, a.bool(), a.item(), a.any() or a.all().
2026-05-13 13:54:46.706 | WARNING  | app.engine.strategies.manager:evaluate_all:125 - strategy smart_trend raised: The truth value of a DataFrame is ambiguous. Use a.empty, a.bool(), a.item(), a.any() or a.all().
2026-05-13 13:54:48.589 | WARNING  | app.engine.strategies.manager:evaluate_all:125 - strategy smart_trend raised: The truth value of a DataFrame is ambiguous. Use a.empty, a.bool(), a.item(), a.any() or a.all().
2026-05-13 13:54:51.719 | WARNING  | app.engine.strategies.manager:evaluate_all:125 - strategy smart_trend raised: The truth value of a DataFrame is ambiguous. Use a.empty, a.bool(), a.item(), a.any() or a.all().
2026-05-13 13:54:51.757 | WARNING  | app.engine.strategies.manager:evaluate_all:125 - strategy smart_trend raised: The truth value of a DataFrame is ambiguous. Use a.empty, a.bool(), a.item(), a.any() or a.all().
2026-05-13 13:54:53.642 | WARNING  | app.engine.strategies.manager:evaluate_all:125 - strategy smart_trend raised: The truth value of a DataFrame is ambiguous. Use a.empty, a.bool(), a.item(), a.any() or a.all().
2026-05-13 13:54:56.989 | WARNING  | app.engine.strategies.manager:evaluate_all:125 - strategy smart_trend raised: The truth value of a DataFrame is ambiguous. Use a.empty, a.bool(), a.item(), a.any() or a.all().
2026-05-13 13:54:57.181 | WARNING  | app.engine.strategies.manager:evaluate_all:125 - strategy smart_trend raised: The truth value of a DataFrame is ambiguous. Use a.empty, a.bool(), a.item(), a.any() or a.all().
2026-05-13 13:54:58.686 | WARNING  | app.engine.strategies.manager:evaluate_all:125 - strategy smart_trend raised: The truth value of a DataFrame is ambiguous. Use a.empty, a.bool(), a.item(), a.any() or a.all().
2026-05-13 13:55:02.484 | WARNING  | app.engine.strategies.manager:evaluate_all:125 - strategy smart_trend raised: The truth value of a DataFrame is ambiguous. Use a.empty, a.bool(), a.item(), a.any() or a.all().
2026-05-13 13:55:03.657 | WARNING  | app.engine.strategies.manager:evaluate_all:125 - strategy smart_trend raised: The truth value of a DataFrame is ambiguous. Use a.empty, a.bool(), a.item(), a.any() or a.all().
2026-05-13 13:55:03.719 | WARNING  | app.engine.strategies.manager:evaluate_all:125 - strategy smart_trend raised: The truth value of a DataFrame is ambiguous. Use a.empty, a.bool(), a.item(), a.any() or a.all().
2026-05-13 13:55:07.530 | WARNING  | app.engine.strategies.manager:evaluate_all:125 - strategy smart_trend raised: The truth value of a DataFrame is ambiguous. Use a.empty, a.bool(), a.item(), a.any() or a.all().
2026-05-13 13:55:08.718 | WARNING  | app.engine.strategies.manager:evaluate_all:125 - strategy smart_trend raised: The truth value of a DataFrame is ambiguous. Use a.empty, a.bool(), a.item(), a.any() or a.all().
2026-05-13 13:55:08.758 | WARNING  | app.engine.strategies.manager:evaluate_all:125 - strategy smart_trend raised: The truth value of a DataFrame is ambiguous. Use a.empty, a.bool(), a.item(), a.any() or a.all().
2026-05-13 13:55:12.581 | WARNING  | app.engine.strategies.manager:evaluate_all:125 - strategy smart_trend raised: The truth value of a DataFrame is ambiguous. Use a.empty, a.bool(), a.item(), a.any() or a.all().
2026-05-13 13:55:13.765 | WARNING  | app.engine.strategies.manager:evaluate_all:125 - strategy smart_trend raised: The truth value of a DataFrame is ambiguous. Use a.empty, a.bool(), a.item(), a.any() or a.all().
2026-05-13 13:55:13.807 | WARNING  | app.engine.strategies.manager:evaluate_all:125 - strategy smart_trend raised: The truth value of a DataFrame is ambiguous. Use a.empty, a.bool(), a.item(), a.any() or a.all().
2026-05-13 13:55:17.865 | WARNING  | app.engine.strategies.manager:evaluate_all:125 - strategy smart_trend raised: The truth value of a DataFrame is ambiguous. Use a.empty, a.bool(), a.item(), a.any() or a.all().
2026-05-13 13:55:18.816 | WARNING  | app.engine.strategies.manager:evaluate_all:125 - strategy smart_trend raised: The truth value of a DataFrame is ambiguous. Use a.empty, a.bool(), a.item(), a.any() or a.all().
2026-05-13 13:55:18.862 | WARNING  | app.engine.strategies.manager:evaluate_all:125 - strategy smart_trend raised: The truth value of a DataFrame is ambiguous. Use a.empty, a.bool(), a.item(), a.any() or a.all().
2026-05-13 13:55:23.994 | WARNING  | app.engine.strategies.manager:evaluate_all:125 - strategy smart_trend raised: The truth value of a DataFrame is ambiguous. Use a.empty, a.bool(), a.item(), a.any() or a.all().
2026-05-13 13:55:24.068 | WARNING  | app.engine.strategies.manager:evaluate_all:125 - strategy smart_trend raised: The truth value of a DataFrame is ambiguous. Use a.empty, a.bool(), a.item(), a.any() or a.all().
2026-05-13 13:55:24.097 | WARNING  | app.engine.strategies.manager:evaluate_all:125 - strategy smart_trend raised: The truth value of a DataFrame is ambiguous. Use a.empty, a.bool(), a.item(), a.any() or a.all().
2026-05-13 13:55:29.045 | WARNING  | app.engine.strategies.manager:evaluate_all:125 - strategy smart_trend raised: The truth value of a DataFrame is ambiguous. Use a.empty, a.bool(), a.item(), a.any() or a.all().
2026-05-13 13:55:29.100 | WARNING  | app.engine.strategies.manager:evaluate_all:125 - strategy smart_trend raised: The truth value of a DataFrame is ambiguous. Use a.empty, a.bool(), a.item(), a.any() or a.all().
2026-05-13 13:55:29.129 | WARNING  | app.engine.strategies.manager:evaluate_all:125 - strategy smart_trend raised: The truth value of a DataFrame is ambiguous. Use a.empty, a.bool(), a.item(), a.any() or a.all().
2026-05-13 13:55:34.099 | WARNING  | app.engine.strategies.manager:evaluate_all:125 - strategy smart_trend raised: The truth value of a DataFrame is ambiguous. Use a.empty, a.bool(), a.item(), a.any() or a.all().
2026-05-13 13:55:34.134 | WARNING  | app.engine.strategies.manager:evaluate_all:125 - strategy smart_trend raised: The truth value of a DataFrame is ambiguous. Use a.empty, a.bool(), a.item(), a.any() or a.all().
2026-05-13 13:55:34.164 | WARNING  | app.engine.strategies.manager:evaluate_all:125 - strategy smart_trend raised: The truth value of a DataFrame is ambiguous. Use a.empty, a.bool(), a.item(), a.any() or a.all().
2026-05-13 13:55:39.379 | WARNING  | app.engine.strategies.manager:evaluate_all:125 - strategy smart_trend raised: The truth value of a DataFrame is ambiguous. Use a.empty, a.bool(), a.item(), a.any() or a.all().
2026-05-13 13:55:39.636 | WARNING  | app.engine.strategies.manager:evaluate_all:125 - strategy smart_trend raised: The truth value of a DataFrame is ambiguous. Use a.empty, a.bool(), a.item(), a.any() or a.all().
2026-05-13 13:55:39.648 | WARNING  | app.engine.strategies.manager:evaluate_all:125 - strategy smart_trend raised: The truth value of a DataFrame is ambiguous. Use a.empty, a.bool(), a.item(), a.any() or a.all().
2026-05-13 13:55:45.592 | WARNING  | app.engine.strategies.manager:evaluate_all:125 - strategy smart_trend raised: The truth value of a DataFrame is ambiguous. Use a.empty, a.bool(), a.item(), a.any() or a.all().
2026-05-13 13:55:45.632 | WARNING  | app.engine.strategies.manager:evaluate_all:125 - strategy smart_trend raised: The truth value of a DataFrame is ambiguous. Use a.empty, a.bool(), a.item(), a.any() or a.all().
2026-05-13 13:55:45.748 | WARNING  | app.engine.strategies.manager:evaluate_all:125 - strategy smart_trend raised: The truth value of a DataFrame is ambiguous. Use a.empty, a.bool(), a.item(), a.any() or a.all().
2026-05-13 13:55:50.650 | WARNING  | app.engine.strategies.manager:evaluate_all:125 - strategy smart_trend raised: The truth value of a DataFrame is ambiguous. Use a.empty, a.bool(), a.item(), a.any() or a.all().
2026-05-13 13:55:50.690 | WARNING  | app.engine.strategies.manager:evaluate_all:125 - strategy smart_trend raised: The truth value of a DataFrame is ambiguous. Use a.empty, a.bool(), a.item(), a.any() or a.all().
2026-05-13 13:55:50.781 | WARNING  | app.engine.strategies.manager:evaluate_all:125 - strategy smart_trend raised: The truth value of a DataFrame is ambiguous. Use a.empty, a.bool(), a.item(), a.any() or a.all().
2026-05-13 13:55:55.699 | WARNING  | app.engine.strategies.manager:evaluate_all:125 - strategy smart_trend raised: The truth value of a DataFrame is ambiguous. Use a.empty, a.bool(), a.item(), a.any() or a.all().
2026-05-13 13:55:55.743 | WARNING  | app.engine.strategies.manager:evaluate_all:125 - strategy smart_trend raised: The truth value of a DataFrame is ambiguous. Use a.empty, a.bool(), a.item(), a.any() or a.all().
2026-05-13 13:55:55.809 | WARNING  | app.engine.strategies.manager:evaluate_all:125 - strategy smart_trend raised: The truth value of a DataFrame is ambiguous. Use a.empty, a.bool(), a.item(), a.any() or a.all().
2026-05-13 13:56:00.986 | WARNING  | app.engine.strategies.manager:evaluate_all:125 - strategy smart_trend raised: The truth value of a DataFrame is ambiguous. Use a.empty, a.bool(), a.item(), a.any() or a.all().
2026-05-13 13:56:01.177 | WARNING  | app.engine.strategies.manager:evaluate_all:125 - strategy smart_trend raised: The truth value of a DataFrame is ambiguous. Use a.empty, a.bool(), a.item(), a.any() or a.all().
2026-05-13 13:56:01.244 | WARNING  | app.engine.strategies.manager:evaluate_all:125 - strategy smart_trend raised: The truth value of a DataFrame is ambiguous. Use a.empty, a.bool(), a.item(), a.any() or a.all().
2026-05-13 13:56:06.711 | WARNING  | app.engine.strategies.manager:evaluate_all:125 - strategy smart_trend raised: The truth value of a DataFrame is ambiguous. Use a.empty, a.bool(), a.item(), a.any() or a.all().
2026-05-13 13:56:06.739 | WARNING  | app.engine.strategies.manager:evaluate_all:125 - strategy smart_trend raised: The truth value of a DataFrame is ambiguous. Use a.empty, a.bool(), a.item(), a.any() or a.all().
2026-05-13 13:56:06.858 | WARNING  | app.engine.strategies.manager:evaluate_all:125 - strategy smart_trend raised: The truth value of a DataFrame is ambiguous. Use a.empty, a.bool(), a.item(), a.any() or a.all().
2026-05-13 13:56:11.748 | WARNING  | app.engine.strategies.manager:evaluate_all:125 - strategy smart_trend raised: The truth value of a DataFrame is ambiguous. Use a.empty, a.bool(), a.item(), a.any() or a.all().
2026-05-13 13:56:11.783 | WARNING  | app.engine.strategies.manager:evaluate_all:125 - strategy smart_trend raised: The truth value of a DataFrame is ambiguous. Use a.empty, a.bool(), a.item(), a.any() or a.all().
2026-05-13 13:56:11.887 | WARNING  | app.engine.strategies.manager:evaluate_all:125 - strategy smart_trend raised: The truth value of a DataFrame is ambiguous. Use a.empty, a.bool(), a.item(), a.any() or a.all().
2026-05-13 13:56:16.794 | WARNING  | app.engine.strategies.manager:evaluate_all:125 - strategy smart_trend raised: The truth value of a DataFrame is ambiguous. Use a.empty, a.bool(), a.item(), a.any() or a.all().
2026-05-13 13:56:16.832 | WARNING  | app.engine.strategies.manager:evaluate_all:125 - strategy smart_trend raised: The truth value of a DataFrame is ambiguous. Use a.empty, a.bool(), a.item(), a.any() or a.all().
2026-05-13 13:56:16.921 | WARNING  | app.engine.strategies.manager:evaluate_all:125 - strategy smart_trend raised: The truth value of a DataFrame is ambiguous. Use a.empty, a.bool(), a.item(), a.any() or a.all().
2026-05-13 13:56:22.102 | WARNING  | app.engine.strategies.manager:evaluate_all:125 - strategy smart_trend raised: The truth value of a DataFrame is ambiguous. Use a.empty, a.bool(), a.item(), a.any() or a.all().
2026-05-13 13:56:22.257 | WARNING  | app.engine.strategies.manager:evaluate_all:125 - strategy smart_trend raised: The truth value of a DataFrame is ambiguous. Use a.empty, a.bool(), a.item(), a.any() or a.all().
2026-05-13 13:56:22.378 | WARNING  | app.engine.strategies.manager:evaluate_all:125 - strategy smart_trend raised: The truth value of a DataFrame is ambiguous. Use a.empty, a.bool(), a.item(), a.any() or a.all().
2026-05-13 13:56:28.275 | WARNING  | app.engine.strategies.manager:evaluate_all:125 - strategy smart_trend raised: The truth value of a DataFrame is ambiguous. Use a.empty, a.bool(), a.item(), a.any() or a.all().
2026-05-13 13:56:28.315 | WARNING  | app.engine.strategies.manager:evaluate_all:125 - strategy smart_trend raised: The truth value of a DataFrame is ambiguous. Use a.empty, a.bool(), a.item(), a.any() or a.all().
2026-05-13 13:56:28.398 | WARNING  | app.engine.strategies.manager:evaluate_all:125 - strategy smart_trend raised: The truth value of a DataFrame is ambiguous. Use a.empty, a.bool(), a.item(), a.any() or a.all().
2026-05-13 13:56:33.336 | WARNING  | app.engine.strategies.manager:evaluate_all:125 - strategy smart_trend raised: The truth value of a DataFrame is ambiguous. Use a.empty, a.bool(), a.item(), a.any() or a.all().
2026-05-13 13:56:33.373 | WARNING  | app.engine.strategies.manager:evaluate_all:125 - strategy smart_trend raised: The truth value of a DataFrame is ambiguous. Use a.empty, a.bool(), a.item(), a.any() or a.all().
2026-05-13 13:56:33.425 | WARNING  | app.engine.strategies.manager:evaluate_all:125 - strategy smart_trend raised: The truth value of a DataFrame is ambiguous. Use a.empty, a.bool(), a.item(), a.any() or a.all().
2026-05-13 13:56:38.397 | WARNING  | app.engine.strategies.manager:evaluate_all:125 - strategy smart_trend raised: The truth value of a DataFrame is ambiguous. Use a.empty, a.bool(), a.item(), a.any() or a.all().
2026-05-13 13:56:38.429 | WARNING  | app.engine.strategies.manager:evaluate_all:125 - strategy smart_trend raised: The truth value of a DataFrame is ambiguous. Use a.empty, a.bool(), a.item(), a.any() or a.all().
2026-05-13 13:56:38.459 | WARNING  | app.engine.strategies.manager:evaluate_all:125 - strategy smart_trend raised: The truth value of a DataFrame is ambiguous. Use a.empty, a.bool(), a.item(), a.any() or a.all().
2026-05-13 13:56:43.678 | WARNING  | app.engine.strategies.manager:evaluate_all:125 - strategy smart_trend raised: The truth value of a DataFrame is ambiguous. Use a.empty, a.bool(), a.item(), a.any() or a.all().
2026-05-13 13:56:43.864 | WARNING  | app.engine.strategies.manager:evaluate_all:125 - strategy smart_trend raised: The truth value of a DataFrame is ambiguous. Use a.empty, a.bool(), a.item(), a.any() or a.all().
2026-05-13 13:56:43.893 | WARNING  | app.engine.strategies.manager:evaluate_all:125 - strategy smart_trend raised: The truth value of a DataFrame is ambiguous. Use a.empty, a.bool(), a.item(), a.any() or a.all().
2026-05-13 13:56:49.819 | WARNING  | app.engine.strategies.manager:evaluate_all:125 - strategy smart_trend raised: The truth value of a DataFrame is ambiguous. Use a.empty, a.bool(), a.item(), a.any() or a.all().
2026-05-13 13:56:49.861 | WARNING  | app.engine.strategies.manager:evaluate_all:125 - strategy smart_trend raised: The truth value of a DataFrame is ambiguous. Use a.empty, a.bool(), a.item(), a.any() or a.all().
2026-05-13 13:56:49.871 | WARNING  | app.engine.strategies.manager:evaluate_all:125 - strategy smart_trend raised: The truth value of a DataFrame is ambiguous. Use a.empty, a.bool(), a.item(), a.any() or a.all().
2026-05-13 13:56:54.871 | WARNING  | app.engine.strategies.manager:evaluate_all:125 - strategy smart_trend raised: The truth value of a DataFrame is ambiguous. Use a.empty, a.bool(), a.item(), a.any() or a.all().
2026-05-13 13:56:54.915 | WARNING  | app.engine.strategies.manager:evaluate_all:125 - strategy smart_trend raised: The truth value of a DataFrame is ambiguous. Use a.empty, a.bool(), a.item(), a.any() or a.all().
2026-05-13 13:56:54.924 | WARNING  | app.engine.strategies.manager:evaluate_all:125 - strategy smart_trend raised: The truth value of a DataFrame is ambiguous. Use a.empty, a.bool(), a.item(), a.any() or a.all().
2026-05-13 13:56:59.925 | WARNING  | app.engine.strategies.manager:evaluate_all:125 - strategy smart_trend raised: The truth value of a DataFrame is ambiguous. Use a.empty, a.bool(), a.item(), a.any() or a.all().
2026-05-13 13:56:59.965 | WARNING  | app.engine.strategies.manager:evaluate_all:125 - strategy smart_trend raised: The truth value of a DataFrame is ambiguous. Use a.empty, a.bool(), a.item(), a.any() or a.all().
2026-05-13 13:56:59.975 | WARNING  | app.engine.strategies.manager:evaluate_all:125 - strategy smart_trend raised: The truth value of a DataFrame is ambiguous. Use a.empty, a.bool(), a.item(), a.any() or a.all().
2026-05-13 13:57:05.262 | WARNING  | app.engine.strategies.manager:evaluate_all:125 - strategy smart_trend raised: The truth value of a DataFrame is ambiguous. Use a.empty, a.bool(), a.item(), a.any() or a.all().
2026-05-13 13:57:05.426 | WARNING  | app.engine.strategies.manager:evaluate_all:125 - strategy smart_trend raised: The truth value of a DataFrame is ambiguous. Use a.empty, a.bool(), a.item(), a.any() or a.all().
2026-05-13 13:57:05.545 | WARNING  | app.engine.strategies.manager:evaluate_all:125 - strategy smart_trend raised: The truth value of a DataFrame is ambiguous. Use a.empty, a.bool(), a.item(), a.any() or a.all().
2026-05-13 13:57:10.947 | WARNING  | app.engine.strategies.manager:evaluate_all:125 - strategy smart_trend raised: The truth value of a DataFrame is ambiguous. Use a.empty, a.bool(), a.item(), a.any() or a.all().
2026-05-13 13:57:10.986 | WARNING  | app.engine.strategies.manager:evaluate_all:125 - strategy smart_trend raised: The truth value of a DataFrame is ambiguous. Use a.empty, a.bool(), a.item(), a.any() or a.all().
2026-05-13 13:57:11.022 | WARNING  | app.engine.strategies.manager:evaluate_all:125 - strategy smart_trend raised: The truth value of a DataFrame is ambiguous. Use a.empty, a.bool(), a.item(), a.any() or a.all().
2026-05-13 13:57:15.998 | WARNING  | app.engine.strategies.manager:evaluate_all:125 - strategy smart_trend raised: The truth value of a DataFrame is ambiguous. Use a.empty, a.bool(), a.item(), a.any() or a.all().
2026-05-13 13:57:16.038 | WARNING  | app.engine.strategies.manager:evaluate_all:125 - strategy smart_trend raised: The truth value of a DataFrame is ambiguous. Use a.empty, a.bool(), a.item(), a.any() or a.all().
2026-05-13 13:57:16.071 | WARNING  | app.engine.strategies.manager:evaluate_all:125 - strategy smart_trend raised: The truth value of a DataFrame is ambiguous. Use a.empty, a.bool(), a.item(), a.any() or a.all().
2026-05-13 13:57:21.048 | WARNING  | app.engine.strategies.manager:evaluate_all:125 - strategy smart_trend raised: The truth value of a DataFrame is ambiguous. Use a.empty, a.bool(), a.item(), a.any() or a.all().
2026-05-13 13:57:21.088 | WARNING  | app.engine.strategies.manager:evaluate_all:125 - strategy smart_trend raised: The truth value of a DataFrame is ambiguous. Use a.empty, a.bool(), a.item(), a.any() or a.all().
2026-05-13 13:57:21.114 | WARNING  | app.engine.strategies.manager:evaluate_all:125 - strategy smart_trend raised: The truth value of a DataFrame is ambiguous. Use a.empty, a.bool(), a.item(), a.any() or a.all().
2026-05-13 13:57:26.330 | WARNING  | app.engine.strategies.manager:evaluate_all:125 - strategy smart_trend raised: The truth value of a DataFrame is ambiguous. Use a.empty, a.bool(), a.item(), a.any() or a.all().
2026-05-13 13:57:26.603 | WARNING  | app.engine.strategies.manager:evaluate_all:125 - strategy smart_trend raised: The truth value of a DataFrame is ambiguous. Use a.empty, a.bool(), a.item(), a.any() or a.all().
2026-05-13 13:57:26.616 | WARNING  | app.engine.strategies.manager:evaluate_all:125 - strategy smart_trend raised: The truth value of a DataFrame is ambiguous. Use a.empty, a.bool(), a.item(), a.any() or a.all().
2026-05-13 13:57:32.548 | WARNING  | app.engine.strategies.manager:evaluate_all:125 - strategy smart_trend raised: The truth value of a DataFrame is ambiguous. Use a.empty, a.bool(), a.item(), a.any() or a.all().
2026-05-13 13:57:32.588 | WARNING  | app.engine.strategies.manager:evaluate_all:125 - strategy smart_trend raised: The truth value of a DataFrame is ambiguous. Use a.empty, a.bool(), a.item(), a.any() or a.all().
2026-05-13 13:57:32.598 | WARNING  | app.engine.strategies.manager:evaluate_all:125 - strategy smart_trend raised: The truth value of a DataFrame is ambiguous. Use a.empty, a.bool(), a.item(), a.any() or a.all().
2026-05-13 13:57:37.615 | WARNING  | app.engine.strategies.manager:evaluate_all:125 - strategy smart_trend raised: The truth value of a DataFrame is ambiguous. Use a.empty, a.bool(), a.item(), a.any() or a.all().
2026-05-13 13:57:37.658 | WARNING  | app.engine.strategies.manager:evaluate_all:125 - strategy smart_trend raised: The truth value of a DataFrame is ambiguous. Use a.empty, a.bool(), a.item(), a.any() or a.all().
2026-05-13 13:57:37.674 | WARNING  | app.engine.strategies.manager:evaluate_all:125 - strategy smart_trend raised: The truth value of a DataFrame is ambiguous. Use a.empty, a.bool(), a.item(), a.any() or a.all().
2026-05-13 13:57:42.669 | WARNING  | app.engine.strategies.manager:evaluate_all:125 - strategy smart_trend raised: The truth value of a DataFrame is ambiguous. Use a.empty, a.bool(), a.item(), a.any() or a.all().
2026-05-13 13:57:42.709 | WARNING  | app.engine.strategies.manager:evaluate_all:125 - strategy smart_trend raised: The truth value of a DataFrame is ambiguous. Use a.empty, a.bool(), a.item(), a.any() or a.all().
2026-05-13 13:57:42.726 | WARNING  | app.engine.strategies.manager:evaluate_all:125 - strategy smart_trend raised: The truth value of a DataFrame is ambiguous. Use a.empty, a.bool(), a.item(), a.any() or a.all().
2026-05-13 13:57:48.192 | WARNING  | app.engine.strategies.manager:evaluate_all:125 - strategy smart_trend raised: The truth value of a DataFrame is ambiguous. Use a.empty, a.bool(), a.item(), a.any() or a.all().
2026-05-13 13:57:48.232 | WARNING  | app.engine.strategies.manager:evaluate_all:125 - strategy smart_trend raised: The truth value of a DataFrame is ambiguous. Use a.empty, a.bool(), a.item(), a.any() or a.all().
2026-05-13 13:57:48.245 | WARNING  | app.engine.strategies.manager:evaluate_all:125 - strategy smart_trend raised: The truth value of a DataFrame is ambiguous. Use a.empty, a.bool(), a.item(), a.any() or a.all().
2026-05-13 13:57:54.328 | WARNING  | app.engine.strategies.manager:evaluate_all:125 - strategy smart_trend raised: The truth value of a DataFrame is ambiguous. Use a.empty, a.bool(), a.item(), a.any() or a.all().
2026-05-13 13:57:54.369 | WARNING  | app.engine.strategies.manager:evaluate_all:125 - strategy smart_trend raised: The truth value of a DataFrame is ambiguous. Use a.empty, a.bool(), a.item(), a.any() or a.all().
2026-05-13 13:57:54.400 | WARNING  | app.engine.strategies.manager:evaluate_all:125 - strategy smart_trend raised: The truth value of a DataFrame is ambiguous. Use a.empty, a.bool(), a.item(), a.any() or a.all().
2026-05-13 13:57:59.381 | WARNING  | app.engine.strategies.manager:evaluate_all:125 - strategy smart_trend raised: The truth value of a DataFrame is ambiguous. Use a.empty, a.bool(), a.item(), a.any() or a.all().
2026-05-13 13:57:59.421 | WARNING  | app.engine.strategies.manager:evaluate_all:125 - strategy smart_trend raised: The truth value of a DataFrame is ambiguous. Use a.empty, a.bool(), a.item(), a.any() or a.all().
2026-05-13 13:57:59.465 | WARNING  | app.engine.strategies.manager:evaluate_all:125 - strategy smart_trend raised: The truth value of a DataFrame is ambiguous. Use a.empty, a.bool(), a.item(), a.any() or a.all().
2026-05-13 13:58:04.444 | WARNING  | app.engine.strategies.manager:evaluate_all:125 - strategy smart_trend raised: The truth value of a DataFrame is ambiguous. Use a.empty, a.bool(), a.item(), a.any() or a.all().
2026-05-13 13:58:04.476 | WARNING  | app.engine.strategies.manager:evaluate_all:125 - strategy smart_trend raised: The truth value of a DataFrame is ambiguous. Use a.empty, a.bool(), a.item(), a.any() or a.all().
2026-05-13 13:58:04.504 | WARNING  | app.engine.strategies.manager:evaluate_all:125 - strategy smart_trend raised: The truth value of a DataFrame is ambiguous. Use a.empty, a.bool(), a.item(), a.any() or a.all().
2026-05-13 13:58:09.721 | WARNING  | app.engine.strategies.manager:evaluate_all:125 - strategy smart_trend raised: The truth value of a DataFrame is ambiguous. Use a.empty, a.bool(), a.item(), a.any() or a.all().
2026-05-13 13:58:09.981 | WARNING  | app.engine.strategies.manager:evaluate_all:125 - strategy smart_trend raised: The truth value of a DataFrame is ambiguous. Use a.empty, a.bool(), a.item(), a.any() or a.all().
2026-05-13 13:58:09.994 | WARNING  | app.engine.strategies.manager:evaluate_all:125 - strategy smart_trend raised: The truth value of a DataFrame is ambiguous. Use a.empty, a.bool(), a.item(), a.any() or a.all().
2026-05-13 13:58:15.695 | WARNING  | app.engine.strategies.manager:evaluate_all:125 - strategy smart_trend raised: The truth value of a DataFrame is ambiguous. Use a.empty, a.bool(), a.item(), a.any() or a.all().
2026-05-13 13:58:15.866 | WARNING  | app.engine.strategies.manager:evaluate_all:125 - strategy smart_trend raised: The truth value of a DataFrame is ambiguous. Use a.empty, a.bool(), a.item(), a.any() or a.all().
2026-05-13 13:58:15.906 | WARNING  | app.engine.strategies.manager:evaluate_all:125 - strategy smart_trend raised: The truth value of a DataFrame is ambiguous. Use a.empty, a.bool(), a.item(), a.any() or a.all().
2026-05-13 13:58:20.747 | WARNING  | app.engine.strategies.manager:evaluate_all:125 - strategy smart_trend raised: The truth value of a DataFrame is ambiguous. Use a.empty, a.bool(), a.item(), a.any() or a.all().
2026-05-13 13:58:20.915 | WARNING  | app.engine.strategies.manager:evaluate_all:125 - strategy smart_trend raised: The truth value of a DataFrame is ambiguous. Use a.empty, a.bool(), a.item(), a.any() or a.all().
2026-05-13 13:58:20.956 | WARNING  | app.engine.strategies.manager:evaluate_all:125 - strategy smart_trend raised: The truth value of a DataFrame is ambiguous. Use a.empty, a.bool(), a.item(), a.any() or a.all().
2026-05-13 13:58:25.806 | WARNING  | app.engine.strategies.manager:evaluate_all:125 - strategy smart_trend raised: The truth value of a DataFrame is ambiguous. Use a.empty, a.bool(), a.item(), a.any() or a.all().
2026-05-13 13:58:25.963 | WARNING  | app.engine.strategies.manager:evaluate_all:125 - strategy smart_trend raised: The truth value of a DataFrame is ambiguous. Use a.empty, a.bool(), a.item(), a.any() or a.all().
2026-05-13 13:58:26.006 | WARNING  | app.engine.strategies.manager:evaluate_all:125 - strategy smart_trend raised: The truth value of a DataFrame is ambiguous. Use a.empty, a.bool(), a.item(), a.any() or a.all().
2026-05-13 13:58:31.072 | WARNING  | app.engine.strategies.manager:evaluate_all:125 - strategy smart_trend raised: The truth value of a DataFrame is ambiguous. Use a.empty, a.bool(), a.item(), a.any() or a.all().
2026-05-13 13:58:31.430 | WARNING  | app.engine.strategies.manager:evaluate_all:125 - strategy smart_trend raised: The truth value of a DataFrame is ambiguous. Use a.empty, a.bool(), a.item(), a.any() or a.all().
2026-05-13 13:58:31.442 | WARNING  | app.engine.strategies.manager:evaluate_all:125 - strategy smart_trend raised: The truth value of a DataFrame is ambiguous. Use a.empty, a.bool(), a.item(), a.any() or a.all().
2026-05-13 13:58:37.196 | WARNING  | app.engine.strategies.manager:evaluate_all:125 - strategy smart_trend raised: The truth value of a DataFrame is ambiguous. Use a.empty, a.bool(), a.item(), a.any() or a.all().
2026-05-13 13:58:37.355 | WARNING  | app.engine.strategies.manager:evaluate_all:125 - strategy smart_trend raised: The truth value of a DataFrame is ambiguous. Use a.empty, a.bool(), a.item(), a.any() or a.all().
2026-05-13 13:58:37.394 | WARNING  | app.engine.strategies.manager:evaluate_all:125 - strategy smart_trend raised: The truth value of a DataFrame is ambiguous. Use a.empty, a.bool(), a.item(), a.any() or a.all().
2026-05-13 13:58:42.248 | WARNING  | app.engine.strategies.manager:evaluate_all:125 - strategy smart_trend raised: The truth value of a DataFrame is ambiguous. Use a.empty, a.bool(), a.item(), a.any() or a.all().
2026-05-13 13:58:42.403 | WARNING  | app.engine.strategies.manager:evaluate_all:125 - strategy smart_trend raised: The truth value of a DataFrame is ambiguous. Use a.empty, a.bool(), a.item(), a.any() or a.all().
2026-05-13 13:58:42.444 | WARNING  | app.engine.strategies.manager:evaluate_all:125 - strategy smart_trend raised: The truth value of a DataFrame is ambiguous. Use a.empty, a.bool(), a.item(), a.any() or a.all().
2026-05-13 13:58:47.301 | WARNING  | app.engine.strategies.manager:evaluate_all:125 - strategy smart_trend raised: The truth value of a DataFrame is ambiguous. Use a.empty, a.bool(), a.item(), a.any() or a.all().
2026-05-13 13:58:47.451 | WARNING  | app.engine.strategies.manager:evaluate_all:125 - strategy smart_trend raised: The truth value of a DataFrame is ambiguous. Use a.empty, a.bool(), a.item(), a.any() or a.all().
2026-05-13 13:58:47.489 | WARNING  | app.engine.strategies.manager:evaluate_all:125 - strategy smart_trend raised: The truth value of a DataFrame is ambiguous. Use a.empty, a.bool(), a.item(), a.any() or a.all().
2026-05-13 13:58:52.587 | WARNING  | app.engine.strategies.manager:evaluate_all:125 - strategy smart_trend raised: The truth value of a DataFrame is ambiguous. Use a.empty, a.bool(), a.item(), a.any() or a.all().
2026-05-13 13:58:52.898 | WARNING  | app.engine.strategies.manager:evaluate_all:125 - strategy smart_trend raised: The truth value of a DataFrame is ambiguous. Use a.empty, a.bool(), a.item(), a.any() or a.all().
2026-05-13 13:58:52.936 | WARNING  | app.engine.strategies.manager:evaluate_all:125 - strategy smart_trend raised: The truth value of a DataFrame is ambiguous. Use a.empty, a.bool(), a.item(), a.any() or a.all().
2026-05-13 13:58:58.694 | WARNING  | app.engine.strategies.manager:evaluate_all:125 - strategy smart_trend raised: The truth value of a DataFrame is ambiguous. Use a.empty, a.bool(), a.item(), a.any() or a.all().
2026-05-13 13:58:58.812 | WARNING  | app.engine.strategies.manager:evaluate_all:125 - strategy smart_trend raised: The truth value of a DataFrame is ambiguous. Use a.empty, a.bool(), a.item(), a.any() or a.all().
2026-05-13 13:58:58.848 | WARNING  | app.engine.strategies.manager:evaluate_all:125 - strategy smart_trend raised: The truth value of a DataFrame is ambiguous. Use a.empty, a.bool(), a.item(), a.any() or a.all().
2026-05-13 13:59:03.754 | WARNING  | app.engine.strategies.manager:evaluate_all:125 - strategy smart_trend raised: The truth value of a DataFrame is ambiguous. Use a.empty, a.bool(), a.item(), a.any() or a.all().
2026-05-13 13:59:03.853 | WARNING  | app.engine.strategies.manager:evaluate_all:125 - strategy smart_trend raised: The truth value of a DataFrame is ambiguous. Use a.empty, a.bool(), a.item(), a.any() or a.all().
2026-05-13 13:59:03.885 | WARNING  | app.engine.strategies.manager:evaluate_all:125 - strategy smart_trend raised: The truth value of a DataFrame is ambiguous. Use a.empty, a.bool(), a.item(), a.any() or a.all().
2026-05-13 13:59:08.806 | WARNING  | app.engine.strategies.manager:evaluate_all:125 - strategy smart_trend raised: The truth value of a DataFrame is ambiguous. Use a.empty, a.bool(), a.item(), a.any() or a.all().
2026-05-13 13:59:08.888 | WARNING  | app.engine.strategies.manager:evaluate_all:125 - strategy smart_trend raised: The truth value of a DataFrame is ambiguous. Use a.empty, a.bool(), a.item(), a.any() or a.all().
2026-05-13 13:59:08.918 | WARNING  | app.engine.strategies.manager:evaluate_all:125 - strategy smart_trend raised: The truth value of a DataFrame is ambiguous. Use a.empty, a.bool(), a.item(), a.any() or a.all().
2026-05-13 13:59:14.088 | WARNING  | app.engine.strategies.manager:evaluate_all:125 - strategy smart_trend raised: The truth value of a DataFrame is ambiguous. Use a.empty, a.bool(), a.item(), a.any() or a.all().
2026-05-13 13:59:14.335 | WARNING  | app.engine.strategies.manager:evaluate_all:125 - strategy smart_trend raised: The truth value of a DataFrame is ambiguous. Use a.empty, a.bool(), a.item(), a.any() or a.all().
2026-05-13 13:59:14.372 | WARNING  | app.engine.strategies.manager:evaluate_all:125 - strategy smart_trend raised: The truth value of a DataFrame is ambiguous. Use a.empty, a.bool(), a.item(), a.any() or a.all().
2026-05-13 13:59:20.291 | WARNING  | app.engine.strategies.manager:evaluate_all:125 - strategy smart_trend raised: The truth value of a DataFrame is ambiguous. Use a.empty, a.bool(), a.item(), a.any() or a.all().
2026-05-13 13:59:20.321 | WARNING  | app.engine.strategies.manager:evaluate_all:125 - strategy smart_trend raised: The truth value of a DataFrame is ambiguous. Use a.empty, a.bool(), a.item(), a.any() or a.all().
2026-05-13 13:59:20.330 | WARNING  | app.engine.strategies.manager:evaluate_all:125 - strategy smart_trend raised: The truth value of a DataFrame is ambiguous. Use a.empty, a.bool(), a.item(), a.any() or a.all().
2026-05-13 13:59:25.342 | WARNING  | app.engine.strategies.manager:evaluate_all:125 - strategy smart_trend raised: The truth value of a DataFrame is ambiguous. Use a.empty, a.bool(), a.item(), a.any() or a.all().
2026-05-13 13:59:25.382 | WARNING  | app.engine.strategies.manager:evaluate_all:125 - strategy smart_trend raised: The truth value of a DataFrame is ambiguous. Use a.empty, a.bool(), a.item(), a.any() or a.all().
2026-05-13 13:59:25.391 | WARNING  | app.engine.strategies.manager:evaluate_all:125 - strategy smart_trend raised: The truth value of a DataFrame is ambiguous. Use a.empty, a.bool(), a.item(), a.any() or a.all().
2026-05-13 13:59:30.394 | WARNING  | app.engine.strategies.manager:evaluate_all:125 - strategy smart_trend raised: The truth value of a DataFrame is ambiguous. Use a.empty, a.bool(), a.item(), a.any() or a.all().
2026-05-13 13:59:30.433 | WARNING  | app.engine.strategies.manager:evaluate_all:125 - strategy smart_trend raised: The truth value of a DataFrame is ambiguous. Use a.empty, a.bool(), a.item(), a.any() or a.all().
2026-05-13 13:59:30.443 | WARNING  | app.engine.strategies.manager:evaluate_all:125 - strategy smart_trend raised: The truth value of a DataFrame is ambiguous. Use a.empty, a.bool(), a.item(), a.any() or a.all().
2026-05-13 13:59:35.903 | WARNING  | app.engine.strategies.manager:evaluate_all:125 - strategy smart_trend raised: The truth value of a DataFrame is ambiguous. Use a.empty, a.bool(), a.item(), a.any() or a.all().
2026-05-13 13:59:35.919 | WARNING  | app.engine.strategies.manager:evaluate_all:125 - strategy smart_trend raised: The truth value of a DataFrame is ambiguous. Use a.empty, a.bool(), a.item(), a.any() or a.all().
2026-05-13 13:59:35.945 | WARNING  | app.engine.strategies.manager:evaluate_all:125 - strategy smart_trend raised: The truth value of a DataFrame is ambiguous. Use a.empty, a.bool(), a.item(), a.any() or a.all().
2026-05-13 13:59:41.489 | WARNING  | app.engine.strategies.manager:evaluate_all:125 - strategy smart_trend raised: The truth value of a DataFrame is ambiguous. Use a.empty, a.bool(), a.item(), a.any() or a.all().
2026-05-13 13:59:41.529 | WARNING  | app.engine.strategies.manager:evaluate_all:125 - strategy smart_trend raised: The truth value of a DataFrame is ambiguous. Use a.empty, a.bool(), a.item(), a.any() or a.all().
2026-05-13 13:59:41.538 | WARNING  | app.engine.strategies.manager:evaluate_all:125 - strategy smart_trend raised: The truth value of a DataFrame is ambiguous. Use a.empty, a.bool(), a.item(), a.any() or a.all().
2026-05-13 13:59:46.537 | WARNING  | app.engine.strategies.manager:evaluate_all:125 - strategy smart_trend raised: The truth value of a DataFrame is ambiguous. Use a.empty, a.bool(), a.item(), a.any() or a.all().
2026-05-13 13:59:46.581 | WARNING  | app.engine.strategies.manager:evaluate_all:125 - strategy smart_trend raised: The truth value of a DataFrame is ambiguous. Use a.empty, a.bool(), a.item(), a.any() or a.all().
2026-05-13 13:59:46.608 | WARNING  | app.engine.strategies.manager:evaluate_all:125 - strategy smart_trend raised: The truth value of a DataFrame is ambiguous. Use a.empty, a.bool(), a.item(), a.any() or a.all().
2026-05-13 13:59:51.602 | WARNING  | app.engine.strategies.manager:evaluate_all:125 - strategy smart_trend raised: The truth value of a DataFrame is ambiguous. Use a.empty, a.bool(), a.item(), a.any() or a.all().
2026-05-13 13:59:51.641 | WARNING  | app.engine.strategies.manager:evaluate_all:125 - strategy smart_trend raised: The truth value of a DataFrame is ambiguous. Use a.empty, a.bool(), a.item(), a.any() or a.all().
2026-05-13 13:59:51.665 | WARNING  | app.engine.strategies.manager:evaluate_all:125 - strategy smart_trend raised: The truth value of a DataFrame is ambiguous. Use a.empty, a.bool(), a.item(), a.any() or a.all().
2026-05-13 13:59:56.876 | WARNING  | app.engine.strategies.manager:evaluate_all:125 - strategy smart_trend raised: The truth value of a DataFrame is ambiguous. Use a.empty, a.bool(), a.item(), a.any() or a.all().
2026-05-13 13:59:57.119 | WARNING  | app.engine.strategies.manager:evaluate_all:125 - strategy smart_trend raised: The truth value of a DataFrame is ambiguous. Use a.empty, a.bool(), a.item(), a.any() or a.all().
2026-05-13 13:59:57.130 | WARNING  | app.engine.strategies.manager:evaluate_all:125 - strategy smart_trend raised: The truth value of a DataFrame is ambiguous. Use a.empty, a.bool(), a.item(), a.any() or a.all().
2026-05-13 14:00:03.119 | WARNING  | app.engine.strategies.manager:evaluate_all:125 - strategy smart_trend raised: The truth value of a DataFrame is ambiguous. Use a.empty, a.bool(), a.item(), a.any() or a.all().
2026-05-13 14:00:03.155 | WARNING  | app.engine.strategies.manager:evaluate_all:125 - strategy smart_trend raised: The truth value of a DataFrame is ambiguous. Use a.empty, a.bool(), a.item(), a.any() or a.all().
2026-05-13 14:00:03.164 | WARNING  | app.engine.strategies.manager:evaluate_all:125 - strategy smart_trend raised: The truth value of a DataFrame is ambiguous. Use a.empty, a.bool(), a.item(), a.any() or a.all().
2026-05-13 14:00:08.169 | WARNING  | app.engine.strategies.manager:evaluate_all:125 - strategy smart_trend raised: The truth value of a DataFrame is ambiguous. Use a.empty, a.bool(), a.item(), a.any() or a.all().
2026-05-13 14:00:08.210 | WARNING  | app.engine.strategies.manager:evaluate_all:125 - strategy smart_trend raised: The truth value of a DataFrame is ambiguous. Use a.empty, a.bool(), a.item(), a.any() or a.all().
2026-05-13 14:00:08.230 | WARNING  | app.engine.strategies.manager:evaluate_all:125 - strategy smart_trend raised: The truth value of a DataFrame is ambiguous. Use a.empty, a.bool(), a.item(), a.any() or a.all().
2026-05-13 14:00:13.232 | WARNING  | app.engine.strategies.manager:evaluate_all:125 - strategy smart_trend raised: The truth value of a DataFrame is ambiguous. Use a.empty, a.bool(), a.item(), a.any() or a.all().
2026-05-13 14:00:13.271 | WARNING  | app.engine.strategies.manager:evaluate_all:125 - strategy smart_trend raised: The truth value of a DataFrame is ambiguous. Use a.empty, a.bool(), a.item(), a.any() or a.all().
2026-05-13 14:00:13.288 | WARNING  | app.engine.strategies.manager:evaluate_all:125 - strategy smart_trend raised: The truth value of a DataFrame is ambiguous. Use a.empty, a.bool(), a.item(), a.any() or a.all().
2026-05-13 14:00:18.507 | WARNING  | app.engine.strategies.manager:evaluate_all:125 - strategy smart_trend raised: The truth value of a DataFrame is ambiguous. Use a.empty, a.bool(), a.item(), a.any() or a.all().
2026-05-13 14:00:18.748 | WARNING  | app.engine.strategies.manager:evaluate_all:125 - strategy smart_trend raised: The truth value of a DataFrame is ambiguous. Use a.empty, a.bool(), a.item(), a.any() or a.all().
2026-05-13 14:00:18.816 | WARNING  | app.engine.strategies.manager:evaluate_all:125 - strategy smart_trend raised: The truth value of a DataFrame is ambiguous. Use a.empty, a.bool(), a.item(), a.any() or a.all().
2026-05-13 14:00:24.703 | WARNING  | app.engine.strategies.manager:evaluate_all:125 - strategy smart_trend raised: The truth value of a DataFrame is ambiguous. Use a.empty, a.bool(), a.item(), a.any() or a.all().
2026-05-13 14:00:24.743 | WARNING  | app.engine.strategies.manager:evaluate_all:125 - strategy smart_trend raised: The truth value of a DataFrame is ambiguous. Use a.empty, a.bool(), a.item(), a.any() or a.all().
2026-05-13 14:00:24.770 | WARNING  | app.engine.strategies.manager:evaluate_all:125 - strategy smart_trend raised: The truth value of a DataFrame is ambiguous. Use a.empty, a.bool(), a.item(), a.any() or a.all().
2026-05-13 14:00:29.751 | WARNING  | app.engine.strategies.manager:evaluate_all:125 - strategy smart_trend raised: The truth value of a DataFrame is ambiguous. Use a.empty, a.bool(), a.item(), a.any() or a.all().
2026-05-13 14:00:29.782 | WARNING  | app.engine.strategies.manager:evaluate_all:125 - strategy smart_trend raised: The truth value of a DataFrame is ambiguous. Use a.empty, a.bool(), a.item(), a.any() or a.all().
2026-05-13 14:00:29.811 | WARNING  | app.engine.strategies.manager:evaluate_all:125 - strategy smart_trend raised: The truth value of a DataFrame is ambiguous. Use a.empty, a.bool(), a.item(), a.any() or a.all().
2026-05-13 14:00:34.799 | WARNING  | app.engine.strategies.manager:evaluate_all:125 - strategy smart_trend raised: The truth value of a DataFrame is ambiguous. Use a.empty, a.bool(), a.item(), a.any() or a.all().
2026-05-13 14:00:34.841 | WARNING  | app.engine.strategies.manager:evaluate_all:125 - strategy smart_trend raised: The truth value of a DataFrame is ambiguous. Use a.empty, a.bool(), a.item(), a.any() or a.all().
2026-05-13 14:00:34.868 | WARNING  | app.engine.strategies.manager:evaluate_all:125 - strategy smart_trend raised: The truth value of a DataFrame is ambiguous. Use a.empty, a.bool(), a.item(), a.any() or a.all().
2026-05-13 14:00:40.087 | WARNING  | app.engine.strategies.manager:evaluate_all:125 - strategy smart_trend raised: The truth value of a DataFrame is ambiguous. Use a.empty, a.bool(), a.item(), a.any() or a.all().
2026-05-13 14:00:40.269 | WARNING  | app.engine.strategies.manager:evaluate_all:125 - strategy smart_trend raised: The truth value of a DataFrame is ambiguous. Use a.empty, a.bool(), a.item(), a.any() or a.all().
2026-05-13 14:00:40.296 | WARNING  | app.engine.strategies.manager:evaluate_all:125 - strategy smart_trend raised: The truth value of a DataFrame is ambiguous. Use a.empty, a.bool(), a.item(), a.any() or a.all().
2026-05-13 14:00:45.352 | WARNING  | app.engine.ai.lstm:load:50 - torch not installed — LSTM disabled. `pip install torch` to enable.
2026-05-13 14:00:45.352 | WARNING  | app.engine.ai.confirmation:__init__:36 - AI is enabled but no models are loaded. Train via scripts/train_ai.py. AI will pass through (not block) signals until trained.
2026-05-13 14:01:08.268 | WARNING  | app.engine.ai.lstm:load:50 - torch not installed — LSTM disabled. `pip install torch` to enable.
2026-05-13 14:01:08.268 | WARNING  | app.engine.ai.confirmation:__init__:36 - AI is enabled but no models are loaded. Train via scripts/train_ai.py. AI will pass through (not block) signals until trained.
2026-05-13 14:02:42.184 | WARNING  | app.engine.ai.lstm:load:50 - torch not installed — LSTM disabled. `pip install torch` to enable.
2026-05-13 14:02:42.184 | WARNING  | app.engine.ai.confirmation:__init__:36 - AI is enabled but no models are loaded. Train via scripts/train_ai.py. AI will pass through (not block) signals until trained.
2026-05-13 14:18:31.442 | WARNING  | app.engine.data.market_data:fetch_24h_ticker:136 - ticker fetch failed for BNBUSDT: 
2026-05-13 14:40:10.161 | WARNING  | app.engine.ai.lstm:load:50 - torch not installed — LSTM disabled. `pip install torch` to enable.
2026-05-13 14:40:10.162 | WARNING  | app.engine.ai.confirmation:__init__:36 - AI is enabled but no models are loaded. Train via scripts/train_ai.py. AI will pass through (not block) signals until trained.
2026-05-13 14:40:34.912 | INFO     | app.engine.window:create:156 - window created 401f3188 duration=900s deploy<=120.0
2026-05-13 14:40:43.997 | INFO     | app.engine.window:create:156 - window created aaf82db3 duration=1800s deploy<=180.0
2026-05-13 14:40:59.100 | WARNING  | app.engine.strategies.manager:evaluate_all:125 - strategy smart_trend raised: The truth value of a DataFrame is ambiguous. Use a.empty, a.bool(), a.item(), a.any() or a.all().
2026-05-13 14:40:59.120 | WARNING  | app.engine.strategies.manager:evaluate_all:125 - strategy smart_trend raised: The truth value of a DataFrame is ambiguous. Use a.empty, a.bool(), a.item(), a.any() or a.all().
2026-05-13 14:41:04.336 | WARNING  | app.engine.strategies.manager:evaluate_all:125 - strategy smart_trend raised: The truth value of a DataFrame is ambiguous. Use a.empty, a.bool(), a.item(), a.any() or a.all().
2026-05-13 14:41:04.353 | WARNING  | app.engine.strategies.manager:evaluate_all:125 - strategy smart_trend raised: The truth value of a DataFrame is ambiguous. Use a.empty, a.bool(), a.item(), a.any() or a.all().
2026-05-13 14:41:09.377 | WARNING  | app.engine.strategies.manager:evaluate_all:125 - strategy smart_trend raised: The truth value of a DataFrame is ambiguous. Use a.empty, a.bool(), a.item(), a.any() or a.all().
2026-05-13 14:41:09.394 | WARNING  | app.engine.strategies.manager:evaluate_all:125 - strategy smart_trend raised: The truth value of a DataFrame is ambiguous. Use a.empty, a.bool(), a.item(), a.any() or a.all().
2026-05-13 14:41:14.418 | WARNING  | app.engine.strategies.manager:evaluate_all:125 - strategy smart_trend raised: The truth value of a DataFrame is ambiguous. Use a.empty, a.bool(), a.item(), a.any() or a.all().
2026-05-13 14:41:14.436 | WARNING  | app.engine.strategies.manager:evaluate_all:125 - strategy smart_trend raised: The truth value of a DataFrame is ambiguous. Use a.empty, a.bool(), a.item(), a.any() or a.all().
2026-05-13 14:41:19.456 | WARNING  | app.engine.strategies.manager:evaluate_all:125 - strategy smart_trend raised: The truth value of a DataFrame is ambiguous. Use a.empty, a.bool(), a.item(), a.any() or a.all().
2026-05-13 14:41:19.475 | WARNING  | app.engine.strategies.manager:evaluate_all:125 - strategy smart_trend raised: The truth value of a DataFrame is ambiguous. Use a.empty, a.bool(), a.item(), a.any() or a.all().
2026-05-13 14:41:21.822 | WARNING  | app.engine.strategies.manager:evaluate_all:125 - strategy smart_trend raised: The truth value of a DataFrame is ambiguous. Use a.empty, a.bool(), a.item(), a.any() or a.all().
2026-05-13 14:41:21.834 | WARNING  | app.engine.strategies.manager:evaluate_all:125 - strategy smart_trend raised: The truth value of a DataFrame is ambiguous. Use a.empty, a.bool(), a.item(), a.any() or a.all().
2026-05-13 14:41:24.700 | WARNING  | app.engine.strategies.manager:evaluate_all:125 - strategy smart_trend raised: The truth value of a DataFrame is ambiguous. Use a.empty, a.bool(), a.item(), a.any() or a.all().
2026-05-13 14:41:24.714 | WARNING  | app.engine.strategies.manager:evaluate_all:125 - strategy smart_trend raised: The truth value of a DataFrame is ambiguous. Use a.empty, a.bool(), a.item(), a.any() or a.all().
2026-05-13 14:41:26.854 | WARNING  | app.engine.strategies.manager:evaluate_all:125 - strategy smart_trend raised: The truth value of a DataFrame is ambiguous. Use a.empty, a.bool(), a.item(), a.any() or a.all().
2026-05-13 14:41:26.872 | WARNING  | app.engine.strategies.manager:evaluate_all:125 - strategy smart_trend raised: The truth value of a DataFrame is ambiguous. Use a.empty, a.bool(), a.item(), a.any() or a.all().
2026-05-13 14:41:29.747 | WARNING  | app.engine.strategies.manager:evaluate_all:125 - strategy smart_trend raised: The truth value of a DataFrame is ambiguous. Use a.empty, a.bool(), a.item(), a.any() or a.all().
2026-05-13 14:41:29.767 | WARNING  | app.engine.strategies.manager:evaluate_all:125 - strategy smart_trend raised: The truth value of a DataFrame is ambiguous. Use a.empty, a.bool(), a.item(), a.any() or a.all().
2026-05-13 14:41:31.892 | WARNING  | app.engine.strategies.manager:evaluate_all:125 - strategy smart_trend raised: The truth value of a DataFrame is ambiguous. Use a.empty, a.bool(), a.item(), a.any() or a.all().
2026-05-13 14:41:31.912 | WARNING  | app.engine.strategies.manager:evaluate_all:125 - strategy smart_trend raised: The truth value of a DataFrame is ambiguous. Use a.empty, a.bool(), a.item(), a.any() or a.all().
2026-05-13 14:41:34.790 | WARNING  | app.engine.strategies.manager:evaluate_all:125 - strategy smart_trend raised: The truth value of a DataFrame is ambiguous. Use a.empty, a.bool(), a.item(), a.any() or a.all().
2026-05-13 14:41:34.801 | WARNING  | app.engine.strategies.manager:evaluate_all:125 - strategy smart_trend raised: The truth value of a DataFrame is ambiguous. Use a.empty, a.bool(), a.item(), a.any() or a.all().
2026-05-13 14:41:37.332 | WARNING  | app.engine.strategies.manager:evaluate_all:125 - strategy smart_trend raised: The truth value of a DataFrame is ambiguous. Use a.empty, a.bool(), a.item(), a.any() or a.all().
2026-05-13 14:41:37.572 | WARNING  | app.engine.strategies.manager:evaluate_all:125 - strategy smart_trend raised: The truth value of a DataFrame is ambiguous. Use a.empty, a.bool(), a.item(), a.any() or a.all().
2026-05-13 14:41:39.829 | WARNING  | app.engine.strategies.manager:evaluate_all:125 - strategy smart_trend raised: The truth value of a DataFrame is ambiguous. Use a.empty, a.bool(), a.item(), a.any() or a.all().
2026-05-13 14:41:39.845 | WARNING  | app.engine.strategies.manager:evaluate_all:125 - strategy smart_trend raised: The truth value of a DataFrame is ambiguous. Use a.empty, a.bool(), a.item(), a.any() or a.all().
2026-05-13 14:41:42.592 | WARNING  | app.engine.strategies.manager:evaluate_all:125 - strategy smart_trend raised: The truth value of a DataFrame is ambiguous. Use a.empty, a.bool(), a.item(), a.any() or a.all().
2026-05-13 14:41:42.609 | WARNING  | app.engine.strategies.manager:evaluate_all:125 - strategy smart_trend raised: The truth value of a DataFrame is ambiguous. Use a.empty, a.bool(), a.item(), a.any() or a.all().
2026-05-13 14:41:45.076 | WARNING  | app.engine.strategies.manager:evaluate_all:125 - strategy smart_trend raised: The truth value of a DataFrame is ambiguous. Use a.empty, a.bool(), a.item(), a.any() or a.all().
2026-05-13 14:41:45.093 | WARNING  | app.engine.strategies.manager:evaluate_all:125 - strategy smart_trend raised: The truth value of a DataFrame is ambiguous. Use a.empty, a.bool(), a.item(), a.any() or a.all().
2026-05-13 14:41:47.631 | WARNING  | app.engine.strategies.manager:evaluate_all:125 - strategy smart_trend raised: The truth value of a DataFrame is ambiguous. Use a.empty, a.bool(), a.item(), a.any() or a.all().
2026-05-13 14:41:47.647 | WARNING  | app.engine.strategies.manager:evaluate_all:125 - strategy smart_trend raised: The truth value of a DataFrame is ambiguous. Use a.empty, a.bool(), a.item(), a.any() or a.all().
2026-05-13 14:41:50.115 | WARNING  | app.engine.strategies.manager:evaluate_all:125 - strategy smart_trend raised: The truth value of a DataFrame is ambiguous. Use a.empty, a.bool(), a.item(), a.any() or a.all().
2026-05-13 14:41:50.130 | WARNING  | app.engine.strategies.manager:evaluate_all:125 - strategy smart_trend raised: The truth value of a DataFrame is ambiguous. Use a.empty, a.bool(), a.item(), a.any() or a.all().
2026-05-13 14:41:52.668 | WARNING  | app.engine.strategies.manager:evaluate_all:125 - strategy smart_trend raised: The truth value of a DataFrame is ambiguous. Use a.empty, a.bool(), a.item(), a.any() or a.all().
2026-05-13 14:41:52.800 | WARNING  | app.engine.strategies.manager:evaluate_all:125 - strategy smart_trend raised: The truth value of a DataFrame is ambiguous. Use a.empty, a.bool(), a.item(), a.any() or a.all().
2026-05-13 14:41:55.161 | WARNING  | app.engine.strategies.manager:evaluate_all:125 - strategy smart_trend raised: The truth value of a DataFrame is ambiguous. Use a.empty, a.bool(), a.item(), a.any() or a.all().
2026-05-13 14:41:55.173 | WARNING  | app.engine.strategies.manager:evaluate_all:125 - strategy smart_trend raised: The truth value of a DataFrame is ambiguous. Use a.empty, a.bool(), a.item(), a.any() or a.all().
2026-05-13 14:41:58.282 | WARNING  | app.engine.strategies.manager:evaluate_all:125 - strategy smart_trend raised: The truth value of a DataFrame is ambiguous. Use a.empty, a.bool(), a.item(), a.any() or a.all().
2026-05-13 14:41:58.525 | WARNING  | app.engine.strategies.manager:evaluate_all:125 - strategy smart_trend raised: The truth value of a DataFrame is ambiguous. Use a.empty, a.bool(), a.item(), a.any() or a.all().
2026-05-13 14:42:00.191 | WARNING  | app.engine.strategies.manager:evaluate_all:125 - strategy smart_trend raised: The truth value of a DataFrame is ambiguous. Use a.empty, a.bool(), a.item(), a.any() or a.all().
2026-05-13 14:42:00.201 | WARNING  | app.engine.strategies.manager:evaluate_all:125 - strategy smart_trend raised: The truth value of a DataFrame is ambiguous. Use a.empty, a.bool(), a.item(), a.any() or a.all().
2026-05-13 14:42:03.558 | WARNING  | app.engine.strategies.manager:evaluate_all:125 - strategy smart_trend raised: The truth value of a DataFrame is ambiguous. Use a.empty, a.bool(), a.item(), a.any() or a.all().
2026-05-13 14:42:03.574 | WARNING  | app.engine.strategies.manager:evaluate_all:125 - strategy smart_trend raised: The truth value of a DataFrame is ambiguous. Use a.empty, a.bool(), a.item(), a.any() or a.all().
2026-05-13 14:42:05.418 | WARNING  | app.engine.strategies.manager:evaluate_all:125 - strategy smart_trend raised: The truth value of a DataFrame is ambiguous. Use a.empty, a.bool(), a.item(), a.any() or a.all().
2026-05-13 14:42:05.430 | WARNING  | app.engine.strategies.manager:evaluate_all:125 - strategy smart_trend raised: The truth value of a DataFrame is ambiguous. Use a.empty, a.bool(), a.item(), a.any() or a.all().
2026-05-13 14:42:08.606 | WARNING  | app.engine.strategies.manager:evaluate_all:125 - strategy smart_trend raised: The truth value of a DataFrame is ambiguous. Use a.empty, a.bool(), a.item(), a.any() or a.all().
2026-05-13 14:42:08.626 | WARNING  | app.engine.strategies.manager:evaluate_all:125 - strategy smart_trend raised: The truth value of a DataFrame is ambiguous. Use a.empty, a.bool(), a.item(), a.any() or a.all().
2026-05-13 14:42:10.450 | WARNING  | app.engine.strategies.manager:evaluate_all:125 - strategy smart_trend raised: The truth value of a DataFrame is ambiguous. Use a.empty, a.bool(), a.item(), a.any() or a.all().
2026-05-13 14:42:10.470 | WARNING  | app.engine.strategies.manager:evaluate_all:125 - strategy smart_trend raised: The truth value of a DataFrame is ambiguous. Use a.empty, a.bool(), a.item(), a.any() or a.all().
2026-05-13 14:42:13.650 | WARNING  | app.engine.strategies.manager:evaluate_all:125 - strategy smart_trend raised: The truth value of a DataFrame is ambiguous. Use a.empty, a.bool(), a.item(), a.any() or a.all().
2026-05-13 14:42:13.668 | WARNING  | app.engine.strategies.manager:evaluate_all:125 - strategy smart_trend raised: The truth value of a DataFrame is ambiguous. Use a.empty, a.bool(), a.item(), a.any() or a.all().
2026-05-13 14:42:15.492 | WARNING  | app.engine.strategies.manager:evaluate_all:125 - strategy smart_trend raised: The truth value of a DataFrame is ambiguous. Use a.empty, a.bool(), a.item(), a.any() or a.all().
2026-05-13 14:42:15.509 | WARNING  | app.engine.strategies.manager:evaluate_all:125 - strategy smart_trend raised: The truth value of a DataFrame is ambiguous. Use a.empty, a.bool(), a.item(), a.any() or a.all().
2026-05-13 14:42:19.091 | WARNING  | app.engine.strategies.manager:evaluate_all:125 - strategy smart_trend raised: The truth value of a DataFrame is ambiguous. Use a.empty, a.bool(), a.item(), a.any() or a.all().
2026-05-13 14:42:19.346 | WARNING  | app.engine.strategies.manager:evaluate_all:125 - strategy smart_trend raised: The truth value of a DataFrame is ambiguous. Use a.empty, a.bool(), a.item(), a.any() or a.all().
2026-05-13 14:42:20.541 | WARNING  | app.engine.strategies.manager:evaluate_all:125 - strategy smart_trend raised: The truth value of a DataFrame is ambiguous. Use a.empty, a.bool(), a.item(), a.any() or a.all().
2026-05-13 14:42:20.564 | WARNING  | app.engine.strategies.manager:evaluate_all:125 - strategy smart_trend raised: The truth value of a DataFrame is ambiguous. Use a.empty, a.bool(), a.item(), a.any() or a.all().
2026-05-13 14:42:24.380 | WARNING  | app.engine.strategies.manager:evaluate_all:125 - strategy smart_trend raised: The truth value of a DataFrame is ambiguous. Use a.empty, a.bool(), a.item(), a.any() or a.all().
2026-05-13 14:42:24.395 | WARNING  | app.engine.strategies.manager:evaluate_all:125 - strategy smart_trend raised: The truth value of a DataFrame is ambiguous. Use a.empty, a.bool(), a.item(), a.any() or a.all().
2026-05-13 14:42:25.782 | WARNING  | app.engine.strategies.manager:evaluate_all:125 - strategy smart_trend raised: The truth value of a DataFrame is ambiguous. Use a.empty, a.bool(), a.item(), a.any() or a.all().
2026-05-13 14:42:25.791 | WARNING  | app.engine.strategies.manager:evaluate_all:125 - strategy smart_trend raised: The truth value of a DataFrame is ambiguous. Use a.empty, a.bool(), a.item(), a.any() or a.all().
2026-05-13 14:42:29.417 | WARNING  | app.engine.strategies.manager:evaluate_all:125 - strategy smart_trend raised: The truth value of a DataFrame is ambiguous. Use a.empty, a.bool(), a.item(), a.any() or a.all().
2026-05-13 14:42:29.433 | WARNING  | app.engine.strategies.manager:evaluate_all:125 - strategy smart_trend raised: The truth value of a DataFrame is ambiguous. Use a.empty, a.bool(), a.item(), a.any() or a.all().
2026-05-13 14:42:30.822 | WARNING  | app.engine.strategies.manager:evaluate_all:125 - strategy smart_trend raised: The truth value of a DataFrame is ambiguous. Use a.empty, a.bool(), a.item(), a.any() or a.all().
2026-05-13 14:42:30.833 | WARNING  | app.engine.strategies.manager:evaluate_all:125 - strategy smart_trend raised: The truth value of a DataFrame is ambiguous. Use a.empty, a.bool(), a.item(), a.any() or a.all().
2026-05-13 14:42:34.455 | WARNING  | app.engine.strategies.manager:evaluate_all:125 - strategy smart_trend raised: The truth value of a DataFrame is ambiguous. Use a.empty, a.bool(), a.item(), a.any() or a.all().
2026-05-13 14:42:34.473 | WARNING  | app.engine.strategies.manager:evaluate_all:125 - strategy smart_trend raised: The truth value of a DataFrame is ambiguous. Use a.empty, a.bool(), a.item(), a.any() or a.all().
2026-05-13 14:42:35.848 | WARNING  | app.engine.strategies.manager:evaluate_all:125 - strategy smart_trend raised: The truth value of a DataFrame is ambiguous. Use a.empty, a.bool(), a.item(), a.any() or a.all().
2026-05-13 14:42:35.861 | WARNING  | app.engine.strategies.manager:evaluate_all:125 - strategy smart_trend raised: The truth value of a DataFrame is ambiguous. Use a.empty, a.bool(), a.item(), a.any() or a.all().
2026-05-13 14:42:39.899 | WARNING  | app.engine.strategies.manager:evaluate_all:125 - strategy smart_trend raised: The truth value of a DataFrame is ambiguous. Use a.empty, a.bool(), a.item(), a.any() or a.all().
2026-05-13 14:42:40.138 | WARNING  | app.engine.strategies.manager:evaluate_all:125 - strategy smart_trend raised: The truth value of a DataFrame is ambiguous. Use a.empty, a.bool(), a.item(), a.any() or a.all().
2026-05-13 14:42:40.877 | WARNING  | app.engine.strategies.manager:evaluate_all:125 - strategy smart_trend raised: The truth value of a DataFrame is ambiguous. Use a.empty, a.bool(), a.item(), a.any() or a.all().
2026-05-13 14:42:40.891 | WARNING  | app.engine.strategies.manager:evaluate_all:125 - strategy smart_trend raised: The truth value of a DataFrame is ambiguous. Use a.empty, a.bool(), a.item(), a.any() or a.all().
2026-05-13 14:42:45.162 | WARNING  | app.engine.strategies.manager:evaluate_all:125 - strategy smart_trend raised: The truth value of a DataFrame is ambiguous. Use a.empty, a.bool(), a.item(), a.any() or a.all().
2026-05-13 14:42:45.178 | WARNING  | app.engine.strategies.manager:evaluate_all:125 - strategy smart_trend raised: The truth value of a DataFrame is ambiguous. Use a.empty, a.bool(), a.item(), a.any() or a.all().
2026-05-13 14:42:46.112 | WARNING  | app.engine.strategies.manager:evaluate_all:125 - strategy smart_trend raised: The truth value of a DataFrame is ambiguous. Use a.empty, a.bool(), a.item(), a.any() or a.all().
2026-05-13 14:42:46.129 | WARNING  | app.engine.strategies.manager:evaluate_all:125 - strategy smart_trend raised: The truth value of a DataFrame is ambiguous. Use a.empty, a.bool(), a.item(), a.any() or a.all().
2026-05-13 14:42:50.200 | WARNING  | app.engine.strategies.manager:evaluate_all:125 - strategy smart_trend raised: The truth value of a DataFrame is ambiguous. Use a.empty, a.bool(), a.item(), a.any() or a.all().
2026-05-13 14:42:50.216 | WARNING  | app.engine.strategies.manager:evaluate_all:125 - strategy smart_trend raised: The truth value of a DataFrame is ambiguous. Use a.empty, a.bool(), a.item(), a.any() or a.all().
2026-05-13 14:42:51.153 | WARNING  | app.engine.strategies.manager:evaluate_all:125 - strategy smart_trend raised: The truth value of a DataFrame is ambiguous. Use a.empty, a.bool(), a.item(), a.any() or a.all().
2026-05-13 14:42:51.169 | WARNING  | app.engine.strategies.manager:evaluate_all:125 - strategy smart_trend raised: The truth value of a DataFrame is ambiguous. Use a.empty, a.bool(), a.item(), a.any() or a.all().
2026-05-13 14:42:55.236 | WARNING  | app.engine.strategies.manager:evaluate_all:125 - strategy smart_trend raised: The truth value of a DataFrame is ambiguous. Use a.empty, a.bool(), a.item(), a.any() or a.all().
2026-05-13 14:42:55.253 | WARNING  | app.engine.strategies.manager:evaluate_all:125 - strategy smart_trend raised: The truth value of a DataFrame is ambiguous. Use a.empty, a.bool(), a.item(), a.any() or a.all().
2026-05-13 14:42:56.191 | WARNING  | app.engine.strategies.manager:evaluate_all:125 - strategy smart_trend raised: The truth value of a DataFrame is ambiguous. Use a.empty, a.bool(), a.item(), a.any() or a.all().
2026-05-13 14:42:56.208 | WARNING  | app.engine.strategies.manager:evaluate_all:125 - strategy smart_trend raised: The truth value of a DataFrame is ambiguous. Use a.empty, a.bool(), a.item(), a.any() or a.all().
2026-05-13 14:43:00.751 | WARNING  | app.engine.strategies.manager:evaluate_all:125 - strategy smart_trend raised: The truth value of a DataFrame is ambiguous. Use a.empty, a.bool(), a.item(), a.any() or a.all().
2026-05-13 14:43:01.008 | WARNING  | app.engine.strategies.manager:evaluate_all:125 - strategy smart_trend raised: The truth value of a DataFrame is ambiguous. Use a.empty, a.bool(), a.item(), a.any() or a.all().
2026-05-13 14:43:01.230 | WARNING  | app.engine.strategies.manager:evaluate_all:125 - strategy smart_trend raised: The truth value of a DataFrame is ambiguous. Use a.empty, a.bool(), a.item(), a.any() or a.all().
2026-05-13 14:43:01.248 | WARNING  | app.engine.strategies.manager:evaluate_all:125 - strategy smart_trend raised: The truth value of a DataFrame is ambiguous. Use a.empty, a.bool(), a.item(), a.any() or a.all().
2026-05-13 14:43:06.263 | WARNING  | app.engine.strategies.manager:evaluate_all:125 - strategy smart_trend raised: The truth value of a DataFrame is ambiguous. Use a.empty, a.bool(), a.item(), a.any() or a.all().
2026-05-13 14:43:06.276 | WARNING  | app.engine.strategies.manager:evaluate_all:125 - strategy smart_trend raised: The truth value of a DataFrame is ambiguous. Use a.empty, a.bool(), a.item(), a.any() or a.all().
2026-05-13 14:43:06.288 | WARNING  | app.engine.strategies.manager:evaluate_all:125 - strategy smart_trend raised: The truth value of a DataFrame is ambiguous. Use a.empty, a.bool(), a.item(), a.any() or a.all().
2026-05-13 14:43:06.299 | WARNING  | app.engine.strategies.manager:evaluate_all:125 - strategy smart_trend raised: The truth value of a DataFrame is ambiguous. Use a.empty, a.bool(), a.item(), a.any() or a.all().
2026-05-13 14:43:11.298 | WARNING  | app.engine.strategies.manager:evaluate_all:125 - strategy smart_trend raised: The truth value of a DataFrame is ambiguous. Use a.empty, a.bool(), a.item(), a.any() or a.all().
2026-05-13 14:43:11.311 | WARNING  | app.engine.strategies.manager:evaluate_all:125 - strategy smart_trend raised: The truth value of a DataFrame is ambiguous. Use a.empty, a.bool(), a.item(), a.any() or a.all().
2026-05-13 14:43:11.320 | WARNING  | app.engine.strategies.manager:evaluate_all:125 - strategy smart_trend raised: The truth value of a DataFrame is ambiguous. Use a.empty, a.bool(), a.item(), a.any() or a.all().
2026-05-13 14:43:11.331 | WARNING  | app.engine.strategies.manager:evaluate_all:125 - strategy smart_trend raised: The truth value of a DataFrame is ambiguous. Use a.empty, a.bool(), a.item(), a.any() or a.all().
2026-05-13 14:43:16.334 | WARNING  | app.engine.strategies.manager:evaluate_all:125 - strategy smart_trend raised: The truth value of a DataFrame is ambiguous. Use a.empty, a.bool(), a.item(), a.any() or a.all().
2026-05-13 14:43:16.351 | WARNING  | app.engine.strategies.manager:evaluate_all:125 - strategy smart_trend raised: The truth value of a DataFrame is ambiguous. Use a.empty, a.bool(), a.item(), a.any() or a.all().
2026-05-13 14:43:16.364 | WARNING  | app.engine.strategies.manager:evaluate_all:125 - strategy smart_trend raised: The truth value of a DataFrame is ambiguous. Use a.empty, a.bool(), a.item(), a.any() or a.all().
2026-05-13 14:43:16.374 | WARNING  | app.engine.strategies.manager:evaluate_all:125 - strategy smart_trend raised: The truth value of a DataFrame is ambiguous. Use a.empty, a.bool(), a.item(), a.any() or a.all().
2026-05-13 14:43:21.853 | WARNING  | app.engine.strategies.manager:evaluate_all:125 - strategy smart_trend raised: The truth value of a DataFrame is ambiguous. Use a.empty, a.bool(), a.item(), a.any() or a.all().
2026-05-13 14:43:21.866 | WARNING  | app.engine.strategies.manager:evaluate_all:125 - strategy smart_trend raised: The truth value of a DataFrame is ambiguous. Use a.empty, a.bool(), a.item(), a.any() or a.all().
2026-05-13 14:43:22.127 | WARNING  | app.engine.strategies.manager:evaluate_all:125 - strategy smart_trend raised: The truth value of a DataFrame is ambiguous. Use a.empty, a.bool(), a.item(), a.any() or a.all().
2026-05-13 14:43:22.139 | WARNING  | app.engine.strategies.manager:evaluate_all:125 - strategy smart_trend raised: The truth value of a DataFrame is ambiguous. Use a.empty, a.bool(), a.item(), a.any() or a.all().
2026-05-13 14:43:27.366 | WARNING  | app.engine.strategies.manager:evaluate_all:125 - strategy smart_trend raised: The truth value of a DataFrame is ambiguous. Use a.empty, a.bool(), a.item(), a.any() or a.all().
2026-05-13 14:43:27.374 | WARNING  | app.engine.strategies.manager:evaluate_all:125 - strategy smart_trend raised: The truth value of a DataFrame is ambiguous. Use a.empty, a.bool(), a.item(), a.any() or a.all().
2026-05-13 14:43:27.383 | WARNING  | app.engine.strategies.manager:evaluate_all:125 - strategy smart_trend raised: The truth value of a DataFrame is ambiguous. Use a.empty, a.bool(), a.item(), a.any() or a.all().
2026-05-13 14:43:27.392 | WARNING  | app.engine.strategies.manager:evaluate_all:125 - strategy smart_trend raised: The truth value of a DataFrame is ambiguous. Use a.empty, a.bool(), a.item(), a.any() or a.all().
2026-05-13 14:43:32.402 | WARNING  | app.engine.strategies.manager:evaluate_all:125 - strategy smart_trend raised: The truth value of a DataFrame is ambiguous. Use a.empty, a.bool(), a.item(), a.any() or a.all().
2026-05-13 14:43:32.418 | WARNING  | app.engine.strategies.manager:evaluate_all:125 - strategy smart_trend raised: The truth value of a DataFrame is ambiguous. Use a.empty, a.bool(), a.item(), a.any() or a.all().
2026-05-13 14:43:32.431 | WARNING  | app.engine.strategies.manager:evaluate_all:125 - strategy smart_trend raised: The truth value of a DataFrame is ambiguous. Use a.empty, a.bool(), a.item(), a.any() or a.all().
2026-05-13 14:43:32.441 | WARNING  | app.engine.strategies.manager:evaluate_all:125 - strategy smart_trend raised: The truth value of a DataFrame is ambiguous. Use a.empty, a.bool(), a.item(), a.any() or a.all().
2026-05-13 14:43:37.440 | WARNING  | app.engine.strategies.manager:evaluate_all:125 - strategy smart_trend raised: The truth value of a DataFrame is ambiguous. Use a.empty, a.bool(), a.item(), a.any() or a.all().
2026-05-13 14:43:37.457 | WARNING  | app.engine.strategies.manager:evaluate_all:125 - strategy smart_trend raised: The truth value of a DataFrame is ambiguous. Use a.empty, a.bool(), a.item(), a.any() or a.all().
2026-05-13 14:43:37.470 | WARNING  | app.engine.strategies.manager:evaluate_all:125 - strategy smart_trend raised: The truth value of a DataFrame is ambiguous. Use a.empty, a.bool(), a.item(), a.any() or a.all().
2026-05-13 14:43:37.481 | WARNING  | app.engine.strategies.manager:evaluate_all:125 - strategy smart_trend raised: The truth value of a DataFrame is ambiguous. Use a.empty, a.bool(), a.item(), a.any() or a.all().
2026-05-13 14:43:42.892 | WARNING  | app.engine.strategies.manager:evaluate_all:125 - strategy smart_trend raised: The truth value of a DataFrame is ambiguous. Use a.empty, a.bool(), a.item(), a.any() or a.all().
2026-05-13 14:43:42.912 | WARNING  | app.engine.strategies.manager:evaluate_all:125 - strategy smart_trend raised: The truth value of a DataFrame is ambiguous. Use a.empty, a.bool(), a.item(), a.any() or a.all().
2026-05-13 14:43:43.163 | WARNING  | app.engine.strategies.manager:evaluate_all:125 - strategy smart_trend raised: The truth value of a DataFrame is ambiguous. Use a.empty, a.bool(), a.item(), a.any() or a.all().
2026-05-13 14:43:43.176 | WARNING  | app.engine.strategies.manager:evaluate_all:125 - strategy smart_trend raised: The truth value of a DataFrame is ambiguous. Use a.empty, a.bool(), a.item(), a.any() or a.all().
2026-05-13 14:43:48.401 | WARNING  | app.engine.strategies.manager:evaluate_all:125 - strategy smart_trend raised: The truth value of a DataFrame is ambiguous. Use a.empty, a.bool(), a.item(), a.any() or a.all().
2026-05-13 14:43:48.419 | WARNING  | app.engine.strategies.manager:evaluate_all:125 - strategy smart_trend raised: The truth value of a DataFrame is ambiguous. Use a.empty, a.bool(), a.item(), a.any() or a.all().
2026-05-13 14:43:48.432 | WARNING  | app.engine.strategies.manager:evaluate_all:125 - strategy smart_trend raised: The truth value of a DataFrame is ambiguous. Use a.empty, a.bool(), a.item(), a.any() or a.all().
2026-05-13 14:43:48.444 | WARNING  | app.engine.strategies.manager:evaluate_all:125 - strategy smart_trend raised: The truth value of a DataFrame is ambiguous. Use a.empty, a.bool(), a.item(), a.any() or a.all().
2026-05-13 14:43:53.449 | WARNING  | app.engine.strategies.manager:evaluate_all:125 - strategy smart_trend raised: The truth value of a DataFrame is ambiguous. Use a.empty, a.bool(), a.item(), a.any() or a.all().
2026-05-13 14:43:53.466 | WARNING  | app.engine.strategies.manager:evaluate_all:125 - strategy smart_trend raised: The truth value of a DataFrame is ambiguous. Use a.empty, a.bool(), a.item(), a.any() or a.all().
2026-05-13 14:43:53.478 | WARNING  | app.engine.strategies.manager:evaluate_all:125 - strategy smart_trend raised: The truth value of a DataFrame is ambiguous. Use a.empty, a.bool(), a.item(), a.any() or a.all().
2026-05-13 14:43:53.488 | WARNING  | app.engine.strategies.manager:evaluate_all:125 - strategy smart_trend raised: The truth value of a DataFrame is ambiguous. Use a.empty, a.bool(), a.item(), a.any() or a.all().
2026-05-13 14:43:58.489 | WARNING  | app.engine.strategies.manager:evaluate_all:125 - strategy smart_trend raised: The truth value of a DataFrame is ambiguous. Use a.empty, a.bool(), a.item(), a.any() or a.all().
2026-05-13 14:43:58.505 | WARNING  | app.engine.strategies.manager:evaluate_all:125 - strategy smart_trend raised: The truth value of a DataFrame is ambiguous. Use a.empty, a.bool(), a.item(), a.any() or a.all().
2026-05-13 14:43:58.518 | WARNING  | app.engine.strategies.manager:evaluate_all:125 - strategy smart_trend raised: The truth value of a DataFrame is ambiguous. Use a.empty, a.bool(), a.item(), a.any() or a.all().
2026-05-13 14:43:58.528 | WARNING  | app.engine.strategies.manager:evaluate_all:125 - strategy smart_trend raised: The truth value of a DataFrame is ambiguous. Use a.empty, a.bool(), a.item(), a.any() or a.all().
2026-05-13 14:44:03.944 | WARNING  | app.engine.strategies.manager:evaluate_all:125 - strategy smart_trend raised: The truth value of a DataFrame is ambiguous. Use a.empty, a.bool(), a.item(), a.any() or a.all().
2026-05-13 14:44:04.195 | WARNING  | app.engine.strategies.manager:evaluate_all:125 - strategy smart_trend raised: The truth value of a DataFrame is ambiguous. Use a.empty, a.bool(), a.item(), a.any() or a.all().
2026-05-13 14:44:04.351 | WARNING  | app.engine.strategies.manager:evaluate_all:125 - strategy smart_trend raised: The truth value of a DataFrame is ambiguous. Use a.empty, a.bool(), a.item(), a.any() or a.all().
2026-05-13 14:44:04.367 | WARNING  | app.engine.strategies.manager:evaluate_all:125 - strategy smart_trend raised: The truth value of a DataFrame is ambiguous. Use a.empty, a.bool(), a.item(), a.any() or a.all().
2026-05-13 14:44:09.423 | WARNING  | app.engine.strategies.manager:evaluate_all:125 - strategy smart_trend raised: The truth value of a DataFrame is ambiguous. Use a.empty, a.bool(), a.item(), a.any() or a.all().
2026-05-13 14:44:09.441 | WARNING  | app.engine.strategies.manager:evaluate_all:125 - strategy smart_trend raised: The truth value of a DataFrame is ambiguous. Use a.empty, a.bool(), a.item(), a.any() or a.all().
2026-05-13 14:44:09.591 | WARNING  | app.engine.strategies.manager:evaluate_all:125 - strategy smart_trend raised: The truth value of a DataFrame is ambiguous. Use a.empty, a.bool(), a.item(), a.any() or a.all().
2026-05-13 14:44:09.607 | WARNING  | app.engine.strategies.manager:evaluate_all:125 - strategy smart_trend raised: The truth value of a DataFrame is ambiguous. Use a.empty, a.bool(), a.item(), a.any() or a.all().
2026-05-13 14:44:14.469 | WARNING  | app.engine.strategies.manager:evaluate_all:125 - strategy smart_trend raised: The truth value of a DataFrame is ambiguous. Use a.empty, a.bool(), a.item(), a.any() or a.all().
2026-05-13 14:44:14.492 | WARNING  | app.engine.strategies.manager:evaluate_all:125 - strategy smart_trend raised: The truth value of a DataFrame is ambiguous. Use a.empty, a.bool(), a.item(), a.any() or a.all().
2026-05-13 14:44:14.629 | WARNING  | app.engine.strategies.manager:evaluate_all:125 - strategy smart_trend raised: The truth value of a DataFrame is ambiguous. Use a.empty, a.bool(), a.item(), a.any() or a.all().
2026-05-13 14:44:14.645 | WARNING  | app.engine.strategies.manager:evaluate_all:125 - strategy smart_trend raised: The truth value of a DataFrame is ambiguous. Use a.empty, a.bool(), a.item(), a.any() or a.all().
2026-05-13 14:44:19.515 | WARNING  | app.engine.strategies.manager:evaluate_all:125 - strategy smart_trend raised: The truth value of a DataFrame is ambiguous. Use a.empty, a.bool(), a.item(), a.any() or a.all().
2026-05-13 14:44:19.532 | WARNING  | app.engine.strategies.manager:evaluate_all:125 - strategy smart_trend raised: The truth value of a DataFrame is ambiguous. Use a.empty, a.bool(), a.item(), a.any() or a.all().
2026-05-13 14:44:19.665 | WARNING  | app.engine.strategies.manager:evaluate_all:125 - strategy smart_trend raised: The truth value of a DataFrame is ambiguous. Use a.empty, a.bool(), a.item(), a.any() or a.all().
2026-05-13 14:44:19.681 | WARNING  | app.engine.strategies.manager:evaluate_all:125 - strategy smart_trend raised: The truth value of a DataFrame is ambiguous. Use a.empty, a.bool(), a.item(), a.any() or a.all().
2026-05-13 14:44:25.077 | WARNING  | app.engine.strategies.manager:evaluate_all:125 - strategy smart_trend raised: The truth value of a DataFrame is ambiguous. Use a.empty, a.bool(), a.item(), a.any() or a.all().
2026-05-13 14:44:25.148 | WARNING  | app.engine.strategies.manager:evaluate_all:125 - strategy smart_trend raised: The truth value of a DataFrame is ambiguous. Use a.empty, a.bool(), a.item(), a.any() or a.all().
2026-05-13 14:44:25.326 | WARNING  | app.engine.strategies.manager:evaluate_all:125 - strategy smart_trend raised: The truth value of a DataFrame is ambiguous. Use a.empty, a.bool(), a.item(), a.any() or a.all().
2026-05-13 14:44:25.391 | WARNING  | app.engine.strategies.manager:evaluate_all:125 - strategy smart_trend raised: The truth value of a DataFrame is ambiguous. Use a.empty, a.bool(), a.item(), a.any() or a.all().
2026-05-13 14:44:30.560 | WARNING  | app.engine.strategies.manager:evaluate_all:125 - strategy smart_trend raised: The truth value of a DataFrame is ambiguous. Use a.empty, a.bool(), a.item(), a.any() or a.all().
2026-05-13 14:44:30.576 | WARNING  | app.engine.strategies.manager:evaluate_all:125 - strategy smart_trend raised: The truth value of a DataFrame is ambiguous. Use a.empty, a.bool(), a.item(), a.any() or a.all().
2026-05-13 14:44:30.607 | WARNING  | app.engine.strategies.manager:evaluate_all:125 - strategy smart_trend raised: The truth value of a DataFrame is ambiguous. Use a.empty, a.bool(), a.item(), a.any() or a.all().
2026-05-13 14:44:30.619 | WARNING  | app.engine.strategies.manager:evaluate_all:125 - strategy smart_trend raised: The truth value of a DataFrame is ambiguous. Use a.empty, a.bool(), a.item(), a.any() or a.all().
2026-05-13 14:44:35.608 | WARNING  | app.engine.strategies.manager:evaluate_all:125 - strategy smart_trend raised: The truth value of a DataFrame is ambiguous. Use a.empty, a.bool(), a.item(), a.any() or a.all().
2026-05-13 14:44:35.625 | WARNING  | app.engine.strategies.manager:evaluate_all:125 - strategy smart_trend raised: The truth value of a DataFrame is ambiguous. Use a.empty, a.bool(), a.item(), a.any() or a.all().
2026-05-13 14:44:35.637 | WARNING  | app.engine.strategies.manager:evaluate_all:125 - strategy smart_trend raised: The truth value of a DataFrame is ambiguous. Use a.empty, a.bool(), a.item(), a.any() or a.all().
2026-05-13 14:44:35.649 | WARNING  | app.engine.strategies.manager:evaluate_all:125 - strategy smart_trend raised: The truth value of a DataFrame is ambiguous. Use a.empty, a.bool(), a.item(), a.any() or a.all().
2026-05-13 14:44:40.646 | WARNING  | app.engine.strategies.manager:evaluate_all:125 - strategy smart_trend raised: The truth value of a DataFrame is ambiguous. Use a.empty, a.bool(), a.item(), a.any() or a.all().
2026-05-13 14:44:40.662 | WARNING  | app.engine.strategies.manager:evaluate_all:125 - strategy smart_trend raised: The truth value of a DataFrame is ambiguous. Use a.empty, a.bool(), a.item(), a.any() or a.all().
2026-05-13 14:44:40.675 | WARNING  | app.engine.strategies.manager:evaluate_all:125 - strategy smart_trend raised: The truth value of a DataFrame is ambiguous. Use a.empty, a.bool(), a.item(), a.any() or a.all().
2026-05-13 14:44:40.686 | WARNING  | app.engine.strategies.manager:evaluate_all:125 - strategy smart_trend raised: The truth value of a DataFrame is ambiguous. Use a.empty, a.bool(), a.item(), a.any() or a.all().
2026-05-13 14:44:46.119 | WARNING  | app.engine.strategies.manager:evaluate_all:125 - strategy smart_trend raised: The truth value of a DataFrame is ambiguous. Use a.empty, a.bool(), a.item(), a.any() or a.all().
2026-05-13 14:44:46.135 | WARNING  | app.engine.strategies.manager:evaluate_all:125 - strategy smart_trend raised: The truth value of a DataFrame is ambiguous. Use a.empty, a.bool(), a.item(), a.any() or a.all().
2026-05-13 14:44:46.387 | WARNING  | app.engine.strategies.manager:evaluate_all:125 - strategy smart_trend raised: The truth value of a DataFrame is ambiguous. Use a.empty, a.bool(), a.item(), a.any() or a.all().
2026-05-13 14:44:46.400 | WARNING  | app.engine.strategies.manager:evaluate_all:125 - strategy smart_trend raised: The truth value of a DataFrame is ambiguous. Use a.empty, a.bool(), a.item(), a.any() or a.all().
2026-05-13 14:44:51.618 | WARNING  | app.engine.strategies.manager:evaluate_all:125 - strategy smart_trend raised: The truth value of a DataFrame is ambiguous. Use a.empty, a.bool(), a.item(), a.any() or a.all().
2026-05-13 14:44:51.627 | WARNING  | app.engine.strategies.manager:evaluate_all:125 - strategy smart_trend raised: The truth value of a DataFrame is ambiguous. Use a.empty, a.bool(), a.item(), a.any() or a.all().
2026-05-13 14:44:51.638 | WARNING  | app.engine.strategies.manager:evaluate_all:125 - strategy smart_trend raised: The truth value of a DataFrame is ambiguous. Use a.empty, a.bool(), a.item(), a.any() or a.all().
2026-05-13 14:44:51.650 | WARNING  | app.engine.strategies.manager:evaluate_all:125 - strategy smart_trend raised: The truth value of a DataFrame is ambiguous. Use a.empty, a.bool(), a.item(), a.any() or a.all().
2026-05-13 14:44:56.668 | WARNING  | app.engine.strategies.manager:evaluate_all:125 - strategy smart_trend raised: The truth value of a DataFrame is ambiguous. Use a.empty, a.bool(), a.item(), a.any() or a.all().
2026-05-13 14:44:56.689 | WARNING  | app.engine.strategies.manager:evaluate_all:125 - strategy smart_trend raised: The truth value of a DataFrame is ambiguous. Use a.empty, a.bool(), a.item(), a.any() or a.all().
2026-05-13 14:44:56.702 | WARNING  | app.engine.strategies.manager:evaluate_all:125 - strategy smart_trend raised: The truth value of a DataFrame is ambiguous. Use a.empty, a.bool(), a.item(), a.any() or a.all().
2026-05-13 14:44:56.713 | WARNING  | app.engine.strategies.manager:evaluate_all:125 - strategy smart_trend raised: The truth value of a DataFrame is ambiguous. Use a.empty, a.bool(), a.item(), a.any() or a.all().
2026-05-13 14:45:01.708 | WARNING  | app.engine.strategies.manager:evaluate_all:125 - strategy smart_trend raised: The truth value of a DataFrame is ambiguous. Use a.empty, a.bool(), a.item(), a.any() or a.all().
2026-05-13 14:45:01.720 | WARNING  | app.engine.strategies.manager:evaluate_all:125 - strategy smart_trend raised: The truth value of a DataFrame is ambiguous. Use a.empty, a.bool(), a.item(), a.any() or a.all().
2026-05-13 14:45:01.730 | WARNING  | app.engine.strategies.manager:evaluate_all:125 - strategy smart_trend raised: The truth value of a DataFrame is ambiguous. Use a.empty, a.bool(), a.item(), a.any() or a.all().
2026-05-13 14:45:01.739 | WARNING  | app.engine.strategies.manager:evaluate_all:125 - strategy smart_trend raised: The truth value of a DataFrame is ambiguous. Use a.empty, a.bool(), a.item(), a.any() or a.all().
2026-05-13 14:45:07.157 | WARNING  | app.engine.strategies.manager:evaluate_all:125 - strategy smart_trend raised: The truth value of a DataFrame is ambiguous. Use a.empty, a.bool(), a.item(), a.any() or a.all().
2026-05-13 14:45:07.175 | WARNING  | app.engine.strategies.manager:evaluate_all:125 - strategy smart_trend raised: The truth value of a DataFrame is ambiguous. Use a.empty, a.bool(), a.item(), a.any() or a.all().
2026-05-13 14:45:07.427 | WARNING  | app.engine.strategies.manager:evaluate_all:125 - strategy smart_trend raised: The truth value of a DataFrame is ambiguous. Use a.empty, a.bool(), a.item(), a.any() or a.all().
2026-05-13 14:45:07.441 | WARNING  | app.engine.strategies.manager:evaluate_all:125 - strategy smart_trend raised: The truth value of a DataFrame is ambiguous. Use a.empty, a.bool(), a.item(), a.any() or a.all().
2026-05-13 14:45:12.661 | WARNING  | app.engine.strategies.manager:evaluate_all:125 - strategy smart_trend raised: The truth value of a DataFrame is ambiguous. Use a.empty, a.bool(), a.item(), a.any() or a.all().
2026-05-13 14:45:12.678 | WARNING  | app.engine.strategies.manager:evaluate_all:125 - strategy smart_trend raised: The truth value of a DataFrame is ambiguous. Use a.empty, a.bool(), a.item(), a.any() or a.all().
2026-05-13 14:45:12.691 | WARNING  | app.engine.strategies.manager:evaluate_all:125 - strategy smart_trend raised: The truth value of a DataFrame is ambiguous. Use a.empty, a.bool(), a.item(), a.any() or a.all().
2026-05-13 14:45:12.701 | WARNING  | app.engine.strategies.manager:evaluate_all:125 - strategy smart_trend raised: The truth value of a DataFrame is ambiguous. Use a.empty, a.bool(), a.item(), a.any() or a.all().
2026-05-13 14:45:17.698 | WARNING  | app.engine.strategies.manager:evaluate_all:125 - strategy smart_trend raised: The truth value of a DataFrame is ambiguous. Use a.empty, a.bool(), a.item(), a.any() or a.all().
2026-05-13 14:45:17.714 | WARNING  | app.engine.strategies.manager:evaluate_all:125 - strategy smart_trend raised: The truth value of a DataFrame is ambiguous. Use a.empty, a.bool(), a.item(), a.any() or a.all().
2026-05-13 14:45:17.728 | WARNING  | app.engine.strategies.manager:evaluate_all:125 - strategy smart_trend raised: The truth value of a DataFrame is ambiguous. Use a.empty, a.bool(), a.item(), a.any() or a.all().
2026-05-13 14:45:17.739 | WARNING  | app.engine.strategies.manager:evaluate_all:125 - strategy smart_trend raised: The truth value of a DataFrame is ambiguous. Use a.empty, a.bool(), a.item(), a.any() or a.all().
2026-05-13 14:45:22.748 | WARNING  | app.engine.strategies.manager:evaluate_all:125 - strategy smart_trend raised: The truth value of a DataFrame is ambiguous. Use a.empty, a.bool(), a.item(), a.any() or a.all().
2026-05-13 14:45:22.766 | WARNING  | app.engine.strategies.manager:evaluate_all:125 - strategy smart_trend raised: The truth value of a DataFrame is ambiguous. Use a.empty, a.bool(), a.item(), a.any() or a.all().
2026-05-13 14:45:22.779 | WARNING  | app.engine.strategies.manager:evaluate_all:125 - strategy smart_trend raised: The truth value of a DataFrame is ambiguous. Use a.empty, a.bool(), a.item(), a.any() or a.all().
2026-05-13 14:45:22.790 | WARNING  | app.engine.strategies.manager:evaluate_all:125 - strategy smart_trend raised: The truth value of a DataFrame is ambiguous. Use a.empty, a.bool(), a.item(), a.any() or a.all().
2026-05-13 14:45:28.296 | WARNING  | app.engine.strategies.manager:evaluate_all:125 - strategy smart_trend raised: The truth value of a DataFrame is ambiguous. Use a.empty, a.bool(), a.item(), a.any() or a.all().
2026-05-13 14:45:28.469 | WARNING  | app.engine.strategies.manager:evaluate_all:125 - strategy smart_trend raised: The truth value of a DataFrame is ambiguous. Use a.empty, a.bool(), a.item(), a.any() or a.all().
2026-05-13 14:45:28.567 | WARNING  | app.engine.strategies.manager:evaluate_all:125 - strategy smart_trend raised: The truth value of a DataFrame is ambiguous. Use a.empty, a.bool(), a.item(), a.any() or a.all().
2026-05-13 14:45:28.790 | WARNING  | app.engine.strategies.manager:evaluate_all:125 - strategy smart_trend raised: The truth value of a DataFrame is ambiguous. Use a.empty, a.bool(), a.item(), a.any() or a.all().
2026-05-13 14:45:33.800 | WARNING  | app.engine.strategies.manager:evaluate_all:125 - strategy smart_trend raised: The truth value of a DataFrame is ambiguous. Use a.empty, a.bool(), a.item(), a.any() or a.all().
2026-05-13 14:45:33.819 | WARNING  | app.engine.strategies.manager:evaluate_all:125 - strategy smart_trend raised: The truth value of a DataFrame is ambiguous. Use a.empty, a.bool(), a.item(), a.any() or a.all().
2026-05-13 14:45:33.831 | WARNING  | app.engine.strategies.manager:evaluate_all:125 - strategy smart_trend raised: The truth value of a DataFrame is ambiguous. Use a.empty, a.bool(), a.item(), a.any() or a.all().
2026-05-13 14:45:33.840 | WARNING  | app.engine.strategies.manager:evaluate_all:125 - strategy smart_trend raised: The truth value of a DataFrame is ambiguous. Use a.empty, a.bool(), a.item(), a.any() or a.all().
2026-05-13 14:45:38.842 | WARNING  | app.engine.strategies.manager:evaluate_all:125 - strategy smart_trend raised: The truth value of a DataFrame is ambiguous. Use a.empty, a.bool(), a.item(), a.any() or a.all().
2026-05-13 14:45:38.858 | WARNING  | app.engine.strategies.manager:evaluate_all:125 - strategy smart_trend raised: The truth value of a DataFrame is ambiguous. Use a.empty, a.bool(), a.item(), a.any() or a.all().
2026-05-13 14:45:38.871 | WARNING  | app.engine.strategies.manager:evaluate_all:125 - strategy smart_trend raised: The truth value of a DataFrame is ambiguous. Use a.empty, a.bool(), a.item(), a.any() or a.all().
2026-05-13 14:45:38.883 | WARNING  | app.engine.strategies.manager:evaluate_all:125 - strategy smart_trend raised: The truth value of a DataFrame is ambiguous. Use a.empty, a.bool(), a.item(), a.any() or a.all().
2026-05-13 14:45:43.883 | WARNING  | app.engine.strategies.manager:evaluate_all:125 - strategy smart_trend raised: The truth value of a DataFrame is ambiguous. Use a.empty, a.bool(), a.item(), a.any() or a.all().
2026-05-13 14:45:43.900 | WARNING  | app.engine.strategies.manager:evaluate_all:125 - strategy smart_trend raised: The truth value of a DataFrame is ambiguous. Use a.empty, a.bool(), a.item(), a.any() or a.all().
2026-05-13 14:45:43.913 | WARNING  | app.engine.strategies.manager:evaluate_all:125 - strategy smart_trend raised: The truth value of a DataFrame is ambiguous. Use a.empty, a.bool(), a.item(), a.any() or a.all().
2026-05-13 14:45:43.923 | WARNING  | app.engine.strategies.manager:evaluate_all:125 - strategy smart_trend raised: The truth value of a DataFrame is ambiguous. Use a.empty, a.bool(), a.item(), a.any() or a.all().
2026-05-13 14:45:49.324 | WARNING  | app.engine.strategies.manager:evaluate_all:125 - strategy smart_trend raised: The truth value of a DataFrame is ambiguous. Use a.empty, a.bool(), a.item(), a.any() or a.all().
2026-05-13 14:45:49.340 | WARNING  | app.engine.strategies.manager:evaluate_all:125 - strategy smart_trend raised: The truth value of a DataFrame is ambiguous. Use a.empty, a.bool(), a.item(), a.any() or a.all().
2026-05-13 14:45:49.591 | WARNING  | app.engine.strategies.manager:evaluate_all:125 - strategy smart_trend raised: The truth value of a DataFrame is ambiguous. Use a.empty, a.bool(), a.item(), a.any() or a.all().
2026-05-13 14:45:49.609 | WARNING  | app.engine.strategies.manager:evaluate_all:125 - strategy smart_trend raised: The truth value of a DataFrame is ambiguous. Use a.empty, a.bool(), a.item(), a.any() or a.all().
2026-05-13 14:45:54.855 | WARNING  | app.engine.strategies.manager:evaluate_all:125 - strategy smart_trend raised: The truth value of a DataFrame is ambiguous. Use a.empty, a.bool(), a.item(), a.any() or a.all().
2026-05-13 14:45:54.867 | WARNING  | app.engine.strategies.manager:evaluate_all:125 - strategy smart_trend raised: The truth value of a DataFrame is ambiguous. Use a.empty, a.bool(), a.item(), a.any() or a.all().
2026-05-13 14:45:54.878 | WARNING  | app.engine.strategies.manager:evaluate_all:125 - strategy smart_trend raised: The truth value of a DataFrame is ambiguous. Use a.empty, a.bool(), a.item(), a.any() or a.all().
2026-05-13 14:45:54.889 | WARNING  | app.engine.strategies.manager:evaluate_all:125 - strategy smart_trend raised: The truth value of a DataFrame is ambiguous. Use a.empty, a.bool(), a.item(), a.any() or a.all().
2026-05-13 14:45:59.888 | WARNING  | app.engine.strategies.manager:evaluate_all:125 - strategy smart_trend raised: The truth value of a DataFrame is ambiguous. Use a.empty, a.bool(), a.item(), a.any() or a.all().
2026-05-13 14:45:59.905 | WARNING  | app.engine.strategies.manager:evaluate_all:125 - strategy smart_trend raised: The truth value of a DataFrame is ambiguous. Use a.empty, a.bool(), a.item(), a.any() or a.all().
2026-05-13 14:45:59.917 | WARNING  | app.engine.strategies.manager:evaluate_all:125 - strategy smart_trend raised: The truth value of a DataFrame is ambiguous. Use a.empty, a.bool(), a.item(), a.any() or a.all().
2026-05-13 14:45:59.928 | WARNING  | app.engine.strategies.manager:evaluate_all:125 - strategy smart_trend raised: The truth value of a DataFrame is ambiguous. Use a.empty, a.bool(), a.item(), a.any() or a.all().
2026-05-13 14:46:04.935 | WARNING  | app.engine.strategies.manager:evaluate_all:125 - strategy smart_trend raised: The truth value of a DataFrame is ambiguous. Use a.empty, a.bool(), a.item(), a.any() or a.all().
2026-05-13 14:46:04.951 | WARNING  | app.engine.strategies.manager:evaluate_all:125 - strategy smart_trend raised: The truth value of a DataFrame is ambiguous. Use a.empty, a.bool(), a.item(), a.any() or a.all().
2026-05-13 14:46:04.963 | WARNING  | app.engine.strategies.manager:evaluate_all:125 - strategy smart_trend raised: The truth value of a DataFrame is ambiguous. Use a.empty, a.bool(), a.item(), a.any() or a.all().
2026-05-13 14:46:04.973 | WARNING  | app.engine.strategies.manager:evaluate_all:125 - strategy smart_trend raised: The truth value of a DataFrame is ambiguous. Use a.empty, a.bool(), a.item(), a.any() or a.all().
2026-05-13 14:46:10.389 | WARNING  | app.engine.strategies.manager:evaluate_all:125 - strategy smart_trend raised: The truth value of a DataFrame is ambiguous. Use a.empty, a.bool(), a.item(), a.any() or a.all().
2026-05-13 14:46:10.404 | WARNING  | app.engine.strategies.manager:evaluate_all:125 - strategy smart_trend raised: The truth value of a DataFrame is ambiguous. Use a.empty, a.bool(), a.item(), a.any() or a.all().
2026-05-13 14:46:10.650 | WARNING  | app.engine.strategies.manager:evaluate_all:125 - strategy smart_trend raised: The truth value of a DataFrame is ambiguous. Use a.empty, a.bool(), a.item(), a.any() or a.all().
2026-05-13 14:46:10.663 | WARNING  | app.engine.strategies.manager:evaluate_all:125 - strategy smart_trend raised: The truth value of a DataFrame is ambiguous. Use a.empty, a.bool(), a.item(), a.any() or a.all().
2026-05-13 14:46:15.894 | WARNING  | app.engine.strategies.manager:evaluate_all:125 - strategy smart_trend raised: The truth value of a DataFrame is ambiguous. Use a.empty, a.bool(), a.item(), a.any() or a.all().
2026-05-13 14:46:15.910 | WARNING  | app.engine.strategies.manager:evaluate_all:125 - strategy smart_trend raised: The truth value of a DataFrame is ambiguous. Use a.empty, a.bool(), a.item(), a.any() or a.all().
2026-05-13 14:46:15.923 | WARNING  | app.engine.strategies.manager:evaluate_all:125 - strategy smart_trend raised: The truth value of a DataFrame is ambiguous. Use a.empty, a.bool(), a.item(), a.any() or a.all().
2026-05-13 14:46:15.933 | WARNING  | app.engine.strategies.manager:evaluate_all:125 - strategy smart_trend raised: The truth value of a DataFrame is ambiguous. Use a.empty, a.bool(), a.item(), a.any() or a.all().
2026-05-13 14:46:20.930 | WARNING  | app.engine.strategies.manager:evaluate_all:125 - strategy smart_trend raised: The truth value of a DataFrame is ambiguous. Use a.empty, a.bool(), a.item(), a.any() or a.all().
2026-05-13 14:46:20.947 | WARNING  | app.engine.strategies.manager:evaluate_all:125 - strategy smart_trend raised: The truth value of a DataFrame is ambiguous. Use a.empty, a.bool(), a.item(), a.any() or a.all().
2026-05-13 14:46:20.961 | WARNING  | app.engine.strategies.manager:evaluate_all:125 - strategy smart_trend raised: The truth value of a DataFrame is ambiguous. Use a.empty, a.bool(), a.item(), a.any() or a.all().
2026-05-13 14:46:20.972 | WARNING  | app.engine.strategies.manager:evaluate_all:125 - strategy smart_trend raised: The truth value of a DataFrame is ambiguous. Use a.empty, a.bool(), a.item(), a.any() or a.all().
2026-05-13 14:46:25.981 | WARNING  | app.engine.strategies.manager:evaluate_all:125 - strategy smart_trend raised: The truth value of a DataFrame is ambiguous. Use a.empty, a.bool(), a.item(), a.any() or a.all().
2026-05-13 14:46:26.000 | WARNING  | app.engine.strategies.manager:evaluate_all:125 - strategy smart_trend raised: The truth value of a DataFrame is ambiguous. Use a.empty, a.bool(), a.item(), a.any() or a.all().
2026-05-13 14:46:26.012 | WARNING  | app.engine.strategies.manager:evaluate_all:125 - strategy smart_trend raised: The truth value of a DataFrame is ambiguous. Use a.empty, a.bool(), a.item(), a.any() or a.all().
2026-05-13 14:46:26.139 | WARNING  | app.engine.strategies.manager:evaluate_all:125 - strategy smart_trend raised: The truth value of a DataFrame is ambiguous. Use a.empty, a.bool(), a.item(), a.any() or a.all().
2026-05-13 14:46:31.531 | WARNING  | app.engine.strategies.manager:evaluate_all:125 - strategy smart_trend raised: The truth value of a DataFrame is ambiguous. Use a.empty, a.bool(), a.item(), a.any() or a.all().
2026-05-13 14:46:31.580 | WARNING  | app.engine.strategies.manager:evaluate_all:125 - strategy smart_trend raised: The truth value of a DataFrame is ambiguous. Use a.empty, a.bool(), a.item(), a.any() or a.all().
2026-05-13 14:46:31.779 | WARNING  | app.engine.strategies.manager:evaluate_all:125 - strategy smart_trend raised: The truth value of a DataFrame is ambiguous. Use a.empty, a.bool(), a.item(), a.any() or a.all().
2026-05-13 14:46:31.810 | WARNING  | app.engine.strategies.manager:evaluate_all:125 - strategy smart_trend raised: The truth value of a DataFrame is ambiguous. Use a.empty, a.bool(), a.item(), a.any() or a.all().
2026-05-13 14:46:36.998 | WARNING  | app.engine.strategies.manager:evaluate_all:125 - strategy smart_trend raised: The truth value of a DataFrame is ambiguous. Use a.empty, a.bool(), a.item(), a.any() or a.all().
2026-05-13 14:46:37.016 | WARNING  | app.engine.strategies.manager:evaluate_all:125 - strategy smart_trend raised: The truth value of a DataFrame is ambiguous. Use a.empty, a.bool(), a.item(), a.any() or a.all().
2026-05-13 14:46:37.029 | WARNING  | app.engine.strategies.manager:evaluate_all:125 - strategy smart_trend raised: The truth value of a DataFrame is ambiguous. Use a.empty, a.bool(), a.item(), a.any() or a.all().
2026-05-13 14:46:37.039 | WARNING  | app.engine.strategies.manager:evaluate_all:125 - strategy smart_trend raised: The truth value of a DataFrame is ambiguous. Use a.empty, a.bool(), a.item(), a.any() or a.all().
2026-05-13 14:46:42.035 | WARNING  | app.engine.strategies.manager:evaluate_all:125 - strategy smart_trend raised: The truth value of a DataFrame is ambiguous. Use a.empty, a.bool(), a.item(), a.any() or a.all().
2026-05-13 14:46:42.049 | WARNING  | app.engine.strategies.manager:evaluate_all:125 - strategy smart_trend raised: The truth value of a DataFrame is ambiguous. Use a.empty, a.bool(), a.item(), a.any() or a.all().
2026-05-13 14:46:42.058 | WARNING  | app.engine.strategies.manager:evaluate_all:125 - strategy smart_trend raised: The truth value of a DataFrame is ambiguous. Use a.empty, a.bool(), a.item(), a.any() or a.all().
2026-05-13 14:46:42.067 | WARNING  | app.engine.strategies.manager:evaluate_all:125 - strategy smart_trend raised: The truth value of a DataFrame is ambiguous. Use a.empty, a.bool(), a.item(), a.any() or a.all().
2026-05-13 14:46:47.068 | WARNING  | app.engine.strategies.manager:evaluate_all:125 - strategy smart_trend raised: The truth value of a DataFrame is ambiguous. Use a.empty, a.bool(), a.item(), a.any() or a.all().
2026-05-13 14:46:47.084 | WARNING  | app.engine.strategies.manager:evaluate_all:125 - strategy smart_trend raised: The truth value of a DataFrame is ambiguous. Use a.empty, a.bool(), a.item(), a.any() or a.all().
2026-05-13 14:46:47.097 | WARNING  | app.engine.strategies.manager:evaluate_all:125 - strategy smart_trend raised: The truth value of a DataFrame is ambiguous. Use a.empty, a.bool(), a.item(), a.any() or a.all().
2026-05-13 14:46:47.107 | WARNING  | app.engine.strategies.manager:evaluate_all:125 - strategy smart_trend raised: The truth value of a DataFrame is ambiguous. Use a.empty, a.bool(), a.item(), a.any() or a.all().
2026-05-13 14:46:52.565 | WARNING  | app.engine.strategies.manager:evaluate_all:125 - strategy smart_trend raised: The truth value of a DataFrame is ambiguous. Use a.empty, a.bool(), a.item(), a.any() or a.all().
2026-05-13 14:46:52.580 | WARNING  | app.engine.strategies.manager:evaluate_all:125 - strategy smart_trend raised: The truth value of a DataFrame is ambiguous. Use a.empty, a.bool(), a.item(), a.any() or a.all().
2026-05-13 14:46:52.855 | WARNING  | app.engine.strategies.manager:evaluate_all:125 - strategy smart_trend raised: The truth value of a DataFrame is ambiguous. Use a.empty, a.bool(), a.item(), a.any() or a.all().
2026-05-13 14:46:52.866 | WARNING  | app.engine.strategies.manager:evaluate_all:125 - strategy smart_trend raised: The truth value of a DataFrame is ambiguous. Use a.empty, a.bool(), a.item(), a.any() or a.all().
2026-05-13 14:46:58.090 | WARNING  | app.engine.strategies.manager:evaluate_all:125 - strategy smart_trend raised: The truth value of a DataFrame is ambiguous. Use a.empty, a.bool(), a.item(), a.any() or a.all().
2026-05-13 14:46:58.106 | WARNING  | app.engine.strategies.manager:evaluate_all:125 - strategy smart_trend raised: The truth value of a DataFrame is ambiguous. Use a.empty, a.bool(), a.item(), a.any() or a.all().
2026-05-13 14:46:58.119 | WARNING  | app.engine.strategies.manager:evaluate_all:125 - strategy smart_trend raised: The truth value of a DataFrame is ambiguous. Use a.empty, a.bool(), a.item(), a.any() or a.all().
2026-05-13 14:46:58.130 | WARNING  | app.engine.strategies.manager:evaluate_all:125 - strategy smart_trend raised: The truth value of a DataFrame is ambiguous. Use a.empty, a.bool(), a.item(), a.any() or a.all().
2026-05-13 14:47:03.144 | WARNING  | app.engine.strategies.manager:evaluate_all:125 - strategy smart_trend raised: The truth value of a DataFrame is ambiguous. Use a.empty, a.bool(), a.item(), a.any() or a.all().
2026-05-13 14:47:03.160 | WARNING  | app.engine.strategies.manager:evaluate_all:125 - strategy smart_trend raised: The truth value of a DataFrame is ambiguous. Use a.empty, a.bool(), a.item(), a.any() or a.all().
2026-05-13 14:47:03.171 | WARNING  | app.engine.strategies.manager:evaluate_all:125 - strategy smart_trend raised: The truth value of a DataFrame is ambiguous. Use a.empty, a.bool(), a.item(), a.any() or a.all().
2026-05-13 14:47:03.180 | WARNING  | app.engine.strategies.manager:evaluate_all:125 - strategy smart_trend raised: The truth value of a DataFrame is ambiguous. Use a.empty, a.bool(), a.item(), a.any() or a.all().
2026-05-13 14:47:08.191 | WARNING  | app.engine.strategies.manager:evaluate_all:125 - strategy smart_trend raised: The truth value of a DataFrame is ambiguous. Use a.empty, a.bool(), a.item(), a.any() or a.all().
2026-05-13 14:47:08.208 | WARNING  | app.engine.strategies.manager:evaluate_all:125 - strategy smart_trend raised: The truth value of a DataFrame is ambiguous. Use a.empty, a.bool(), a.item(), a.any() or a.all().
2026-05-13 14:47:08.222 | WARNING  | app.engine.strategies.manager:evaluate_all:125 - strategy smart_trend raised: The truth value of a DataFrame is ambiguous. Use a.empty, a.bool(), a.item(), a.any() or a.all().
2026-05-13 14:47:08.233 | WARNING  | app.engine.strategies.manager:evaluate_all:125 - strategy smart_trend raised: The truth value of a DataFrame is ambiguous. Use a.empty, a.bool(), a.item(), a.any() or a.all().
2026-05-13 14:47:13.676 | WARNING  | app.engine.strategies.manager:evaluate_all:125 - strategy smart_trend raised: The truth value of a DataFrame is ambiguous. Use a.empty, a.bool(), a.item(), a.any() or a.all().
2026-05-13 14:47:13.700 | WARNING  | app.engine.strategies.manager:evaluate_all:125 - strategy smart_trend raised: The truth value of a DataFrame is ambiguous. Use a.empty, a.bool(), a.item(), a.any() or a.all().
2026-05-13 14:47:13.937 | WARNING  | app.engine.strategies.manager:evaluate_all:125 - strategy smart_trend raised: The truth value of a DataFrame is ambiguous. Use a.empty, a.bool(), a.item(), a.any() or a.all().
2026-05-13 14:47:13.947 | WARNING  | app.engine.strategies.manager:evaluate_all:125 - strategy smart_trend raised: The truth value of a DataFrame is ambiguous. Use a.empty, a.bool(), a.item(), a.any() or a.all().
2026-05-13 14:47:19.198 | WARNING  | app.engine.strategies.manager:evaluate_all:125 - strategy smart_trend raised: The truth value of a DataFrame is ambiguous. Use a.empty, a.bool(), a.item(), a.any() or a.all().
2026-05-13 14:47:19.215 | WARNING  | app.engine.strategies.manager:evaluate_all:125 - strategy smart_trend raised: The truth value of a DataFrame is ambiguous. Use a.empty, a.bool(), a.item(), a.any() or a.all().
2026-05-13 14:47:19.233 | WARNING  | app.engine.strategies.manager:evaluate_all:125 - strategy smart_trend raised: The truth value of a DataFrame is ambiguous. Use a.empty, a.bool(), a.item(), a.any() or a.all().
2026-05-13 14:47:19.245 | WARNING  | app.engine.strategies.manager:evaluate_all:125 - strategy smart_trend raised: The truth value of a DataFrame is ambiguous. Use a.empty, a.bool(), a.item(), a.any() or a.all().
2026-05-13 14:47:24.266 | WARNING  | app.engine.strategies.manager:evaluate_all:125 - strategy smart_trend raised: The truth value of a DataFrame is ambiguous. Use a.empty, a.bool(), a.item(), a.any() or a.all().
2026-05-13 14:47:24.289 | WARNING  | app.engine.strategies.manager:evaluate_all:125 - strategy smart_trend raised: The truth value of a DataFrame is ambiguous. Use a.empty, a.bool(), a.item(), a.any() or a.all().
2026-05-13 14:47:24.302 | WARNING  | app.engine.strategies.manager:evaluate_all:125 - strategy smart_trend raised: The truth value of a DataFrame is ambiguous. Use a.empty, a.bool(), a.item(), a.any() or a.all().
2026-05-13 14:47:24.311 | WARNING  | app.engine.strategies.manager:evaluate_all:125 - strategy smart_trend raised: The truth value of a DataFrame is ambiguous. Use a.empty, a.bool(), a.item(), a.any() or a.all().
2026-05-13 14:47:29.322 | WARNING  | app.engine.strategies.manager:evaluate_all:125 - strategy smart_trend raised: The truth value of a DataFrame is ambiguous. Use a.empty, a.bool(), a.item(), a.any() or a.all().
2026-05-13 14:47:29.339 | WARNING  | app.engine.strategies.manager:evaluate_all:125 - strategy smart_trend raised: The truth value of a DataFrame is ambiguous. Use a.empty, a.bool(), a.item(), a.any() or a.all().
2026-05-13 14:47:29.351 | WARNING  | app.engine.strategies.manager:evaluate_all:125 - strategy smart_trend raised: The truth value of a DataFrame is ambiguous. Use a.empty, a.bool(), a.item(), a.any() or a.all().
2026-05-13 14:47:29.362 | WARNING  | app.engine.strategies.manager:evaluate_all:125 - strategy smart_trend raised: The truth value of a DataFrame is ambiguous. Use a.empty, a.bool(), a.item(), a.any() or a.all().
2026-05-13 14:47:34.781 | WARNING  | app.engine.strategies.manager:evaluate_all:125 - strategy smart_trend raised: The truth value of a DataFrame is ambiguous. Use a.empty, a.bool(), a.item(), a.any() or a.all().
2026-05-13 14:47:34.797 | WARNING  | app.engine.strategies.manager:evaluate_all:125 - strategy smart_trend raised: The truth value of a DataFrame is ambiguous. Use a.empty, a.bool(), a.item(), a.any() or a.all().
2026-05-13 14:47:35.058 | WARNING  | app.engine.strategies.manager:evaluate_all:125 - strategy smart_trend raised: The truth value of a DataFrame is ambiguous. Use a.empty, a.bool(), a.item(), a.any() or a.all().
2026-05-13 14:47:35.070 | WARNING  | app.engine.strategies.manager:evaluate_all:125 - strategy smart_trend raised: The truth value of a DataFrame is ambiguous. Use a.empty, a.bool(), a.item(), a.any() or a.all().
2026-05-13 14:47:40.335 | WARNING  | app.engine.strategies.manager:evaluate_all:125 - strategy smart_trend raised: The truth value of a DataFrame is ambiguous. Use a.empty, a.bool(), a.item(), a.any() or a.all().
2026-05-13 14:47:40.352 | WARNING  | app.engine.strategies.manager:evaluate_all:125 - strategy smart_trend raised: The truth value of a DataFrame is ambiguous. Use a.empty, a.bool(), a.item(), a.any() or a.all().
2026-05-13 14:47:40.364 | WARNING  | app.engine.strategies.manager:evaluate_all:125 - strategy smart_trend raised: The truth value of a DataFrame is ambiguous. Use a.empty, a.bool(), a.item(), a.any() or a.all().
2026-05-13 14:47:40.376 | WARNING  | app.engine.strategies.manager:evaluate_all:125 - strategy smart_trend raised: The truth value of a DataFrame is ambiguous. Use a.empty, a.bool(), a.item(), a.any() or a.all().
2026-05-13 14:47:45.388 | WARNING  | app.engine.strategies.manager:evaluate_all:125 - strategy smart_trend raised: The truth value of a DataFrame is ambiguous. Use a.empty, a.bool(), a.item(), a.any() or a.all().
2026-05-13 14:47:45.405 | WARNING  | app.engine.strategies.manager:evaluate_all:125 - strategy smart_trend raised: The truth value of a DataFrame is ambiguous. Use a.empty, a.bool(), a.item(), a.any() or a.all().
2026-05-13 14:47:45.417 | WARNING  | app.engine.strategies.manager:evaluate_all:125 - strategy smart_trend raised: The truth value of a DataFrame is ambiguous. Use a.empty, a.bool(), a.item(), a.any() or a.all().
2026-05-13 14:47:45.427 | WARNING  | app.engine.strategies.manager:evaluate_all:125 - strategy smart_trend raised: The truth value of a DataFrame is ambiguous. Use a.empty, a.bool(), a.item(), a.any() or a.all().
2026-05-13 14:47:50.422 | WARNING  | app.engine.strategies.manager:evaluate_all:125 - strategy smart_trend raised: The truth value of a DataFrame is ambiguous. Use a.empty, a.bool(), a.item(), a.any() or a.all().
2026-05-13 14:47:50.435 | WARNING  | app.engine.strategies.manager:evaluate_all:125 - strategy smart_trend raised: The truth value of a DataFrame is ambiguous. Use a.empty, a.bool(), a.item(), a.any() or a.all().
2026-05-13 14:47:50.448 | WARNING  | app.engine.strategies.manager:evaluate_all:125 - strategy smart_trend raised: The truth value of a DataFrame is ambiguous. Use a.empty, a.bool(), a.item(), a.any() or a.all().
2026-05-13 14:47:50.460 | WARNING  | app.engine.strategies.manager:evaluate_all:125 - strategy smart_trend raised: The truth value of a DataFrame is ambiguous. Use a.empty, a.bool(), a.item(), a.any() or a.all().
2026-05-13 14:47:55.946 | WARNING  | app.engine.strategies.manager:evaluate_all:125 - strategy smart_trend raised: The truth value of a DataFrame is ambiguous. Use a.empty, a.bool(), a.item(), a.any() or a.all().
2026-05-13 14:47:55.965 | WARNING  | app.engine.strategies.manager:evaluate_all:125 - strategy smart_trend raised: The truth value of a DataFrame is ambiguous. Use a.empty, a.bool(), a.item(), a.any() or a.all().
2026-05-13 14:48:01.444 | WARNING  | app.engine.strategies.manager:evaluate_all:125 - strategy smart_trend raised: The truth value of a DataFrame is ambiguous. Use a.empty, a.bool(), a.item(), a.any() or a.all().
2026-05-13 14:48:01.491 | WARNING  | app.engine.strategies.manager:evaluate_all:125 - strategy smart_trend raised: The truth value of a DataFrame is ambiguous. Use a.empty, a.bool(), a.item(), a.any() or a.all().
2026-05-13 14:48:06.488 | WARNING  | app.engine.strategies.manager:evaluate_all:125 - strategy smart_trend raised: The truth value of a DataFrame is ambiguous. Use a.empty, a.bool(), a.item(), a.any() or a.all().
2026-05-13 14:48:06.513 | WARNING  | app.engine.strategies.manager:evaluate_all:125 - strategy smart_trend raised: The truth value of a DataFrame is ambiguous. Use a.empty, a.bool(), a.item(), a.any() or a.all().
2026-05-13 14:48:11.526 | WARNING  | app.engine.strategies.manager:evaluate_all:125 - strategy smart_trend raised: The truth value of a DataFrame is ambiguous. Use a.empty, a.bool(), a.item(), a.any() or a.all().
2026-05-13 14:48:11.548 | WARNING  | app.engine.strategies.manager:evaluate_all:125 - strategy smart_trend raised: The truth value of a DataFrame is ambiguous. Use a.empty, a.bool(), a.item(), a.any() or a.all().
2026-05-13 14:48:17.163 | WARNING  | app.engine.strategies.manager:evaluate_all:125 - strategy smart_trend raised: The truth value of a DataFrame is ambiguous. Use a.empty, a.bool(), a.item(), a.any() or a.all().
2026-05-13 14:48:17.182 | WARNING  | app.engine.strategies.manager:evaluate_all:125 - strategy smart_trend raised: The truth value of a DataFrame is ambiguous. Use a.empty, a.bool(), a.item(), a.any() or a.all().
2026-05-13 14:48:22.659 | WARNING  | app.engine.strategies.manager:evaluate_all:125 - strategy smart_trend raised: The truth value of a DataFrame is ambiguous. Use a.empty, a.bool(), a.item(), a.any() or a.all().
2026-05-13 14:48:22.687 | WARNING  | app.engine.strategies.manager:evaluate_all:125 - strategy smart_trend raised: The truth value of a DataFrame is ambiguous. Use a.empty, a.bool(), a.item(), a.any() or a.all().
2026-05-13 14:48:27.705 | WARNING  | app.engine.strategies.manager:evaluate_all:125 - strategy smart_trend raised: The truth value of a DataFrame is ambiguous. Use a.empty, a.bool(), a.item(), a.any() or a.all().
2026-05-13 14:48:27.742 | WARNING  | app.engine.strategies.manager:evaluate_all:125 - strategy smart_trend raised: The truth value of a DataFrame is ambiguous. Use a.empty, a.bool(), a.item(), a.any() or a.all().
2026-05-13 14:48:32.753 | WARNING  | app.engine.strategies.manager:evaluate_all:125 - strategy smart_trend raised: The truth value of a DataFrame is ambiguous. Use a.empty, a.bool(), a.item(), a.any() or a.all().
2026-05-13 14:48:32.784 | WARNING  | app.engine.strategies.manager:evaluate_all:125 - strategy smart_trend raised: The truth value of a DataFrame is ambiguous. Use a.empty, a.bool(), a.item(), a.any() or a.all().
2026-05-13 14:48:38.194 | WARNING  | app.engine.strategies.manager:evaluate_all:125 - strategy smart_trend raised: The truth value of a DataFrame is ambiguous. Use a.empty, a.bool(), a.item(), a.any() or a.all().
2026-05-13 14:48:38.208 | WARNING  | app.engine.strategies.manager:evaluate_all:125 - strategy smart_trend raised: The truth value of a DataFrame is ambiguous. Use a.empty, a.bool(), a.item(), a.any() or a.all().
2026-05-13 14:48:43.691 | WARNING  | app.engine.strategies.manager:evaluate_all:125 - strategy smart_trend raised: The truth value of a DataFrame is ambiguous. Use a.empty, a.bool(), a.item(), a.any() or a.all().
2026-05-13 14:48:43.715 | WARNING  | app.engine.strategies.manager:evaluate_all:125 - strategy smart_trend raised: The truth value of a DataFrame is ambiguous. Use a.empty, a.bool(), a.item(), a.any() or a.all().
2026-05-13 14:48:48.755 | WARNING  | app.engine.strategies.manager:evaluate_all:125 - strategy smart_trend raised: The truth value of a DataFrame is ambiguous. Use a.empty, a.bool(), a.item(), a.any() or a.all().
2026-05-13 14:48:48.784 | WARNING  | app.engine.strategies.manager:evaluate_all:125 - strategy smart_trend raised: The truth value of a DataFrame is ambiguous. Use a.empty, a.bool(), a.item(), a.any() or a.all().
2026-05-13 14:48:53.804 | WARNING  | app.engine.strategies.manager:evaluate_all:125 - strategy smart_trend raised: The truth value of a DataFrame is ambiguous. Use a.empty, a.bool(), a.item(), a.any() or a.all().
2026-05-13 14:48:53.829 | WARNING  | app.engine.strategies.manager:evaluate_all:125 - strategy smart_trend raised: The truth value of a DataFrame is ambiguous. Use a.empty, a.bool(), a.item(), a.any() or a.all().
2026-05-13 14:48:59.272 | WARNING  | app.engine.strategies.manager:evaluate_all:125 - strategy smart_trend raised: The truth value of a DataFrame is ambiguous. Use a.empty, a.bool(), a.item(), a.any() or a.all().
2026-05-13 14:48:59.287 | WARNING  | app.engine.strategies.manager:evaluate_all:125 - strategy smart_trend raised: The truth value of a DataFrame is ambiguous. Use a.empty, a.bool(), a.item(), a.any() or a.all().
2026-05-13 14:49:04.734 | WARNING  | app.engine.strategies.manager:evaluate_all:125 - strategy smart_trend raised: The truth value of a DataFrame is ambiguous. Use a.empty, a.bool(), a.item(), a.any() or a.all().
2026-05-13 14:49:04.755 | WARNING  | app.engine.strategies.manager:evaluate_all:125 - strategy smart_trend raised: The truth value of a DataFrame is ambiguous. Use a.empty, a.bool(), a.item(), a.any() or a.all().
2026-05-13 14:49:09.774 | WARNING  | app.engine.strategies.manager:evaluate_all:125 - strategy smart_trend raised: The truth value of a DataFrame is ambiguous. Use a.empty, a.bool(), a.item(), a.any() or a.all().
2026-05-13 14:49:09.809 | WARNING  | app.engine.strategies.manager:evaluate_all:125 - strategy smart_trend raised: The truth value of a DataFrame is ambiguous. Use a.empty, a.bool(), a.item(), a.any() or a.all().
2026-05-13 14:49:14.821 | WARNING  | app.engine.strategies.manager:evaluate_all:125 - strategy smart_trend raised: The truth value of a DataFrame is ambiguous. Use a.empty, a.bool(), a.item(), a.any() or a.all().
2026-05-13 14:49:14.849 | WARNING  | app.engine.strategies.manager:evaluate_all:125 - strategy smart_trend raised: The truth value of a DataFrame is ambiguous. Use a.empty, a.bool(), a.item(), a.any() or a.all().
2026-05-13 14:49:20.233 | WARNING  | app.engine.strategies.manager:evaluate_all:125 - strategy smart_trend raised: The truth value of a DataFrame is ambiguous. Use a.empty, a.bool(), a.item(), a.any() or a.all().
2026-05-13 14:49:20.294 | WARNING  | app.engine.strategies.manager:evaluate_all:125 - strategy smart_trend raised: The truth value of a DataFrame is ambiguous. Use a.empty, a.bool(), a.item(), a.any() or a.all().
2026-05-13 14:49:25.786 | WARNING  | app.engine.strategies.manager:evaluate_all:125 - strategy smart_trend raised: The truth value of a DataFrame is ambiguous. Use a.empty, a.bool(), a.item(), a.any() or a.all().
2026-05-13 14:49:25.819 | WARNING  | app.engine.strategies.manager:evaluate_all:125 - strategy smart_trend raised: The truth value of a DataFrame is ambiguous. Use a.empty, a.bool(), a.item(), a.any() or a.all().
2026-05-13 14:49:30.824 | WARNING  | app.engine.strategies.manager:evaluate_all:125 - strategy smart_trend raised: The truth value of a DataFrame is ambiguous. Use a.empty, a.bool(), a.item(), a.any() or a.all().
2026-05-13 14:49:30.845 | WARNING  | app.engine.strategies.manager:evaluate_all:125 - strategy smart_trend raised: The truth value of a DataFrame is ambiguous. Use a.empty, a.bool(), a.item(), a.any() or a.all().
2026-05-13 14:49:35.865 | WARNING  | app.engine.strategies.manager:evaluate_all:125 - strategy smart_trend raised: The truth value of a DataFrame is ambiguous. Use a.empty, a.bool(), a.item(), a.any() or a.all().
2026-05-13 14:49:35.897 | WARNING  | app.engine.strategies.manager:evaluate_all:125 - strategy smart_trend raised: The truth value of a DataFrame is ambiguous. Use a.empty, a.bool(), a.item(), a.any() or a.all().
2026-05-13 14:49:41.307 | WARNING  | app.engine.strategies.manager:evaluate_all:125 - strategy smart_trend raised: The truth value of a DataFrame is ambiguous. Use a.empty, a.bool(), a.item(), a.any() or a.all().
2026-05-13 14:49:41.323 | WARNING  | app.engine.strategies.manager:evaluate_all:125 - strategy smart_trend raised: The truth value of a DataFrame is ambiguous. Use a.empty, a.bool(), a.item(), a.any() or a.all().
2026-05-13 14:49:46.798 | WARNING  | app.engine.strategies.manager:evaluate_all:125 - strategy smart_trend raised: The truth value of a DataFrame is ambiguous. Use a.empty, a.bool(), a.item(), a.any() or a.all().
2026-05-13 14:49:46.826 | WARNING  | app.engine.strategies.manager:evaluate_all:125 - strategy smart_trend raised: The truth value of a DataFrame is ambiguous. Use a.empty, a.bool(), a.item(), a.any() or a.all().
2026-05-13 14:49:51.837 | WARNING  | app.engine.strategies.manager:evaluate_all:125 - strategy smart_trend raised: The truth value of a DataFrame is ambiguous. Use a.empty, a.bool(), a.item(), a.any() or a.all().
2026-05-13 14:49:51.863 | WARNING  | app.engine.strategies.manager:evaluate_all:125 - strategy smart_trend raised: The truth value of a DataFrame is ambiguous. Use a.empty, a.bool(), a.item(), a.any() or a.all().
2026-05-13 14:49:56.880 | WARNING  | app.engine.strategies.manager:evaluate_all:125 - strategy smart_trend raised: The truth value of a DataFrame is ambiguous. Use a.empty, a.bool(), a.item(), a.any() or a.all().
2026-05-13 14:49:56.917 | WARNING  | app.engine.strategies.manager:evaluate_all:125 - strategy smart_trend raised: The truth value of a DataFrame is ambiguous. Use a.empty, a.bool(), a.item(), a.any() or a.all().
2026-05-13 14:50:02.492 | WARNING  | app.engine.strategies.manager:evaluate_all:125 - strategy smart_trend raised: The truth value of a DataFrame is ambiguous. Use a.empty, a.bool(), a.item(), a.any() or a.all().
2026-05-13 14:50:02.511 | WARNING  | app.engine.strategies.manager:evaluate_all:125 - strategy smart_trend raised: The truth value of a DataFrame is ambiguous. Use a.empty, a.bool(), a.item(), a.any() or a.all().
2026-05-13 14:50:07.984 | WARNING  | app.engine.strategies.manager:evaluate_all:125 - strategy smart_trend raised: The truth value of a DataFrame is ambiguous. Use a.empty, a.bool(), a.item(), a.any() or a.all().
2026-05-13 14:50:08.026 | WARNING  | app.engine.strategies.manager:evaluate_all:125 - strategy smart_trend raised: The truth value of a DataFrame is ambiguous. Use a.empty, a.bool(), a.item(), a.any() or a.all().
2026-05-13 14:50:13.024 | WARNING  | app.engine.strategies.manager:evaluate_all:125 - strategy smart_trend raised: The truth value of a DataFrame is ambiguous. Use a.empty, a.bool(), a.item(), a.any() or a.all().
2026-05-13 14:50:13.053 | WARNING  | app.engine.strategies.manager:evaluate_all:125 - strategy smart_trend raised: The truth value of a DataFrame is ambiguous. Use a.empty, a.bool(), a.item(), a.any() or a.all().
2026-05-13 14:50:18.063 | WARNING  | app.engine.strategies.manager:evaluate_all:125 - strategy smart_trend raised: The truth value of a DataFrame is ambiguous. Use a.empty, a.bool(), a.item(), a.any() or a.all().
2026-05-13 14:50:18.087 | WARNING  | app.engine.strategies.manager:evaluate_all:125 - strategy smart_trend raised: The truth value of a DataFrame is ambiguous. Use a.empty, a.bool(), a.item(), a.any() or a.all().
2026-05-13 14:50:23.537 | WARNING  | app.engine.strategies.manager:evaluate_all:125 - strategy smart_trend raised: The truth value of a DataFrame is ambiguous. Use a.empty, a.bool(), a.item(), a.any() or a.all().
2026-05-13 14:50:23.547 | WARNING  | app.engine.strategies.manager:evaluate_all:125 - strategy smart_trend raised: The truth value of a DataFrame is ambiguous. Use a.empty, a.bool(), a.item(), a.any() or a.all().
2026-05-13 14:50:29.141 | WARNING  | app.engine.strategies.manager:evaluate_all:125 - strategy smart_trend raised: The truth value of a DataFrame is ambiguous. Use a.empty, a.bool(), a.item(), a.any() or a.all().
2026-05-13 14:50:29.173 | WARNING  | app.engine.strategies.manager:evaluate_all:125 - strategy smart_trend raised: The truth value of a DataFrame is ambiguous. Use a.empty, a.bool(), a.item(), a.any() or a.all().
2026-05-13 14:50:34.193 | WARNING  | app.engine.strategies.manager:evaluate_all:125 - strategy smart_trend raised: The truth value of a DataFrame is ambiguous. Use a.empty, a.bool(), a.item(), a.any() or a.all().
2026-05-13 14:50:34.221 | WARNING  | app.engine.strategies.manager:evaluate_all:125 - strategy smart_trend raised: The truth value of a DataFrame is ambiguous. Use a.empty, a.bool(), a.item(), a.any() or a.all().
2026-05-13 14:50:39.242 | WARNING  | app.engine.strategies.manager:evaluate_all:125 - strategy smart_trend raised: The truth value of a DataFrame is ambiguous. Use a.empty, a.bool(), a.item(), a.any() or a.all().
2026-05-13 14:50:39.274 | WARNING  | app.engine.strategies.manager:evaluate_all:125 - strategy smart_trend raised: The truth value of a DataFrame is ambiguous. Use a.empty, a.bool(), a.item(), a.any() or a.all().
2026-05-13 14:50:44.661 | WARNING  | app.engine.strategies.manager:evaluate_all:125 - strategy smart_trend raised: The truth value of a DataFrame is ambiguous. Use a.empty, a.bool(), a.item(), a.any() or a.all().
2026-05-13 14:50:44.681 | WARNING  | app.engine.strategies.manager:evaluate_all:125 - strategy smart_trend raised: The truth value of a DataFrame is ambiguous. Use a.empty, a.bool(), a.item(), a.any() or a.all().
2026-05-13 14:50:50.140 | WARNING  | app.engine.strategies.manager:evaluate_all:125 - strategy smart_trend raised: The truth value of a DataFrame is ambiguous. Use a.empty, a.bool(), a.item(), a.any() or a.all().
2026-05-13 14:50:50.170 | WARNING  | app.engine.strategies.manager:evaluate_all:125 - strategy smart_trend raised: The truth value of a DataFrame is ambiguous. Use a.empty, a.bool(), a.item(), a.any() or a.all().
2026-05-13 14:50:55.188 | WARNING  | app.engine.strategies.manager:evaluate_all:125 - strategy smart_trend raised: The truth value of a DataFrame is ambiguous. Use a.empty, a.bool(), a.item(), a.any() or a.all().
2026-05-13 14:50:55.223 | WARNING  | app.engine.strategies.manager:evaluate_all:125 - strategy smart_trend raised: The truth value of a DataFrame is ambiguous. Use a.empty, a.bool(), a.item(), a.any() or a.all().
2026-05-13 14:51:00.239 | WARNING  | app.engine.strategies.manager:evaluate_all:125 - strategy smart_trend raised: The truth value of a DataFrame is ambiguous. Use a.empty, a.bool(), a.item(), a.any() or a.all().
2026-05-13 14:51:00.281 | WARNING  | app.engine.strategies.manager:evaluate_all:125 - strategy smart_trend raised: The truth value of a DataFrame is ambiguous. Use a.empty, a.bool(), a.item(), a.any() or a.all().
2026-05-13 14:51:05.725 | WARNING  | app.engine.strategies.manager:evaluate_all:125 - strategy smart_trend raised: The truth value of a DataFrame is ambiguous. Use a.empty, a.bool(), a.item(), a.any() or a.all().
2026-05-13 14:51:05.742 | WARNING  | app.engine.strategies.manager:evaluate_all:125 - strategy smart_trend raised: The truth value of a DataFrame is ambiguous. Use a.empty, a.bool(), a.item(), a.any() or a.all().
2026-05-13 14:51:11.227 | WARNING  | app.engine.strategies.manager:evaluate_all:125 - strategy smart_trend raised: The truth value of a DataFrame is ambiguous. Use a.empty, a.bool(), a.item(), a.any() or a.all().
2026-05-13 14:51:11.252 | WARNING  | app.engine.strategies.manager:evaluate_all:125 - strategy smart_trend raised: The truth value of a DataFrame is ambiguous. Use a.empty, a.bool(), a.item(), a.any() or a.all().
2026-05-13 14:51:16.263 | WARNING  | app.engine.strategies.manager:evaluate_all:125 - strategy smart_trend raised: The truth value of a DataFrame is ambiguous. Use a.empty, a.bool(), a.item(), a.any() or a.all().
2026-05-13 14:51:16.293 | WARNING  | app.engine.strategies.manager:evaluate_all:125 - strategy smart_trend raised: The truth value of a DataFrame is ambiguous. Use a.empty, a.bool(), a.item(), a.any() or a.all().
2026-05-13 14:51:21.312 | WARNING  | app.engine.strategies.manager:evaluate_all:125 - strategy smart_trend raised: The truth value of a DataFrame is ambiguous. Use a.empty, a.bool(), a.item(), a.any() or a.all().
2026-05-13 14:51:21.328 | WARNING  | app.engine.strategies.manager:evaluate_all:125 - strategy smart_trend raised: The truth value of a DataFrame is ambiguous. Use a.empty, a.bool(), a.item(), a.any() or a.all().
2026-05-13 14:51:26.748 | WARNING  | app.engine.strategies.manager:evaluate_all:125 - strategy smart_trend raised: The truth value of a DataFrame is ambiguous. Use a.empty, a.bool(), a.item(), a.any() or a.all().
2026-05-13 14:51:26.776 | WARNING  | app.engine.strategies.manager:evaluate_all:125 - strategy smart_trend raised: The truth value of a DataFrame is ambiguous. Use a.empty, a.bool(), a.item(), a.any() or a.all().
2026-05-13 14:51:32.222 | WARNING  | app.engine.strategies.manager:evaluate_all:125 - strategy smart_trend raised: The truth value of a DataFrame is ambiguous. Use a.empty, a.bool(), a.item(), a.any() or a.all().
2026-05-13 14:51:32.253 | WARNING  | app.engine.strategies.manager:evaluate_all:125 - strategy smart_trend raised: The truth value of a DataFrame is ambiguous. Use a.empty, a.bool(), a.item(), a.any() or a.all().
2026-05-13 14:51:37.280 | WARNING  | app.engine.strategies.manager:evaluate_all:125 - strategy smart_trend raised: The truth value of a DataFrame is ambiguous. Use a.empty, a.bool(), a.item(), a.any() or a.all().
2026-05-13 14:51:37.312 | WARNING  | app.engine.strategies.manager:evaluate_all:125 - strategy smart_trend raised: The truth value of a DataFrame is ambiguous. Use a.empty, a.bool(), a.item(), a.any() or a.all().
2026-05-13 14:51:42.325 | WARNING  | app.engine.strategies.manager:evaluate_all:125 - strategy smart_trend raised: The truth value of a DataFrame is ambiguous. Use a.empty, a.bool(), a.item(), a.any() or a.all().
2026-05-13 14:51:42.354 | WARNING  | app.engine.strategies.manager:evaluate_all:125 - strategy smart_trend raised: The truth value of a DataFrame is ambiguous. Use a.empty, a.bool(), a.item(), a.any() or a.all().
2026-05-13 14:51:47.773 | WARNING  | app.engine.strategies.manager:evaluate_all:125 - strategy smart_trend raised: The truth value of a DataFrame is ambiguous. Use a.empty, a.bool(), a.item(), a.any() or a.all().
2026-05-13 14:51:47.789 | WARNING  | app.engine.strategies.manager:evaluate_all:125 - strategy smart_trend raised: The truth value of a DataFrame is ambiguous. Use a.empty, a.bool(), a.item(), a.any() or a.all().
2026-05-13 14:51:53.290 | WARNING  | app.engine.strategies.manager:evaluate_all:125 - strategy smart_trend raised: The truth value of a DataFrame is ambiguous. Use a.empty, a.bool(), a.item(), a.any() or a.all().
2026-05-13 14:51:53.311 | WARNING  | app.engine.strategies.manager:evaluate_all:125 - strategy smart_trend raised: The truth value of a DataFrame is ambiguous. Use a.empty, a.bool(), a.item(), a.any() or a.all().
2026-05-13 14:51:58.359 | WARNING  | app.engine.strategies.manager:evaluate_all:125 - strategy smart_trend raised: The truth value of a DataFrame is ambiguous. Use a.empty, a.bool(), a.item(), a.any() or a.all().
2026-05-13 14:51:58.386 | WARNING  | app.engine.strategies.manager:evaluate_all:125 - strategy smart_trend raised: The truth value of a DataFrame is ambiguous. Use a.empty, a.bool(), a.item(), a.any() or a.all().
2026-05-13 14:52:03.412 | WARNING  | app.engine.strategies.manager:evaluate_all:125 - strategy smart_trend raised: The truth value of a DataFrame is ambiguous. Use a.empty, a.bool(), a.item(), a.any() or a.all().
2026-05-13 14:52:03.444 | WARNING  | app.engine.strategies.manager:evaluate_all:125 - strategy smart_trend raised: The truth value of a DataFrame is ambiguous. Use a.empty, a.bool(), a.item(), a.any() or a.all().
2026-05-13 14:52:08.884 | WARNING  | app.engine.strategies.manager:evaluate_all:125 - strategy smart_trend raised: The truth value of a DataFrame is ambiguous. Use a.empty, a.bool(), a.item(), a.any() or a.all().
2026-05-13 14:52:09.144 | WARNING  | app.engine.strategies.manager:evaluate_all:125 - strategy smart_trend raised: The truth value of a DataFrame is ambiguous. Use a.empty, a.bool(), a.item(), a.any() or a.all().
2026-05-13 14:52:14.371 | WARNING  | app.engine.strategies.manager:evaluate_all:125 - strategy smart_trend raised: The truth value of a DataFrame is ambiguous. Use a.empty, a.bool(), a.item(), a.any() or a.all().
2026-05-13 14:52:14.394 | WARNING  | app.engine.strategies.manager:evaluate_all:125 - strategy smart_trend raised: The truth value of a DataFrame is ambiguous. Use a.empty, a.bool(), a.item(), a.any() or a.all().
2026-05-13 14:52:19.419 | WARNING  | app.engine.strategies.manager:evaluate_all:125 - strategy smart_trend raised: The truth value of a DataFrame is ambiguous. Use a.empty, a.bool(), a.item(), a.any() or a.all().
2026-05-13 14:52:19.450 | WARNING  | app.engine.strategies.manager:evaluate_all:125 - strategy smart_trend raised: The truth value of a DataFrame is ambiguous. Use a.empty, a.bool(), a.item(), a.any() or a.all().
2026-05-13 14:52:24.467 | WARNING  | app.engine.strategies.manager:evaluate_all:125 - strategy smart_trend raised: The truth value of a DataFrame is ambiguous. Use a.empty, a.bool(), a.item(), a.any() or a.all().
2026-05-13 14:52:24.487 | WARNING  | app.engine.strategies.manager:evaluate_all:125 - strategy smart_trend raised: The truth value of a DataFrame is ambiguous. Use a.empty, a.bool(), a.item(), a.any() or a.all().
2026-05-13 14:52:30.229 | WARNING  | app.engine.strategies.manager:evaluate_all:125 - strategy smart_trend raised: The truth value of a DataFrame is ambiguous. Use a.empty, a.bool(), a.item(), a.any() or a.all().
2026-05-13 14:52:30.242 | WARNING  | app.engine.strategies.manager:evaluate_all:125 - strategy smart_trend raised: The truth value of a DataFrame is ambiguous. Use a.empty, a.bool(), a.item(), a.any() or a.all().
2026-05-13 14:52:35.779 | WARNING  | app.engine.strategies.manager:evaluate_all:125 - strategy smart_trend raised: The truth value of a DataFrame is ambiguous. Use a.empty, a.bool(), a.item(), a.any() or a.all().
2026-05-13 14:52:35.812 | WARNING  | app.engine.strategies.manager:evaluate_all:125 - strategy smart_trend raised: The truth value of a DataFrame is ambiguous. Use a.empty, a.bool(), a.item(), a.any() or a.all().
2026-05-13 14:52:40.832 | WARNING  | app.engine.strategies.manager:evaluate_all:125 - strategy smart_trend raised: The truth value of a DataFrame is ambiguous. Use a.empty, a.bool(), a.item(), a.any() or a.all().
2026-05-13 14:52:40.861 | WARNING  | app.engine.strategies.manager:evaluate_all:125 - strategy smart_trend raised: The truth value of a DataFrame is ambiguous. Use a.empty, a.bool(), a.item(), a.any() or a.all().
2026-05-13 14:52:45.877 | WARNING  | app.engine.strategies.manager:evaluate_all:125 - strategy smart_trend raised: The truth value of a DataFrame is ambiguous. Use a.empty, a.bool(), a.item(), a.any() or a.all().
2026-05-13 14:52:45.901 | WARNING  | app.engine.strategies.manager:evaluate_all:125 - strategy smart_trend raised: The truth value of a DataFrame is ambiguous. Use a.empty, a.bool(), a.item(), a.any() or a.all().
2026-05-13 14:52:51.315 | WARNING  | app.engine.strategies.manager:evaluate_all:125 - strategy smart_trend raised: The truth value of a DataFrame is ambiguous. Use a.empty, a.bool(), a.item(), a.any() or a.all().
2026-05-13 14:52:51.340 | WARNING  | app.engine.strategies.manager:evaluate_all:125 - strategy smart_trend raised: The truth value of a DataFrame is ambiguous. Use a.empty, a.bool(), a.item(), a.any() or a.all().
2026-05-13 14:52:56.843 | WARNING  | app.engine.strategies.manager:evaluate_all:125 - strategy smart_trend raised: The truth value of a DataFrame is ambiguous. Use a.empty, a.bool(), a.item(), a.any() or a.all().
2026-05-13 14:52:56.856 | WARNING  | app.engine.strategies.manager:evaluate_all:125 - strategy smart_trend raised: The truth value of a DataFrame is ambiguous. Use a.empty, a.bool(), a.item(), a.any() or a.all().
2026-05-13 14:53:01.904 | WARNING  | app.engine.strategies.manager:evaluate_all:125 - strategy smart_trend raised: The truth value of a DataFrame is ambiguous. Use a.empty, a.bool(), a.item(), a.any() or a.all().
2026-05-13 14:53:01.940 | WARNING  | app.engine.strategies.manager:evaluate_all:125 - strategy smart_trend raised: The truth value of a DataFrame is ambiguous. Use a.empty, a.bool(), a.item(), a.any() or a.all().
2026-05-13 14:53:06.967 | WARNING  | app.engine.strategies.manager:evaluate_all:125 - strategy smart_trend raised: The truth value of a DataFrame is ambiguous. Use a.empty, a.bool(), a.item(), a.any() or a.all().
2026-05-13 14:53:07.009 | WARNING  | app.engine.strategies.manager:evaluate_all:125 - strategy smart_trend raised: The truth value of a DataFrame is ambiguous. Use a.empty, a.bool(), a.item(), a.any() or a.all().
2026-05-13 14:53:12.486 | WARNING  | app.engine.strategies.manager:evaluate_all:125 - strategy smart_trend raised: The truth value of a DataFrame is ambiguous. Use a.empty, a.bool(), a.item(), a.any() or a.all().
2026-05-13 14:53:12.509 | WARNING  | app.engine.strategies.manager:evaluate_all:125 - strategy smart_trend raised: The truth value of a DataFrame is ambiguous. Use a.empty, a.bool(), a.item(), a.any() or a.all().
2026-05-13 14:53:18.022 | WARNING  | app.engine.strategies.manager:evaluate_all:125 - strategy smart_trend raised: The truth value of a DataFrame is ambiguous. Use a.empty, a.bool(), a.item(), a.any() or a.all().
2026-05-13 14:53:18.047 | WARNING  | app.engine.strategies.manager:evaluate_all:125 - strategy smart_trend raised: The truth value of a DataFrame is ambiguous. Use a.empty, a.bool(), a.item(), a.any() or a.all().
2026-05-13 14:53:23.065 | WARNING  | app.engine.strategies.manager:evaluate_all:125 - strategy smart_trend raised: The truth value of a DataFrame is ambiguous. Use a.empty, a.bool(), a.item(), a.any() or a.all().
2026-05-13 14:53:23.091 | WARNING  | app.engine.strategies.manager:evaluate_all:125 - strategy smart_trend raised: The truth value of a DataFrame is ambiguous. Use a.empty, a.bool(), a.item(), a.any() or a.all().
2026-05-13 14:53:28.123 | WARNING  | app.engine.strategies.manager:evaluate_all:125 - strategy smart_trend raised: The truth value of a DataFrame is ambiguous. Use a.empty, a.bool(), a.item(), a.any() or a.all().
2026-05-13 14:53:28.148 | WARNING  | app.engine.strategies.manager:evaluate_all:125 - strategy smart_trend raised: The truth value of a DataFrame is ambiguous. Use a.empty, a.bool(), a.item(), a.any() or a.all().
2026-05-13 14:53:33.594 | WARNING  | app.engine.strategies.manager:evaluate_all:125 - strategy smart_trend raised: The truth value of a DataFrame is ambiguous. Use a.empty, a.bool(), a.item(), a.any() or a.all().
2026-05-13 14:53:33.611 | WARNING  | app.engine.strategies.manager:evaluate_all:125 - strategy smart_trend raised: The truth value of a DataFrame is ambiguous. Use a.empty, a.bool(), a.item(), a.any() or a.all().
2026-05-13 14:53:39.099 | WARNING  | app.engine.strategies.manager:evaluate_all:125 - strategy smart_trend raised: The truth value of a DataFrame is ambiguous. Use a.empty, a.bool(), a.item(), a.any() or a.all().
2026-05-13 14:53:39.126 | WARNING  | app.engine.strategies.manager:evaluate_all:125 - strategy smart_trend raised: The truth value of a DataFrame is ambiguous. Use a.empty, a.bool(), a.item(), a.any() or a.all().
2026-05-13 14:53:44.149 | WARNING  | app.engine.strategies.manager:evaluate_all:125 - strategy smart_trend raised: The truth value of a DataFrame is ambiguous. Use a.empty, a.bool(), a.item(), a.any() or a.all().
2026-05-13 14:53:44.175 | WARNING  | app.engine.strategies.manager:evaluate_all:125 - strategy smart_trend raised: The truth value of a DataFrame is ambiguous. Use a.empty, a.bool(), a.item(), a.any() or a.all().
2026-05-13 14:53:49.196 | WARNING  | app.engine.strategies.manager:evaluate_all:125 - strategy smart_trend raised: The truth value of a DataFrame is ambiguous. Use a.empty, a.bool(), a.item(), a.any() or a.all().
2026-05-13 14:53:49.234 | WARNING  | app.engine.strategies.manager:evaluate_all:125 - strategy smart_trend raised: The truth value of a DataFrame is ambiguous. Use a.empty, a.bool(), a.item(), a.any() or a.all().
2026-05-13 14:53:54.720 | WARNING  | app.engine.strategies.manager:evaluate_all:125 - strategy smart_trend raised: The truth value of a DataFrame is ambiguous. Use a.empty, a.bool(), a.item(), a.any() or a.all().
2026-05-13 14:53:54.731 | WARNING  | app.engine.strategies.manager:evaluate_all:125 - strategy smart_trend raised: The truth value of a DataFrame is ambiguous. Use a.empty, a.bool(), a.item(), a.any() or a.all().
2026-05-13 14:54:00.217 | WARNING  | app.engine.strategies.manager:evaluate_all:125 - strategy smart_trend raised: The truth value of a DataFrame is ambiguous. Use a.empty, a.bool(), a.item(), a.any() or a.all().
2026-05-13 14:54:00.290 | WARNING  | app.engine.strategies.manager:evaluate_all:125 - strategy smart_trend raised: The truth value of a DataFrame is ambiguous. Use a.empty, a.bool(), a.item(), a.any() or a.all().
2026-05-13 14:54:05.310 | WARNING  | app.engine.strategies.manager:evaluate_all:125 - strategy smart_trend raised: The truth value of a DataFrame is ambiguous. Use a.empty, a.bool(), a.item(), a.any() or a.all().
2026-05-13 14:54:05.333 | WARNING  | app.engine.strategies.manager:evaluate_all:125 - strategy smart_trend raised: The truth value of a DataFrame is ambiguous. Use a.empty, a.bool(), a.item(), a.any() or a.all().
2026-05-13 14:54:10.357 | WARNING  | app.engine.strategies.manager:evaluate_all:125 - strategy smart_trend raised: The truth value of a DataFrame is ambiguous. Use a.empty, a.bool(), a.item(), a.any() or a.all().
2026-05-13 14:54:10.389 | WARNING  | app.engine.strategies.manager:evaluate_all:125 - strategy smart_trend raised: The truth value of a DataFrame is ambiguous. Use a.empty, a.bool(), a.item(), a.any() or a.all().
2026-05-13 14:54:15.862 | WARNING  | app.engine.strategies.manager:evaluate_all:125 - strategy smart_trend raised: The truth value of a DataFrame is ambiguous. Use a.empty, a.bool(), a.item(), a.any() or a.all().
2026-05-13 14:54:15.886 | WARNING  | app.engine.strategies.manager:evaluate_all:125 - strategy smart_trend raised: The truth value of a DataFrame is ambiguous. Use a.empty, a.bool(), a.item(), a.any() or a.all().
2026-05-13 14:54:21.443 | WARNING  | app.engine.strategies.manager:evaluate_all:125 - strategy smart_trend raised: The truth value of a DataFrame is ambiguous. Use a.empty, a.bool(), a.item(), a.any() or a.all().
2026-05-13 14:54:21.464 | WARNING  | app.engine.strategies.manager:evaluate_all:125 - strategy smart_trend raised: The truth value of a DataFrame is ambiguous. Use a.empty, a.bool(), a.item(), a.any() or a.all().
2026-05-13 14:54:26.486 | WARNING  | app.engine.strategies.manager:evaluate_all:125 - strategy smart_trend raised: The truth value of a DataFrame is ambiguous. Use a.empty, a.bool(), a.item(), a.any() or a.all().
2026-05-13 14:54:26.514 | WARNING  | app.engine.strategies.manager:evaluate_all:125 - strategy smart_trend raised: The truth value of a DataFrame is ambiguous. Use a.empty, a.bool(), a.item(), a.any() or a.all().
2026-05-13 14:54:31.533 | WARNING  | app.engine.strategies.manager:evaluate_all:125 - strategy smart_trend raised: The truth value of a DataFrame is ambiguous. Use a.empty, a.bool(), a.item(), a.any() or a.all().
2026-05-13 14:54:31.564 | WARNING  | app.engine.strategies.manager:evaluate_all:125 - strategy smart_trend raised: The truth value of a DataFrame is ambiguous. Use a.empty, a.bool(), a.item(), a.any() or a.all().
2026-05-13 14:54:36.958 | WARNING  | app.engine.strategies.manager:evaluate_all:125 - strategy smart_trend raised: The truth value of a DataFrame is ambiguous. Use a.empty, a.bool(), a.item(), a.any() or a.all().
2026-05-13 14:54:36.986 | WARNING  | app.engine.strategies.manager:evaluate_all:125 - strategy smart_trend raised: The truth value of a DataFrame is ambiguous. Use a.empty, a.bool(), a.item(), a.any() or a.all().
2026-05-13 14:54:42.397 | WARNING  | app.engine.strategies.manager:evaluate_all:125 - strategy smart_trend raised: The truth value of a DataFrame is ambiguous. Use a.empty, a.bool(), a.item(), a.any() or a.all().
2026-05-13 14:54:42.437 | WARNING  | app.engine.strategies.manager:evaluate_all:125 - strategy smart_trend raised: The truth value of a DataFrame is ambiguous. Use a.empty, a.bool(), a.item(), a.any() or a.all().
2026-05-13 14:54:47.450 | WARNING  | app.engine.strategies.manager:evaluate_all:125 - strategy smart_trend raised: The truth value of a DataFrame is ambiguous. Use a.empty, a.bool(), a.item(), a.any() or a.all().
2026-05-13 14:54:47.480 | WARNING  | app.engine.strategies.manager:evaluate_all:125 - strategy smart_trend raised: The truth value of a DataFrame is ambiguous. Use a.empty, a.bool(), a.item(), a.any() or a.all().
2026-05-13 14:54:52.505 | WARNING  | app.engine.strategies.manager:evaluate_all:125 - strategy smart_trend raised: The truth value of a DataFrame is ambiguous. Use a.empty, a.bool(), a.item(), a.any() or a.all().
2026-05-13 14:54:52.638 | WARNING  | app.engine.strategies.manager:evaluate_all:125 - strategy smart_trend raised: The truth value of a DataFrame is ambiguous. Use a.empty, a.bool(), a.item(), a.any() or a.all().
2026-05-13 14:54:58.045 | WARNING  | app.engine.strategies.manager:evaluate_all:125 - strategy smart_trend raised: The truth value of a DataFrame is ambiguous. Use a.empty, a.bool(), a.item(), a.any() or a.all().
2026-05-13 14:54:58.088 | WARNING  | app.engine.strategies.manager:evaluate_all:125 - strategy smart_trend raised: The truth value of a DataFrame is ambiguous. Use a.empty, a.bool(), a.item(), a.any() or a.all().
2026-05-13 14:55:03.509 | WARNING  | app.engine.strategies.manager:evaluate_all:125 - strategy smart_trend raised: The truth value of a DataFrame is ambiguous. Use a.empty, a.bool(), a.item(), a.any() or a.all().
2026-05-13 14:55:03.636 | WARNING  | app.engine.strategies.manager:evaluate_all:125 - strategy smart_trend raised: The truth value of a DataFrame is ambiguous. Use a.empty, a.bool(), a.item(), a.any() or a.all().
2026-05-13 14:55:08.547 | WARNING  | app.engine.strategies.manager:evaluate_all:125 - strategy smart_trend raised: The truth value of a DataFrame is ambiguous. Use a.empty, a.bool(), a.item(), a.any() or a.all().
2026-05-13 14:55:08.670 | WARNING  | app.engine.strategies.manager:evaluate_all:125 - strategy smart_trend raised: The truth value of a DataFrame is ambiguous. Use a.empty, a.bool(), a.item(), a.any() or a.all().
2026-05-13 14:55:13.584 | WARNING  | app.engine.strategies.manager:evaluate_all:125 - strategy smart_trend raised: The truth value of a DataFrame is ambiguous. Use a.empty, a.bool(), a.item(), a.any() or a.all().
2026-05-13 14:55:13.707 | WARNING  | app.engine.strategies.manager:evaluate_all:125 - strategy smart_trend raised: The truth value of a DataFrame is ambiguous. Use a.empty, a.bool(), a.item(), a.any() or a.all().
2026-05-13 14:55:19.025 | WARNING  | app.engine.strategies.manager:evaluate_all:125 - strategy smart_trend raised: The truth value of a DataFrame is ambiguous. Use a.empty, a.bool(), a.item(), a.any() or a.all().
2026-05-13 14:55:19.125 | WARNING  | app.engine.strategies.manager:evaluate_all:125 - strategy smart_trend raised: The truth value of a DataFrame is ambiguous. Use a.empty, a.bool(), a.item(), a.any() or a.all().
2026-05-13 14:55:24.493 | WARNING  | app.engine.strategies.manager:evaluate_all:125 - strategy smart_trend raised: The truth value of a DataFrame is ambiguous. Use a.empty, a.bool(), a.item(), a.any() or a.all().
2026-05-13 14:55:24.596 | WARNING  | app.engine.strategies.manager:evaluate_all:125 - strategy smart_trend raised: The truth value of a DataFrame is ambiguous. Use a.empty, a.bool(), a.item(), a.any() or a.all().
2026-05-13 14:55:29.538 | WARNING  | app.engine.strategies.manager:evaluate_all:125 - strategy smart_trend raised: The truth value of a DataFrame is ambiguous. Use a.empty, a.bool(), a.item(), a.any() or a.all().
2026-05-13 14:55:29.628 | WARNING  | app.engine.strategies.manager:evaluate_all:125 - strategy smart_trend raised: The truth value of a DataFrame is ambiguous. Use a.empty, a.bool(), a.item(), a.any() or a.all().
2026-05-13 14:55:34.580 | WARNING  | app.engine.strategies.manager:evaluate_all:125 - strategy smart_trend raised: The truth value of a DataFrame is ambiguous. Use a.empty, a.bool(), a.item(), a.any() or a.all().
2026-05-13 14:55:34.659 | WARNING  | app.engine.strategies.manager:evaluate_all:125 - strategy smart_trend raised: The truth value of a DataFrame is ambiguous. Use a.empty, a.bool(), a.item(), a.any() or a.all().
2026-05-13 14:55:39.605 | INFO     | app.engine.orchestrator:_run_window:217 - window 401f3188 deadline reached — closing positions
2026-05-13 14:55:40.090 | WARNING  | app.engine.strategies.manager:evaluate_all:125 - strategy smart_trend raised: The truth value of a DataFrame is ambiguous. Use a.empty, a.bool(), a.item(), a.any() or a.all().
2026-05-13 14:55:45.369 | WARNING  | app.engine.strategies.manager:evaluate_all:125 - strategy smart_trend raised: The truth value of a DataFrame is ambiguous. Use a.empty, a.bool(), a.item(), a.any() or a.all().
2026-05-13 14:55:50.423 | WARNING  | app.engine.strategies.manager:evaluate_all:125 - strategy smart_trend raised: The truth value of a DataFrame is ambiguous. Use a.empty, a.bool(), a.item(), a.any() or a.all().
2026-05-13 14:55:55.462 | WARNING  | app.engine.strategies.manager:evaluate_all:125 - strategy smart_trend raised: The truth value of a DataFrame is ambiguous. Use a.empty, a.bool(), a.item(), a.any() or a.all().
2026-05-13 14:56:00.915 | WARNING  | app.engine.strategies.manager:evaluate_all:125 - strategy smart_trend raised: The truth value of a DataFrame is ambiguous. Use a.empty, a.bool(), a.item(), a.any() or a.all().
2026-05-13 14:56:06.403 | WARNING  | app.engine.strategies.manager:evaluate_all:125 - strategy smart_trend raised: The truth value of a DataFrame is ambiguous. Use a.empty, a.bool(), a.item(), a.any() or a.all().
2026-05-13 14:56:11.439 | WARNING  | app.engine.strategies.manager:evaluate_all:125 - strategy smart_trend raised: The truth value of a DataFrame is ambiguous. Use a.empty, a.bool(), a.item(), a.any() or a.all().
2026-05-13 14:56:16.480 | WARNING  | app.engine.strategies.manager:evaluate_all:125 - strategy smart_trend raised: The truth value of a DataFrame is ambiguous. Use a.empty, a.bool(), a.item(), a.any() or a.all().
2026-05-13 14:56:22.035 | WARNING  | app.engine.strategies.manager:evaluate_all:125 - strategy smart_trend raised: The truth value of a DataFrame is ambiguous. Use a.empty, a.bool(), a.item(), a.any() or a.all().
2026-05-13 14:56:27.540 | WARNING  | app.engine.strategies.manager:evaluate_all:125 - strategy smart_trend raised: The truth value of a DataFrame is ambiguous. Use a.empty, a.bool(), a.item(), a.any() or a.all().
2026-05-13 14:56:32.581 | WARNING  | app.engine.strategies.manager:evaluate_all:125 - strategy smart_trend raised: The truth value of a DataFrame is ambiguous. Use a.empty, a.bool(), a.item(), a.any() or a.all().
2026-05-13 14:56:37.619 | WARNING  | app.engine.strategies.manager:evaluate_all:125 - strategy smart_trend raised: The truth value of a DataFrame is ambiguous. Use a.empty, a.bool(), a.item(), a.any() or a.all().
2026-05-13 14:56:43.080 | WARNING  | app.engine.strategies.manager:evaluate_all:125 - strategy smart_trend raised: The truth value of a DataFrame is ambiguous. Use a.empty, a.bool(), a.item(), a.any() or a.all().
2026-05-13 14:56:48.567 | WARNING  | app.engine.strategies.manager:evaluate_all:125 - strategy smart_trend raised: The truth value of a DataFrame is ambiguous. Use a.empty, a.bool(), a.item(), a.any() or a.all().
2026-05-13 14:56:53.606 | WARNING  | app.engine.strategies.manager:evaluate_all:125 - strategy smart_trend raised: The truth value of a DataFrame is ambiguous. Use a.empty, a.bool(), a.item(), a.any() or a.all().
2026-05-13 14:56:58.647 | WARNING  | app.engine.strategies.manager:evaluate_all:125 - strategy smart_trend raised: The truth value of a DataFrame is ambiguous. Use a.empty, a.bool(), a.item(), a.any() or a.all().
2026-05-13 14:57:04.107 | WARNING  | app.engine.strategies.manager:evaluate_all:125 - strategy smart_trend raised: The truth value of a DataFrame is ambiguous. Use a.empty, a.bool(), a.item(), a.any() or a.all().
2026-05-13 14:57:09.676 | WARNING  | app.engine.strategies.manager:evaluate_all:125 - strategy smart_trend raised: The truth value of a DataFrame is ambiguous. Use a.empty, a.bool(), a.item(), a.any() or a.all().
2026-05-13 14:57:14.734 | WARNING  | app.engine.strategies.manager:evaluate_all:125 - strategy smart_trend raised: The truth value of a DataFrame is ambiguous. Use a.empty, a.bool(), a.item(), a.any() or a.all().
2026-05-13 14:57:19.786 | WARNING  | app.engine.strategies.manager:evaluate_all:125 - strategy smart_trend raised: The truth value of a DataFrame is ambiguous. Use a.empty, a.bool(), a.item(), a.any() or a.all().
2026-05-13 14:57:25.273 | WARNING  | app.engine.strategies.manager:evaluate_all:125 - strategy smart_trend raised: The truth value of a DataFrame is ambiguous. Use a.empty, a.bool(), a.item(), a.any() or a.all().
2026-05-13 14:57:30.741 | WARNING  | app.engine.strategies.manager:evaluate_all:125 - strategy smart_trend raised: The truth value of a DataFrame is ambiguous. Use a.empty, a.bool(), a.item(), a.any() or a.all().
2026-05-13 14:57:35.793 | WARNING  | app.engine.strategies.manager:evaluate_all:125 - strategy smart_trend raised: The truth value of a DataFrame is ambiguous. Use a.empty, a.bool(), a.item(), a.any() or a.all().
2026-05-13 14:57:40.838 | WARNING  | app.engine.strategies.manager:evaluate_all:125 - strategy smart_trend raised: The truth value of a DataFrame is ambiguous. Use a.empty, a.bool(), a.item(), a.any() or a.all().
2026-05-13 14:57:46.308 | WARNING  | app.engine.strategies.manager:evaluate_all:125 - strategy smart_trend raised: The truth value of a DataFrame is ambiguous. Use a.empty, a.bool(), a.item(), a.any() or a.all().
2026-05-13 14:57:51.793 | WARNING  | app.engine.strategies.manager:evaluate_all:125 - strategy smart_trend raised: The truth value of a DataFrame is ambiguous. Use a.empty, a.bool(), a.item(), a.any() or a.all().
2026-05-13 14:57:56.843 | WARNING  | app.engine.strategies.manager:evaluate_all:125 - strategy smart_trend raised: The truth value of a DataFrame is ambiguous. Use a.empty, a.bool(), a.item(), a.any() or a.all().
2026-05-13 14:58:01.887 | WARNING  | app.engine.strategies.manager:evaluate_all:125 - strategy smart_trend raised: The truth value of a DataFrame is ambiguous. Use a.empty, a.bool(), a.item(), a.any() or a.all().
2026-05-13 14:58:07.332 | WARNING  | app.engine.strategies.manager:evaluate_all:125 - strategy smart_trend raised: The truth value of a DataFrame is ambiguous. Use a.empty, a.bool(), a.item(), a.any() or a.all().
2026-05-13 14:58:12.807 | WARNING  | app.engine.strategies.manager:evaluate_all:125 - strategy smart_trend raised: The truth value of a DataFrame is ambiguous. Use a.empty, a.bool(), a.item(), a.any() or a.all().
2026-05-13 14:58:17.853 | WARNING  | app.engine.strategies.manager:evaluate_all:125 - strategy smart_trend raised: The truth value of a DataFrame is ambiguous. Use a.empty, a.bool(), a.item(), a.any() or a.all().
2026-05-13 14:58:22.900 | WARNING  | app.engine.strategies.manager:evaluate_all:125 - strategy smart_trend raised: The truth value of a DataFrame is ambiguous. Use a.empty, a.bool(), a.item(), a.any() or a.all().
2026-05-13 14:58:28.368 | WARNING  | app.engine.strategies.manager:evaluate_all:125 - strategy smart_trend raised: The truth value of a DataFrame is ambiguous. Use a.empty, a.bool(), a.item(), a.any() or a.all().
2026-05-13 14:58:34.031 | WARNING  | app.engine.strategies.manager:evaluate_all:125 - strategy smart_trend raised: The truth value of a DataFrame is ambiguous. Use a.empty, a.bool(), a.item(), a.any() or a.all().
2026-05-13 14:58:39.072 | WARNING  | app.engine.strategies.manager:evaluate_all:125 - strategy smart_trend raised: The truth value of a DataFrame is ambiguous. Use a.empty, a.bool(), a.item(), a.any() or a.all().
2026-05-13 14:58:44.108 | WARNING  | app.engine.strategies.manager:evaluate_all:125 - strategy smart_trend raised: The truth value of a DataFrame is ambiguous. Use a.empty, a.bool(), a.item(), a.any() or a.all().
2026-05-13 14:58:49.537 | WARNING  | app.engine.strategies.manager:evaluate_all:125 - strategy smart_trend raised: The truth value of a DataFrame is ambiguous. Use a.empty, a.bool(), a.item(), a.any() or a.all().
2026-05-13 14:58:55.213 | WARNING  | app.engine.strategies.manager:evaluate_all:125 - strategy smart_trend raised: The truth value of a DataFrame is ambiguous. Use a.empty, a.bool(), a.item(), a.any() or a.all().
2026-05-13 14:59:00.341 | WARNING  | app.engine.strategies.manager:evaluate_all:125 - strategy smart_trend raised: The truth value of a DataFrame is ambiguous. Use a.empty, a.bool(), a.item(), a.any() or a.all().
2026-05-13 14:59:05.380 | WARNING  | app.engine.strategies.manager:evaluate_all:125 - strategy smart_trend raised: The truth value of a DataFrame is ambiguous. Use a.empty, a.bool(), a.item(), a.any() or a.all().
2026-05-13 14:59:10.863 | WARNING  | app.engine.strategies.manager:evaluate_all:125 - strategy smart_trend raised: The truth value of a DataFrame is ambiguous. Use a.empty, a.bool(), a.item(), a.any() or a.all().
2026-05-13 14:59:16.558 | WARNING  | app.engine.strategies.manager:evaluate_all:125 - strategy smart_trend raised: The truth value of a DataFrame is ambiguous. Use a.empty, a.bool(), a.item(), a.any() or a.all().
2026-05-13 14:59:21.603 | WARNING  | app.engine.strategies.manager:evaluate_all:125 - strategy smart_trend raised: The truth value of a DataFrame is ambiguous. Use a.empty, a.bool(), a.item(), a.any() or a.all().
2026-05-13 14:59:26.649 | WARNING  | app.engine.strategies.manager:evaluate_all:125 - strategy smart_trend raised: The truth value of a DataFrame is ambiguous. Use a.empty, a.bool(), a.item(), a.any() or a.all().
2026-05-13 14:59:32.128 | WARNING  | app.engine.strategies.manager:evaluate_all:125 - strategy smart_trend raised: The truth value of a DataFrame is ambiguous. Use a.empty, a.bool(), a.item(), a.any() or a.all().
2026-05-13 14:59:37.799 | WARNING  | app.engine.strategies.manager:evaluate_all:125 - strategy smart_trend raised: The truth value of a DataFrame is ambiguous. Use a.empty, a.bool(), a.item(), a.any() or a.all().
2026-05-13 14:59:42.832 | WARNING  | app.engine.strategies.manager:evaluate_all:125 - strategy smart_trend raised: The truth value of a DataFrame is ambiguous. Use a.empty, a.bool(), a.item(), a.any() or a.all().
2026-05-13 14:59:47.861 | WARNING  | app.engine.strategies.manager:evaluate_all:125 - strategy smart_trend raised: The truth value of a DataFrame is ambiguous. Use a.empty, a.bool(), a.item(), a.any() or a.all().
2026-05-13 14:59:53.293 | WARNING  | app.engine.strategies.manager:evaluate_all:125 - strategy smart_trend raised: The truth value of a DataFrame is ambiguous. Use a.empty, a.bool(), a.item(), a.any() or a.all().
2026-05-13 14:59:58.963 | WARNING  | app.engine.strategies.manager:evaluate_all:125 - strategy smart_trend raised: The truth value of a DataFrame is ambiguous. Use a.empty, a.bool(), a.item(), a.any() or a.all().
2026-05-13 15:00:04.012 | WARNING  | app.engine.strategies.manager:evaluate_all:125 - strategy smart_trend raised: The truth value of a DataFrame is ambiguous. Use a.empty, a.bool(), a.item(), a.any() or a.all().
2026-05-13 15:00:09.058 | WARNING  | app.engine.strategies.manager:evaluate_all:125 - strategy smart_trend raised: The truth value of a DataFrame is ambiguous. Use a.empty, a.bool(), a.item(), a.any() or a.all().
2026-05-13 15:00:14.481 | WARNING  | app.engine.strategies.manager:evaluate_all:125 - strategy smart_trend raised: The truth value of a DataFrame is ambiguous. Use a.empty, a.bool(), a.item(), a.any() or a.all().
2026-05-13 15:00:20.157 | WARNING  | app.engine.strategies.manager:evaluate_all:125 - strategy smart_trend raised: The truth value of a DataFrame is ambiguous. Use a.empty, a.bool(), a.item(), a.any() or a.all().
2026-05-13 15:00:25.202 | WARNING  | app.engine.strategies.manager:evaluate_all:125 - strategy smart_trend raised: The truth value of a DataFrame is ambiguous. Use a.empty, a.bool(), a.item(), a.any() or a.all().
2026-05-13 15:00:30.254 | WARNING  | app.engine.strategies.manager:evaluate_all:125 - strategy smart_trend raised: The truth value of a DataFrame is ambiguous. Use a.empty, a.bool(), a.item(), a.any() or a.all().
2026-05-13 15:00:35.708 | WARNING  | app.engine.strategies.manager:evaluate_all:125 - strategy smart_trend raised: The truth value of a DataFrame is ambiguous. Use a.empty, a.bool(), a.item(), a.any() or a.all().
2026-05-13 15:00:41.408 | WARNING  | app.engine.strategies.manager:evaluate_all:125 - strategy smart_trend raised: The truth value of a DataFrame is ambiguous. Use a.empty, a.bool(), a.item(), a.any() or a.all().
2026-05-13 15:00:46.448 | WARNING  | app.engine.strategies.manager:evaluate_all:125 - strategy smart_trend raised: The truth value of a DataFrame is ambiguous. Use a.empty, a.bool(), a.item(), a.any() or a.all().
2026-05-13 15:00:51.502 | WARNING  | app.engine.strategies.manager:evaluate_all:125 - strategy smart_trend raised: The truth value of a DataFrame is ambiguous. Use a.empty, a.bool(), a.item(), a.any() or a.all().
2026-05-13 15:00:56.984 | WARNING  | app.engine.strategies.manager:evaluate_all:125 - strategy smart_trend raised: The truth value of a DataFrame is ambiguous. Use a.empty, a.bool(), a.item(), a.any() or a.all().
2026-05-13 15:01:02.666 | WARNING  | app.engine.strategies.manager:evaluate_all:125 - strategy smart_trend raised: The truth value of a DataFrame is ambiguous. Use a.empty, a.bool(), a.item(), a.any() or a.all().
2026-05-13 15:01:07.730 | WARNING  | app.engine.strategies.manager:evaluate_all:125 - strategy smart_trend raised: The truth value of a DataFrame is ambiguous. Use a.empty, a.bool(), a.item(), a.any() or a.all().
2026-05-13 15:01:12.767 | WARNING  | app.engine.strategies.manager:evaluate_all:125 - strategy smart_trend raised: The truth value of a DataFrame is ambiguous. Use a.empty, a.bool(), a.item(), a.any() or a.all().
2026-05-13 15:01:18.246 | WARNING  | app.engine.strategies.manager:evaluate_all:125 - strategy smart_trend raised: The truth value of a DataFrame is ambiguous. Use a.empty, a.bool(), a.item(), a.any() or a.all().
2026-05-13 15:01:23.955 | WARNING  | app.engine.strategies.manager:evaluate_all:125 - strategy smart_trend raised: The truth value of a DataFrame is ambiguous. Use a.empty, a.bool(), a.item(), a.any() or a.all().
2026-05-13 15:01:29.012 | WARNING  | app.engine.strategies.manager:evaluate_all:125 - strategy smart_trend raised: The truth value of a DataFrame is ambiguous. Use a.empty, a.bool(), a.item(), a.any() or a.all().
2026-05-13 15:01:34.055 | WARNING  | app.engine.strategies.manager:evaluate_all:125 - strategy smart_trend raised: The truth value of a DataFrame is ambiguous. Use a.empty, a.bool(), a.item(), a.any() or a.all().
2026-05-13 15:01:39.508 | WARNING  | app.engine.strategies.manager:evaluate_all:125 - strategy smart_trend raised: The truth value of a DataFrame is ambiguous. Use a.empty, a.bool(), a.item(), a.any() or a.all().
2026-05-13 15:01:45.184 | WARNING  | app.engine.strategies.manager:evaluate_all:125 - strategy smart_trend raised: The truth value of a DataFrame is ambiguous. Use a.empty, a.bool(), a.item(), a.any() or a.all().
2026-05-13 15:01:50.332 | WARNING  | app.engine.strategies.manager:evaluate_all:125 - strategy smart_trend raised: The truth value of a DataFrame is ambiguous. Use a.empty, a.bool(), a.item(), a.any() or a.all().
2026-05-13 15:01:55.371 | WARNING  | app.engine.strategies.manager:evaluate_all:125 - strategy smart_trend raised: The truth value of a DataFrame is ambiguous. Use a.empty, a.bool(), a.item(), a.any() or a.all().
2026-05-13 15:02:00.851 | WARNING  | app.engine.strategies.manager:evaluate_all:125 - strategy smart_trend raised: The truth value of a DataFrame is ambiguous. Use a.empty, a.bool(), a.item(), a.any() or a.all().
2026-05-13 15:02:06.542 | WARNING  | app.engine.strategies.manager:evaluate_all:125 - strategy smart_trend raised: The truth value of a DataFrame is ambiguous. Use a.empty, a.bool(), a.item(), a.any() or a.all().
2026-05-13 15:02:11.587 | WARNING  | app.engine.strategies.manager:evaluate_all:125 - strategy smart_trend raised: The truth value of a DataFrame is ambiguous. Use a.empty, a.bool(), a.item(), a.any() or a.all().
2026-05-13 15:02:16.633 | WARNING  | app.engine.strategies.manager:evaluate_all:125 - strategy smart_trend raised: The truth value of a DataFrame is ambiguous. Use a.empty, a.bool(), a.item(), a.any() or a.all().
2026-05-13 15:02:22.069 | WARNING  | app.engine.strategies.manager:evaluate_all:125 - strategy smart_trend raised: The truth value of a DataFrame is ambiguous. Use a.empty, a.bool(), a.item(), a.any() or a.all().
2026-05-13 15:02:22.321 | WARNING  | app.engine.strategies.manager:evaluate_all:125 - strategy smart_trend raised: The truth value of a DataFrame is ambiguous. Use a.empty, a.bool(), a.item(), a.any() or a.all().
2026-05-13 15:02:27.762 | WARNING  | app.engine.strategies.manager:evaluate_all:125 - strategy smart_trend raised: The truth value of a DataFrame is ambiguous. Use a.empty, a.bool(), a.item(), a.any() or a.all().
2026-05-13 15:02:27.780 | WARNING  | app.engine.strategies.manager:evaluate_all:125 - strategy smart_trend raised: The truth value of a DataFrame is ambiguous. Use a.empty, a.bool(), a.item(), a.any() or a.all().
2026-05-13 15:02:32.812 | WARNING  | app.engine.strategies.manager:evaluate_all:125 - strategy smart_trend raised: The truth value of a DataFrame is ambiguous. Use a.empty, a.bool(), a.item(), a.any() or a.all().
2026-05-13 15:02:32.831 | WARNING  | app.engine.strategies.manager:evaluate_all:125 - strategy smart_trend raised: The truth value of a DataFrame is ambiguous. Use a.empty, a.bool(), a.item(), a.any() or a.all().
2026-05-13 15:02:37.855 | WARNING  | app.engine.strategies.manager:evaluate_all:125 - strategy smart_trend raised: The truth value of a DataFrame is ambiguous. Use a.empty, a.bool(), a.item(), a.any() or a.all().
2026-05-13 15:02:37.879 | WARNING  | app.engine.strategies.manager:evaluate_all:125 - strategy smart_trend raised: The truth value of a DataFrame is ambiguous. Use a.empty, a.bool(), a.item(), a.any() or a.all().
2026-05-13 15:02:43.327 | WARNING  | app.engine.strategies.manager:evaluate_all:125 - strategy smart_trend raised: The truth value of a DataFrame is ambiguous. Use a.empty, a.bool(), a.item(), a.any() or a.all().
2026-05-13 15:02:49.017 | WARNING  | app.engine.strategies.manager:evaluate_all:125 - strategy smart_trend raised: The truth value of a DataFrame is ambiguous. Use a.empty, a.bool(), a.item(), a.any() or a.all().
2026-05-13 15:02:54.053 | WARNING  | app.engine.strategies.manager:evaluate_all:125 - strategy smart_trend raised: The truth value of a DataFrame is ambiguous. Use a.empty, a.bool(), a.item(), a.any() or a.all().
2026-05-13 15:02:59.099 | WARNING  | app.engine.strategies.manager:evaluate_all:125 - strategy smart_trend raised: The truth value of a DataFrame is ambiguous. Use a.empty, a.bool(), a.item(), a.any() or a.all().
2026-05-13 15:03:04.589 | WARNING  | app.engine.strategies.manager:evaluate_all:125 - strategy smart_trend raised: The truth value of a DataFrame is ambiguous. Use a.empty, a.bool(), a.item(), a.any() or a.all().
2026-05-13 15:03:04.842 | WARNING  | app.engine.strategies.manager:evaluate_all:125 - strategy smart_trend raised: The truth value of a DataFrame is ambiguous. Use a.empty, a.bool(), a.item(), a.any() or a.all().
2026-05-13 15:03:10.301 | WARNING  | app.engine.strategies.manager:evaluate_all:125 - strategy smart_trend raised: The truth value of a DataFrame is ambiguous. Use a.empty, a.bool(), a.item(), a.any() or a.all().
2026-05-13 15:03:10.321 | WARNING  | app.engine.strategies.manager:evaluate_all:125 - strategy smart_trend raised: The truth value of a DataFrame is ambiguous. Use a.empty, a.bool(), a.item(), a.any() or a.all().
2026-05-13 15:03:15.340 | WARNING  | app.engine.strategies.manager:evaluate_all:125 - strategy smart_trend raised: The truth value of a DataFrame is ambiguous. Use a.empty, a.bool(), a.item(), a.any() or a.all().
2026-05-13 15:03:15.349 | WARNING  | app.engine.strategies.manager:evaluate_all:125 - strategy smart_trend raised: The truth value of a DataFrame is ambiguous. Use a.empty, a.bool(), a.item(), a.any() or a.all().
2026-05-13 15:03:20.388 | WARNING  | app.engine.strategies.manager:evaluate_all:125 - strategy smart_trend raised: The truth value of a DataFrame is ambiguous. Use a.empty, a.bool(), a.item(), a.any() or a.all().
2026-05-13 15:03:20.403 | WARNING  | app.engine.strategies.manager:evaluate_all:125 - strategy smart_trend raised: The truth value of a DataFrame is ambiguous. Use a.empty, a.bool(), a.item(), a.any() or a.all().
2026-05-13 15:03:25.830 | WARNING  | app.engine.strategies.manager:evaluate_all:125 - strategy smart_trend raised: The truth value of a DataFrame is ambiguous. Use a.empty, a.bool(), a.item(), a.any() or a.all().
2026-05-13 15:03:26.069 | WARNING  | app.engine.strategies.manager:evaluate_all:125 - strategy smart_trend raised: The truth value of a DataFrame is ambiguous. Use a.empty, a.bool(), a.item(), a.any() or a.all().
2026-05-13 15:03:31.521 | WARNING  | app.engine.strategies.manager:evaluate_all:125 - strategy smart_trend raised: The truth value of a DataFrame is ambiguous. Use a.empty, a.bool(), a.item(), a.any() or a.all().
2026-05-13 15:03:31.540 | WARNING  | app.engine.strategies.manager:evaluate_all:125 - strategy smart_trend raised: The truth value of a DataFrame is ambiguous. Use a.empty, a.bool(), a.item(), a.any() or a.all().
2026-05-13 15:03:36.577 | WARNING  | app.engine.strategies.manager:evaluate_all:125 - strategy smart_trend raised: The truth value of a DataFrame is ambiguous. Use a.empty, a.bool(), a.item(), a.any() or a.all().
2026-05-13 15:03:36.604 | WARNING  | app.engine.strategies.manager:evaluate_all:125 - strategy smart_trend raised: The truth value of a DataFrame is ambiguous. Use a.empty, a.bool(), a.item(), a.any() or a.all().
2026-05-13 15:03:41.643 | WARNING  | app.engine.strategies.manager:evaluate_all:125 - strategy smart_trend raised: The truth value of a DataFrame is ambiguous. Use a.empty, a.bool(), a.item(), a.any() or a.all().
2026-05-13 15:03:41.662 | WARNING  | app.engine.strategies.manager:evaluate_all:125 - strategy smart_trend raised: The truth value of a DataFrame is ambiguous. Use a.empty, a.bool(), a.item(), a.any() or a.all().
2026-05-13 15:03:47.134 | WARNING  | app.engine.strategies.manager:evaluate_all:125 - strategy smart_trend raised: The truth value of a DataFrame is ambiguous. Use a.empty, a.bool(), a.item(), a.any() or a.all().
2026-05-13 15:03:52.816 | WARNING  | app.engine.strategies.manager:evaluate_all:125 - strategy smart_trend raised: The truth value of a DataFrame is ambiguous. Use a.empty, a.bool(), a.item(), a.any() or a.all().
2026-05-13 15:03:57.847 | WARNING  | app.engine.strategies.manager:evaluate_all:125 - strategy smart_trend raised: The truth value of a DataFrame is ambiguous. Use a.empty, a.bool(), a.item(), a.any() or a.all().
2026-05-13 15:04:02.887 | WARNING  | app.engine.strategies.manager:evaluate_all:125 - strategy smart_trend raised: The truth value of a DataFrame is ambiguous. Use a.empty, a.bool(), a.item(), a.any() or a.all().
2026-05-13 15:04:08.361 | WARNING  | app.engine.strategies.manager:evaluate_all:125 - strategy smart_trend raised: The truth value of a DataFrame is ambiguous. Use a.empty, a.bool(), a.item(), a.any() or a.all().
2026-05-13 15:04:14.033 | WARNING  | app.engine.strategies.manager:evaluate_all:125 - strategy smart_trend raised: The truth value of a DataFrame is ambiguous. Use a.empty, a.bool(), a.item(), a.any() or a.all().
2026-05-13 15:04:19.069 | WARNING  | app.engine.strategies.manager:evaluate_all:125 - strategy smart_trend raised: The truth value of a DataFrame is ambiguous. Use a.empty, a.bool(), a.item(), a.any() or a.all().
2026-05-13 15:04:24.120 | WARNING  | app.engine.strategies.manager:evaluate_all:125 - strategy smart_trend raised: The truth value of a DataFrame is ambiguous. Use a.empty, a.bool(), a.item(), a.any() or a.all().
2026-05-13 15:04:29.574 | WARNING  | app.engine.strategies.manager:evaluate_all:125 - strategy smart_trend raised: The truth value of a DataFrame is ambiguous. Use a.empty, a.bool(), a.item(), a.any() or a.all().
2026-05-13 15:04:35.311 | WARNING  | app.engine.strategies.manager:evaluate_all:125 - strategy smart_trend raised: The truth value of a DataFrame is ambiguous. Use a.empty, a.bool(), a.item(), a.any() or a.all().
2026-05-13 15:04:40.349 | WARNING  | app.engine.strategies.manager:evaluate_all:125 - strategy smart_trend raised: The truth value of a DataFrame is ambiguous. Use a.empty, a.bool(), a.item(), a.any() or a.all().
2026-05-13 15:04:45.387 | WARNING  | app.engine.strategies.manager:evaluate_all:125 - strategy smart_trend raised: The truth value of a DataFrame is ambiguous. Use a.empty, a.bool(), a.item(), a.any() or a.all().
2026-05-13 15:04:50.824 | WARNING  | app.engine.strategies.manager:evaluate_all:125 - strategy smart_trend raised: The truth value of a DataFrame is ambiguous. Use a.empty, a.bool(), a.item(), a.any() or a.all().
2026-05-13 15:04:56.479 | WARNING  | app.engine.strategies.manager:evaluate_all:125 - strategy smart_trend raised: The truth value of a DataFrame is ambiguous. Use a.empty, a.bool(), a.item(), a.any() or a.all().
2026-05-13 15:05:01.522 | WARNING  | app.engine.strategies.manager:evaluate_all:125 - strategy smart_trend raised: The truth value of a DataFrame is ambiguous. Use a.empty, a.bool(), a.item(), a.any() or a.all().
2026-05-13 15:05:06.577 | WARNING  | app.engine.strategies.manager:evaluate_all:125 - strategy smart_trend raised: The truth value of a DataFrame is ambiguous. Use a.empty, a.bool(), a.item(), a.any() or a.all().
2026-05-13 15:05:12.049 | WARNING  | app.engine.strategies.manager:evaluate_all:125 - strategy smart_trend raised: The truth value of a DataFrame is ambiguous. Use a.empty, a.bool(), a.item(), a.any() or a.all().
2026-05-13 15:05:12.292 | WARNING  | app.engine.strategies.manager:evaluate_all:125 - strategy smart_trend raised: The truth value of a DataFrame is ambiguous. Use a.empty, a.bool(), a.item(), a.any() or a.all().
2026-05-13 15:05:17.718 | WARNING  | app.engine.strategies.manager:evaluate_all:125 - strategy smart_trend raised: The truth value of a DataFrame is ambiguous. Use a.empty, a.bool(), a.item(), a.any() or a.all().
2026-05-13 15:05:17.730 | WARNING  | app.engine.strategies.manager:evaluate_all:125 - strategy smart_trend raised: The truth value of a DataFrame is ambiguous. Use a.empty, a.bool(), a.item(), a.any() or a.all().
2026-05-13 15:05:22.763 | WARNING  | app.engine.strategies.manager:evaluate_all:125 - strategy smart_trend raised: The truth value of a DataFrame is ambiguous. Use a.empty, a.bool(), a.item(), a.any() or a.all().
2026-05-13 15:05:22.781 | WARNING  | app.engine.strategies.manager:evaluate_all:125 - strategy smart_trend raised: The truth value of a DataFrame is ambiguous. Use a.empty, a.bool(), a.item(), a.any() or a.all().
2026-05-13 15:05:27.804 | WARNING  | app.engine.strategies.manager:evaluate_all:125 - strategy smart_trend raised: The truth value of a DataFrame is ambiguous. Use a.empty, a.bool(), a.item(), a.any() or a.all().
2026-05-13 15:05:27.823 | WARNING  | app.engine.strategies.manager:evaluate_all:125 - strategy smart_trend raised: The truth value of a DataFrame is ambiguous. Use a.empty, a.bool(), a.item(), a.any() or a.all().
2026-05-13 15:05:33.495 | WARNING  | app.engine.strategies.manager:evaluate_all:125 - strategy smart_trend raised: The truth value of a DataFrame is ambiguous. Use a.empty, a.bool(), a.item(), a.any() or a.all().
2026-05-13 15:05:33.731 | WARNING  | app.engine.strategies.manager:evaluate_all:125 - strategy smart_trend raised: The truth value of a DataFrame is ambiguous. Use a.empty, a.bool(), a.item(), a.any() or a.all().
2026-05-13 15:05:39.174 | WARNING  | app.engine.strategies.manager:evaluate_all:125 - strategy smart_trend raised: The truth value of a DataFrame is ambiguous. Use a.empty, a.bool(), a.item(), a.any() or a.all().
2026-05-13 15:05:39.185 | WARNING  | app.engine.strategies.manager:evaluate_all:125 - strategy smart_trend raised: The truth value of a DataFrame is ambiguous. Use a.empty, a.bool(), a.item(), a.any() or a.all().
2026-05-13 15:05:44.212 | WARNING  | app.engine.strategies.manager:evaluate_all:125 - strategy smart_trend raised: The truth value of a DataFrame is ambiguous. Use a.empty, a.bool(), a.item(), a.any() or a.all().
2026-05-13 15:05:44.231 | WARNING  | app.engine.strategies.manager:evaluate_all:125 - strategy smart_trend raised: The truth value of a DataFrame is ambiguous. Use a.empty, a.bool(), a.item(), a.any() or a.all().
2026-05-13 15:05:49.252 | WARNING  | app.engine.strategies.manager:evaluate_all:125 - strategy smart_trend raised: The truth value of a DataFrame is ambiguous. Use a.empty, a.bool(), a.item(), a.any() or a.all().
2026-05-13 15:05:49.263 | WARNING  | app.engine.strategies.manager:evaluate_all:125 - strategy smart_trend raised: The truth value of a DataFrame is ambiguous. Use a.empty, a.bool(), a.item(), a.any() or a.all().
2026-05-13 15:05:54.715 | WARNING  | app.engine.strategies.manager:evaluate_all:125 - strategy smart_trend raised: The truth value of a DataFrame is ambiguous. Use a.empty, a.bool(), a.item(), a.any() or a.all().
2026-05-13 15:05:55.032 | WARNING  | app.engine.strategies.manager:evaluate_all:125 - strategy smart_trend raised: The truth value of a DataFrame is ambiguous. Use a.empty, a.bool(), a.item(), a.any() or a.all().
2026-05-13 15:06:00.466 | WARNING  | app.engine.strategies.manager:evaluate_all:125 - strategy smart_trend raised: The truth value of a DataFrame is ambiguous. Use a.empty, a.bool(), a.item(), a.any() or a.all().
2026-05-13 15:06:00.480 | WARNING  | app.engine.strategies.manager:evaluate_all:125 - strategy smart_trend raised: The truth value of a DataFrame is ambiguous. Use a.empty, a.bool(), a.item(), a.any() or a.all().
2026-05-13 15:06:05.505 | WARNING  | app.engine.strategies.manager:evaluate_all:125 - strategy smart_trend raised: The truth value of a DataFrame is ambiguous. Use a.empty, a.bool(), a.item(), a.any() or a.all().
2026-05-13 15:06:05.522 | WARNING  | app.engine.strategies.manager:evaluate_all:125 - strategy smart_trend raised: The truth value of a DataFrame is ambiguous. Use a.empty, a.bool(), a.item(), a.any() or a.all().
2026-05-13 15:06:10.565 | WARNING  | app.engine.strategies.manager:evaluate_all:125 - strategy smart_trend raised: The truth value of a DataFrame is ambiguous. Use a.empty, a.bool(), a.item(), a.any() or a.all().
2026-05-13 15:06:10.584 | WARNING  | app.engine.strategies.manager:evaluate_all:125 - strategy smart_trend raised: The truth value of a DataFrame is ambiguous. Use a.empty, a.bool(), a.item(), a.any() or a.all().
2026-05-13 15:06:16.004 | WARNING  | app.engine.strategies.manager:evaluate_all:125 - strategy smart_trend raised: The truth value of a DataFrame is ambiguous. Use a.empty, a.bool(), a.item(), a.any() or a.all().
2026-05-13 15:06:16.246 | WARNING  | app.engine.strategies.manager:evaluate_all:125 - strategy smart_trend raised: The truth value of a DataFrame is ambiguous. Use a.empty, a.bool(), a.item(), a.any() or a.all().
2026-05-13 15:06:21.690 | WARNING  | app.engine.strategies.manager:evaluate_all:125 - strategy smart_trend raised: The truth value of a DataFrame is ambiguous. Use a.empty, a.bool(), a.item(), a.any() or a.all().
2026-05-13 15:06:21.706 | WARNING  | app.engine.strategies.manager:evaluate_all:125 - strategy smart_trend raised: The truth value of a DataFrame is ambiguous. Use a.empty, a.bool(), a.item(), a.any() or a.all().
2026-05-13 15:06:26.728 | WARNING  | app.engine.strategies.manager:evaluate_all:125 - strategy smart_trend raised: The truth value of a DataFrame is ambiguous. Use a.empty, a.bool(), a.item(), a.any() or a.all().
2026-05-13 15:06:26.744 | WARNING  | app.engine.strategies.manager:evaluate_all:125 - strategy smart_trend raised: The truth value of a DataFrame is ambiguous. Use a.empty, a.bool(), a.item(), a.any() or a.all().
2026-05-13 15:06:31.768 | WARNING  | app.engine.strategies.manager:evaluate_all:125 - strategy smart_trend raised: The truth value of a DataFrame is ambiguous. Use a.empty, a.bool(), a.item(), a.any() or a.all().
2026-05-13 15:06:31.784 | WARNING  | app.engine.strategies.manager:evaluate_all:125 - strategy smart_trend raised: The truth value of a DataFrame is ambiguous. Use a.empty, a.bool(), a.item(), a.any() or a.all().
2026-05-13 15:06:37.228 | WARNING  | app.engine.strategies.manager:evaluate_all:125 - strategy smart_trend raised: The truth value of a DataFrame is ambiguous. Use a.empty, a.bool(), a.item(), a.any() or a.all().
2026-05-13 15:06:37.460 | WARNING  | app.engine.strategies.manager:evaluate_all:125 - strategy smart_trend raised: The truth value of a DataFrame is ambiguous. Use a.empty, a.bool(), a.item(), a.any() or a.all().
2026-05-13 15:06:42.900 | WARNING  | app.engine.strategies.manager:evaluate_all:125 - strategy smart_trend raised: The truth value of a DataFrame is ambiguous. Use a.empty, a.bool(), a.item(), a.any() or a.all().
2026-05-13 15:06:42.916 | WARNING  | app.engine.strategies.manager:evaluate_all:125 - strategy smart_trend raised: The truth value of a DataFrame is ambiguous. Use a.empty, a.bool(), a.item(), a.any() or a.all().
2026-05-13 15:06:47.939 | WARNING  | app.engine.strategies.manager:evaluate_all:125 - strategy smart_trend raised: The truth value of a DataFrame is ambiguous. Use a.empty, a.bool(), a.item(), a.any() or a.all().
2026-05-13 15:06:47.956 | WARNING  | app.engine.strategies.manager:evaluate_all:125 - strategy smart_trend raised: The truth value of a DataFrame is ambiguous. Use a.empty, a.bool(), a.item(), a.any() or a.all().
2026-05-13 15:06:52.978 | WARNING  | app.engine.strategies.manager:evaluate_all:125 - strategy smart_trend raised: The truth value of a DataFrame is ambiguous. Use a.empty, a.bool(), a.item(), a.any() or a.all().
2026-05-13 15:06:52.995 | WARNING  | app.engine.strategies.manager:evaluate_all:125 - strategy smart_trend raised: The truth value of a DataFrame is ambiguous. Use a.empty, a.bool(), a.item(), a.any() or a.all().
2026-05-13 15:06:58.415 | WARNING  | app.engine.strategies.manager:evaluate_all:125 - strategy smart_trend raised: The truth value of a DataFrame is ambiguous. Use a.empty, a.bool(), a.item(), a.any() or a.all().
2026-05-13 15:06:58.660 | WARNING  | app.engine.strategies.manager:evaluate_all:125 - strategy smart_trend raised: The truth value of a DataFrame is ambiguous. Use a.empty, a.bool(), a.item(), a.any() or a.all().
2026-05-13 15:07:04.078 | WARNING  | app.engine.strategies.manager:evaluate_all:125 - strategy smart_trend raised: The truth value of a DataFrame is ambiguous. Use a.empty, a.bool(), a.item(), a.any() or a.all().
2026-05-13 15:07:04.087 | WARNING  | app.engine.strategies.manager:evaluate_all:125 - strategy smart_trend raised: The truth value of a DataFrame is ambiguous. Use a.empty, a.bool(), a.item(), a.any() or a.all().
2026-05-13 15:07:09.122 | WARNING  | app.engine.strategies.manager:evaluate_all:125 - strategy smart_trend raised: The truth value of a DataFrame is ambiguous. Use a.empty, a.bool(), a.item(), a.any() or a.all().
2026-05-13 15:07:09.135 | WARNING  | app.engine.strategies.manager:evaluate_all:125 - strategy smart_trend raised: The truth value of a DataFrame is ambiguous. Use a.empty, a.bool(), a.item(), a.any() or a.all().
2026-05-13 15:07:14.154 | WARNING  | app.engine.strategies.manager:evaluate_all:125 - strategy smart_trend raised: The truth value of a DataFrame is ambiguous. Use a.empty, a.bool(), a.item(), a.any() or a.all().
2026-05-13 15:07:14.167 | WARNING  | app.engine.strategies.manager:evaluate_all:125 - strategy smart_trend raised: The truth value of a DataFrame is ambiguous. Use a.empty, a.bool(), a.item(), a.any() or a.all().
2026-05-13 15:07:19.628 | WARNING  | app.engine.strategies.manager:evaluate_all:125 - strategy smart_trend raised: The truth value of a DataFrame is ambiguous. Use a.empty, a.bool(), a.item(), a.any() or a.all().
2026-05-13 15:07:19.904 | WARNING  | app.engine.strategies.manager:evaluate_all:125 - strategy smart_trend raised: The truth value of a DataFrame is ambiguous. Use a.empty, a.bool(), a.item(), a.any() or a.all().
2026-05-13 15:07:25.377 | WARNING  | app.engine.strategies.manager:evaluate_all:125 - strategy smart_trend raised: The truth value of a DataFrame is ambiguous. Use a.empty, a.bool(), a.item(), a.any() or a.all().
2026-05-13 15:07:25.397 | WARNING  | app.engine.strategies.manager:evaluate_all:125 - strategy smart_trend raised: The truth value of a DataFrame is ambiguous. Use a.empty, a.bool(), a.item(), a.any() or a.all().
2026-05-13 15:07:30.420 | WARNING  | app.engine.strategies.manager:evaluate_all:125 - strategy smart_trend raised: The truth value of a DataFrame is ambiguous. Use a.empty, a.bool(), a.item(), a.any() or a.all().
2026-05-13 15:07:30.439 | WARNING  | app.engine.strategies.manager:evaluate_all:125 - strategy smart_trend raised: The truth value of a DataFrame is ambiguous. Use a.empty, a.bool(), a.item(), a.any() or a.all().
2026-05-13 15:07:35.463 | WARNING  | app.engine.strategies.manager:evaluate_all:125 - strategy smart_trend raised: The truth value of a DataFrame is ambiguous. Use a.empty, a.bool(), a.item(), a.any() or a.all().
2026-05-13 15:07:35.480 | WARNING  | app.engine.strategies.manager:evaluate_all:125 - strategy smart_trend raised: The truth value of a DataFrame is ambiguous. Use a.empty, a.bool(), a.item(), a.any() or a.all().
2026-05-13 15:07:40.943 | WARNING  | app.engine.strategies.manager:evaluate_all:125 - strategy smart_trend raised: The truth value of a DataFrame is ambiguous. Use a.empty, a.bool(), a.item(), a.any() or a.all().
2026-05-13 15:07:41.188 | WARNING  | app.engine.strategies.manager:evaluate_all:125 - strategy smart_trend raised: The truth value of a DataFrame is ambiguous. Use a.empty, a.bool(), a.item(), a.any() or a.all().
2026-05-13 15:07:46.624 | WARNING  | app.engine.strategies.manager:evaluate_all:125 - strategy smart_trend raised: The truth value of a DataFrame is ambiguous. Use a.empty, a.bool(), a.item(), a.any() or a.all().
2026-05-13 15:07:46.769 | WARNING  | app.engine.strategies.manager:evaluate_all:125 - strategy smart_trend raised: The truth value of a DataFrame is ambiguous. Use a.empty, a.bool(), a.item(), a.any() or a.all().
2026-05-13 15:07:51.800 | WARNING  | app.engine.strategies.manager:evaluate_all:125 - strategy smart_trend raised: The truth value of a DataFrame is ambiguous. Use a.empty, a.bool(), a.item(), a.any() or a.all().
2026-05-13 15:07:51.817 | WARNING  | app.engine.strategies.manager:evaluate_all:125 - strategy smart_trend raised: The truth value of a DataFrame is ambiguous. Use a.empty, a.bool(), a.item(), a.any() or a.all().
2026-05-13 15:07:56.842 | WARNING  | app.engine.strategies.manager:evaluate_all:125 - strategy smart_trend raised: The truth value of a DataFrame is ambiguous. Use a.empty, a.bool(), a.item(), a.any() or a.all().
2026-05-13 15:07:56.858 | WARNING  | app.engine.strategies.manager:evaluate_all:125 - strategy smart_trend raised: The truth value of a DataFrame is ambiguous. Use a.empty, a.bool(), a.item(), a.any() or a.all().
2026-05-13 15:08:02.303 | WARNING  | app.engine.strategies.manager:evaluate_all:125 - strategy smart_trend raised: The truth value of a DataFrame is ambiguous. Use a.empty, a.bool(), a.item(), a.any() or a.all().
2026-05-13 15:08:02.547 | WARNING  | app.engine.strategies.manager:evaluate_all:125 - strategy smart_trend raised: The truth value of a DataFrame is ambiguous. Use a.empty, a.bool(), a.item(), a.any() or a.all().
2026-05-13 15:08:07.974 | WARNING  | app.engine.strategies.manager:evaluate_all:125 - strategy smart_trend raised: The truth value of a DataFrame is ambiguous. Use a.empty, a.bool(), a.item(), a.any() or a.all().
2026-05-13 15:08:07.986 | WARNING  | app.engine.strategies.manager:evaluate_all:125 - strategy smart_trend raised: The truth value of a DataFrame is ambiguous. Use a.empty, a.bool(), a.item(), a.any() or a.all().
2026-05-13 15:08:13.017 | WARNING  | app.engine.strategies.manager:evaluate_all:125 - strategy smart_trend raised: The truth value of a DataFrame is ambiguous. Use a.empty, a.bool(), a.item(), a.any() or a.all().
2026-05-13 15:08:13.034 | WARNING  | app.engine.strategies.manager:evaluate_all:125 - strategy smart_trend raised: The truth value of a DataFrame is ambiguous. Use a.empty, a.bool(), a.item(), a.any() or a.all().
2026-05-13 15:08:18.053 | WARNING  | app.engine.strategies.manager:evaluate_all:125 - strategy smart_trend raised: The truth value of a DataFrame is ambiguous. Use a.empty, a.bool(), a.item(), a.any() or a.all().
2026-05-13 15:08:18.063 | WARNING  | app.engine.strategies.manager:evaluate_all:125 - strategy smart_trend raised: The truth value of a DataFrame is ambiguous. Use a.empty, a.bool(), a.item(), a.any() or a.all().
2026-05-13 15:08:23.504 | WARNING  | app.engine.strategies.manager:evaluate_all:125 - strategy smart_trend raised: The truth value of a DataFrame is ambiguous. Use a.empty, a.bool(), a.item(), a.any() or a.all().
2026-05-13 15:08:23.747 | WARNING  | app.engine.strategies.manager:evaluate_all:125 - strategy smart_trend raised: The truth value of a DataFrame is ambiguous. Use a.empty, a.bool(), a.item(), a.any() or a.all().
2026-05-13 15:08:29.176 | WARNING  | app.engine.strategies.manager:evaluate_all:125 - strategy smart_trend raised: The truth value of a DataFrame is ambiguous. Use a.empty, a.bool(), a.item(), a.any() or a.all().
2026-05-13 15:08:29.188 | WARNING  | app.engine.strategies.manager:evaluate_all:125 - strategy smart_trend raised: The truth value of a DataFrame is ambiguous. Use a.empty, a.bool(), a.item(), a.any() or a.all().
2026-05-13 15:08:34.213 | WARNING  | app.engine.strategies.manager:evaluate_all:125 - strategy smart_trend raised: The truth value of a DataFrame is ambiguous. Use a.empty, a.bool(), a.item(), a.any() or a.all().
2026-05-13 15:08:34.229 | WARNING  | app.engine.strategies.manager:evaluate_all:125 - strategy smart_trend raised: The truth value of a DataFrame is ambiguous. Use a.empty, a.bool(), a.item(), a.any() or a.all().
2026-05-13 15:08:39.258 | WARNING  | app.engine.strategies.manager:evaluate_all:125 - strategy smart_trend raised: The truth value of a DataFrame is ambiguous. Use a.empty, a.bool(), a.item(), a.any() or a.all().
2026-05-13 15:08:39.272 | WARNING  | app.engine.strategies.manager:evaluate_all:125 - strategy smart_trend raised: The truth value of a DataFrame is ambiguous. Use a.empty, a.bool(), a.item(), a.any() or a.all().
2026-05-13 15:08:44.726 | WARNING  | app.engine.strategies.manager:evaluate_all:125 - strategy smart_trend raised: The truth value of a DataFrame is ambiguous. Use a.empty, a.bool(), a.item(), a.any() or a.all().
2026-05-13 15:08:44.967 | WARNING  | app.engine.strategies.manager:evaluate_all:125 - strategy smart_trend raised: The truth value of a DataFrame is ambiguous. Use a.empty, a.bool(), a.item(), a.any() or a.all().
2026-05-13 15:08:50.398 | WARNING  | app.engine.strategies.manager:evaluate_all:125 - strategy smart_trend raised: The truth value of a DataFrame is ambiguous. Use a.empty, a.bool(), a.item(), a.any() or a.all().
2026-05-13 15:08:50.415 | WARNING  | app.engine.strategies.manager:evaluate_all:125 - strategy smart_trend raised: The truth value of a DataFrame is ambiguous. Use a.empty, a.bool(), a.item(), a.any() or a.all().
2026-05-13 15:08:55.436 | WARNING  | app.engine.strategies.manager:evaluate_all:125 - strategy smart_trend raised: The truth value of a DataFrame is ambiguous. Use a.empty, a.bool(), a.item(), a.any() or a.all().
2026-05-13 15:08:55.453 | WARNING  | app.engine.strategies.manager:evaluate_all:125 - strategy smart_trend raised: The truth value of a DataFrame is ambiguous. Use a.empty, a.bool(), a.item(), a.any() or a.all().
2026-05-13 15:09:00.474 | WARNING  | app.engine.strategies.manager:evaluate_all:125 - strategy smart_trend raised: The truth value of a DataFrame is ambiguous. Use a.empty, a.bool(), a.item(), a.any() or a.all().
2026-05-13 15:09:00.486 | WARNING  | app.engine.strategies.manager:evaluate_all:125 - strategy smart_trend raised: The truth value of a DataFrame is ambiguous. Use a.empty, a.bool(), a.item(), a.any() or a.all().
2026-05-13 15:09:05.917 | WARNING  | app.engine.strategies.manager:evaluate_all:125 - strategy smart_trend raised: The truth value of a DataFrame is ambiguous. Use a.empty, a.bool(), a.item(), a.any() or a.all().
2026-05-13 15:09:06.158 | WARNING  | app.engine.strategies.manager:evaluate_all:125 - strategy smart_trend raised: The truth value of a DataFrame is ambiguous. Use a.empty, a.bool(), a.item(), a.any() or a.all().
2026-05-13 15:09:11.606 | WARNING  | app.engine.strategies.manager:evaluate_all:125 - strategy smart_trend raised: The truth value of a DataFrame is ambiguous. Use a.empty, a.bool(), a.item(), a.any() or a.all().
2026-05-13 15:09:11.632 | WARNING  | app.engine.strategies.manager:evaluate_all:125 - strategy smart_trend raised: The truth value of a DataFrame is ambiguous. Use a.empty, a.bool(), a.item(), a.any() or a.all().
2026-05-13 15:09:16.663 | WARNING  | app.engine.strategies.manager:evaluate_all:125 - strategy smart_trend raised: The truth value of a DataFrame is ambiguous. Use a.empty, a.bool(), a.item(), a.any() or a.all().
2026-05-13 15:09:16.682 | WARNING  | app.engine.strategies.manager:evaluate_all:125 - strategy smart_trend raised: The truth value of a DataFrame is ambiguous. Use a.empty, a.bool(), a.item(), a.any() or a.all().
2026-05-13 15:09:21.719 | WARNING  | app.engine.strategies.manager:evaluate_all:125 - strategy smart_trend raised: The truth value of a DataFrame is ambiguous. Use a.empty, a.bool(), a.item(), a.any() or a.all().
2026-05-13 15:09:21.741 | WARNING  | app.engine.strategies.manager:evaluate_all:125 - strategy smart_trend raised: The truth value of a DataFrame is ambiguous. Use a.empty, a.bool(), a.item(), a.any() or a.all().
2026-05-13 15:09:27.219 | WARNING  | app.engine.strategies.manager:evaluate_all:125 - strategy smart_trend raised: The truth value of a DataFrame is ambiguous. Use a.empty, a.bool(), a.item(), a.any() or a.all().
2026-05-13 15:09:27.472 | WARNING  | app.engine.strategies.manager:evaluate_all:125 - strategy smart_trend raised: The truth value of a DataFrame is ambiguous. Use a.empty, a.bool(), a.item(), a.any() or a.all().
2026-05-13 15:09:32.911 | WARNING  | app.engine.strategies.manager:evaluate_all:125 - strategy smart_trend raised: The truth value of a DataFrame is ambiguous. Use a.empty, a.bool(), a.item(), a.any() or a.all().
2026-05-13 15:09:32.924 | WARNING  | app.engine.strategies.manager:evaluate_all:125 - strategy smart_trend raised: The truth value of a DataFrame is ambiguous. Use a.empty, a.bool(), a.item(), a.any() or a.all().
2026-05-13 15:09:37.951 | WARNING  | app.engine.strategies.manager:evaluate_all:125 - strategy smart_trend raised: The truth value of a DataFrame is ambiguous. Use a.empty, a.bool(), a.item(), a.any() or a.all().
2026-05-13 15:09:37.974 | WARNING  | app.engine.strategies.manager:evaluate_all:125 - strategy smart_trend raised: The truth value of a DataFrame is ambiguous. Use a.empty, a.bool(), a.item(), a.any() or a.all().
2026-05-13 15:09:43.009 | WARNING  | app.engine.strategies.manager:evaluate_all:125 - strategy smart_trend raised: The truth value of a DataFrame is ambiguous. Use a.empty, a.bool(), a.item(), a.any() or a.all().
2026-05-13 15:09:43.025 | WARNING  | app.engine.strategies.manager:evaluate_all:125 - strategy smart_trend raised: The truth value of a DataFrame is ambiguous. Use a.empty, a.bool(), a.item(), a.any() or a.all().
2026-05-13 15:09:48.447 | WARNING  | app.engine.strategies.manager:evaluate_all:125 - strategy smart_trend raised: The truth value of a DataFrame is ambiguous. Use a.empty, a.bool(), a.item(), a.any() or a.all().
2026-05-13 15:09:48.680 | WARNING  | app.engine.strategies.manager:evaluate_all:125 - strategy smart_trend raised: The truth value of a DataFrame is ambiguous. Use a.empty, a.bool(), a.item(), a.any() or a.all().
2026-05-13 15:09:54.410 | WARNING  | app.engine.strategies.manager:evaluate_all:125 - strategy smart_trend raised: The truth value of a DataFrame is ambiguous. Use a.empty, a.bool(), a.item(), a.any() or a.all().
2026-05-13 15:09:54.423 | WARNING  | app.engine.strategies.manager:evaluate_all:125 - strategy smart_trend raised: The truth value of a DataFrame is ambiguous. Use a.empty, a.bool(), a.item(), a.any() or a.all().
2026-05-13 15:09:59.454 | WARNING  | app.engine.strategies.manager:evaluate_all:125 - strategy smart_trend raised: The truth value of a DataFrame is ambiguous. Use a.empty, a.bool(), a.item(), a.any() or a.all().
2026-05-13 15:09:59.475 | WARNING  | app.engine.strategies.manager:evaluate_all:125 - strategy smart_trend raised: The truth value of a DataFrame is ambiguous. Use a.empty, a.bool(), a.item(), a.any() or a.all().
2026-05-13 15:10:04.511 | WARNING  | app.engine.strategies.manager:evaluate_all:125 - strategy smart_trend raised: The truth value of a DataFrame is ambiguous. Use a.empty, a.bool(), a.item(), a.any() or a.all().
2026-05-13 15:10:04.530 | WARNING  | app.engine.strategies.manager:evaluate_all:125 - strategy smart_trend raised: The truth value of a DataFrame is ambiguous. Use a.empty, a.bool(), a.item(), a.any() or a.all().
2026-05-13 15:10:09.959 | WARNING  | app.engine.strategies.manager:evaluate_all:125 - strategy smart_trend raised: The truth value of a DataFrame is ambiguous. Use a.empty, a.bool(), a.item(), a.any() or a.all().
2026-05-13 15:10:10.201 | WARNING  | app.engine.strategies.manager:evaluate_all:125 - strategy smart_trend raised: The truth value of a DataFrame is ambiguous. Use a.empty, a.bool(), a.item(), a.any() or a.all().
2026-05-13 15:10:15.644 | WARNING  | app.engine.strategies.manager:evaluate_all:125 - strategy smart_trend raised: The truth value of a DataFrame is ambiguous. Use a.empty, a.bool(), a.item(), a.any() or a.all().
2026-05-13 15:10:15.657 | WARNING  | app.engine.strategies.manager:evaluate_all:125 - strategy smart_trend raised: The truth value of a DataFrame is ambiguous. Use a.empty, a.bool(), a.item(), a.any() or a.all().
2026-05-13 15:10:20.690 | WARNING  | app.engine.strategies.manager:evaluate_all:125 - strategy smart_trend raised: The truth value of a DataFrame is ambiguous. Use a.empty, a.bool(), a.item(), a.any() or a.all().
2026-05-13 15:10:20.709 | WARNING  | app.engine.strategies.manager:evaluate_all:125 - strategy smart_trend raised: The truth value of a DataFrame is ambiguous. Use a.empty, a.bool(), a.item(), a.any() or a.all().
2026-05-13 15:10:25.772 | WARNING  | app.engine.strategies.manager:evaluate_all:125 - strategy smart_trend raised: The truth value of a DataFrame is ambiguous. Use a.empty, a.bool(), a.item(), a.any() or a.all().
2026-05-13 15:10:25.790 | WARNING  | app.engine.strategies.manager:evaluate_all:125 - strategy smart_trend raised: The truth value of a DataFrame is ambiguous. Use a.empty, a.bool(), a.item(), a.any() or a.all().
2026-05-13 15:10:31.227 | WARNING  | app.engine.strategies.manager:evaluate_all:125 - strategy smart_trend raised: The truth value of a DataFrame is ambiguous. Use a.empty, a.bool(), a.item(), a.any() or a.all().
2026-05-13 15:10:31.470 | WARNING  | app.engine.strategies.manager:evaluate_all:125 - strategy smart_trend raised: The truth value of a DataFrame is ambiguous. Use a.empty, a.bool(), a.item(), a.any() or a.all().
2026-05-13 15:10:36.898 | WARNING  | app.engine.strategies.manager:evaluate_all:125 - strategy smart_trend raised: The truth value of a DataFrame is ambiguous. Use a.empty, a.bool(), a.item(), a.any() or a.all().
2026-05-13 15:10:36.924 | WARNING  | app.engine.strategies.manager:evaluate_all:125 - strategy smart_trend raised: The truth value of a DataFrame is ambiguous. Use a.empty, a.bool(), a.item(), a.any() or a.all().
2026-05-13 15:10:41.993 | WARNING  | app.engine.strategies.manager:evaluate_all:125 - strategy smart_trend raised: The truth value of a DataFrame is ambiguous. Use a.empty, a.bool(), a.item(), a.any() or a.all().
2026-05-13 15:10:42.008 | WARNING  | app.engine.strategies.manager:evaluate_all:125 - strategy smart_trend raised: The truth value of a DataFrame is ambiguous. Use a.empty, a.bool(), a.item(), a.any() or a.all().
2026-05-13 15:10:47.013 | INFO     | app.engine.orchestrator:_run_window:217 - window aaf82db3 deadline reached — closing positions
2026-05-13 16:24:33.097 | WARNING  | app.engine.data.market_data:fetch_24h_ticker:136 - ticker fetch failed for BNBUSDT: 
2026-05-13 16:24:33.116 | WARNING  | app.engine.data.market_data:fetch_24h_ticker:136 - ticker fetch failed for ETHUSDT: 
2026-05-13 16:24:33.117 | WARNING  | app.engine.data.market_data:fetch_24h_ticker:136 - ticker fetch failed for BNBUSDT: 
2026-05-13 16:24:33.117 | WARNING  | app.engine.data.market_data:fetch_24h_ticker:136 - ticker fetch failed for BUSDUSDT: 
2026-05-13 16:24:33.118 | WARNING  | app.engine.data.market_data:fetch_24h_ticker:136 - ticker fetch failed for BTCUSDT: 
2026-05-13 16:24:40.743 | INFO     | app.engine.window:create:156 - window created 643270fc duration=3600s deploy<=400.0
2026-05-13 16:25:28.301 | WARNING  | app.engine.strategies.manager:evaluate_all:125 - strategy smart_trend raised: The truth value of a DataFrame is ambiguous. Use a.empty, a.bool(), a.item(), a.any() or a.all().
2026-05-13 16:25:33.158 | WARNING  | app.engine.data.market_data:fetch_24h_ticker:136 - ticker fetch failed for BNBUSDT: 
2026-05-13 16:25:33.349 | WARNING  | app.engine.strategies.manager:evaluate_all:125 - strategy smart_trend raised: The truth value of a DataFrame is ambiguous. Use a.empty, a.bool(), a.item(), a.any() or a.all().
2026-05-13 16:25:38.413 | WARNING  | app.engine.strategies.manager:evaluate_all:125 - strategy smart_trend raised: The truth value of a DataFrame is ambiguous. Use a.empty, a.bool(), a.item(), a.any() or a.all().
2026-05-13 16:25:44.478 | WARNING  | app.engine.strategies.manager:evaluate_all:125 - strategy smart_trend raised: The truth value of a DataFrame is ambiguous. Use a.empty, a.bool(), a.item(), a.any() or a.all().
2026-05-13 16:25:49.855 | WARNING  | app.engine.strategies.manager:evaluate_all:125 - strategy smart_trend raised: The truth value of a DataFrame is ambiguous. Use a.empty, a.bool(), a.item(), a.any() or a.all().
2026-05-13 16:25:53.068 | WARNING  | app.engine.data.market_data:fetch_24h_ticker:136 - ticker fetch failed for BNBUSDT: 
2026-05-13 16:25:53.072 | WARNING  | app.engine.data.market_data:fetch_24h_ticker:136 - ticker fetch failed for BTCUSDT: 
2026-05-13 16:25:53.072 | WARNING  | app.engine.data.market_data:fetch_24h_ticker:136 - ticker fetch failed for ETHUSDT: 
2026-05-13 16:25:53.073 | ERROR    | app.engine.data.market_data:fetch_ohlcv:84 - market_data fetch failed for BNBUSDT 15m: 
2026-05-13 16:25:53.076 | WARNING  | app.engine.data.market_data:fetch_24h_ticker:136 - ticker fetch failed for ETHUSDT: 
2026-05-13 16:25:54.890 | WARNING  | app.engine.strategies.manager:evaluate_all:125 - strategy smart_trend raised: The truth value of a DataFrame is ambiguous. Use a.empty, a.bool(), a.item(), a.any() or a.all().
2026-05-13 16:25:59.922 | WARNING  | app.engine.strategies.manager:evaluate_all:125 - strategy smart_trend raised: The truth value of a DataFrame is ambiguous. Use a.empty, a.bool(), a.item(), a.any() or a.all().
2026-05-13 16:26:05.192 | WARNING  | app.engine.strategies.manager:evaluate_all:125 - strategy smart_trend raised: The truth value of a DataFrame is ambiguous. Use a.empty, a.bool(), a.item(), a.any() or a.all().
2026-05-13 16:26:10.476 | WARNING  | app.engine.strategies.manager:evaluate_all:125 - strategy smart_trend raised: The truth value of a DataFrame is ambiguous. Use a.empty, a.bool(), a.item(), a.any() or a.all().
2026-05-13 16:26:15.523 | WARNING  | app.engine.strategies.manager:evaluate_all:125 - strategy smart_trend raised: The truth value of a DataFrame is ambiguous. Use a.empty, a.bool(), a.item(), a.any() or a.all().
2026-05-13 16:26:20.562 | WARNING  | app.engine.strategies.manager:evaluate_all:125 - strategy smart_trend raised: The truth value of a DataFrame is ambiguous. Use a.empty, a.bool(), a.item(), a.any() or a.all().
2026-05-13 16:26:25.850 | WARNING  | app.engine.strategies.manager:evaluate_all:125 - strategy smart_trend raised: The truth value of a DataFrame is ambiguous. Use a.empty, a.bool(), a.item(), a.any() or a.all().
2026-05-13 16:26:31.114 | WARNING  | app.engine.strategies.manager:evaluate_all:125 - strategy smart_trend raised: The truth value of a DataFrame is ambiguous. Use a.empty, a.bool(), a.item(), a.any() or a.all().
2026-05-13 16:26:36.181 | WARNING  | app.engine.strategies.manager:evaluate_all:125 - strategy smart_trend raised: The truth value of a DataFrame is ambiguous. Use a.empty, a.bool(), a.item(), a.any() or a.all().
2026-05-13 16:26:41.233 | WARNING  | app.engine.strategies.manager:evaluate_all:125 - strategy smart_trend raised: The truth value of a DataFrame is ambiguous. Use a.empty, a.bool(), a.item(), a.any() or a.all().
2026-05-13 16:26:46.517 | WARNING  | app.engine.strategies.manager:evaluate_all:125 - strategy smart_trend raised: The truth value of a DataFrame is ambiguous. Use a.empty, a.bool(), a.item(), a.any() or a.all().
2026-05-13 16:26:51.790 | WARNING  | app.engine.strategies.manager:evaluate_all:125 - strategy smart_trend raised: The truth value of a DataFrame is ambiguous. Use a.empty, a.bool(), a.item(), a.any() or a.all().
2026-05-13 16:26:56.825 | WARNING  | app.engine.strategies.manager:evaluate_all:125 - strategy smart_trend raised: The truth value of a DataFrame is ambiguous. Use a.empty, a.bool(), a.item(), a.any() or a.all().
2026-05-13 16:27:01.867 | WARNING  | app.engine.strategies.manager:evaluate_all:125 - strategy smart_trend raised: The truth value of a DataFrame is ambiguous. Use a.empty, a.bool(), a.item(), a.any() or a.all().
2026-05-13 16:27:07.317 | WARNING  | app.engine.strategies.manager:evaluate_all:125 - strategy smart_trend raised: The truth value of a DataFrame is ambiguous. Use a.empty, a.bool(), a.item(), a.any() or a.all().
2026-05-13 16:27:12.573 | WARNING  | app.engine.strategies.manager:evaluate_all:125 - strategy smart_trend raised: The truth value of a DataFrame is ambiguous. Use a.empty, a.bool(), a.item(), a.any() or a.all().
2026-05-13 16:27:17.608 | WARNING  | app.engine.strategies.manager:evaluate_all:125 - strategy smart_trend raised: The truth value of a DataFrame is ambiguous. Use a.empty, a.bool(), a.item(), a.any() or a.all().
2026-05-13 16:27:22.648 | WARNING  | app.engine.strategies.manager:evaluate_all:125 - strategy smart_trend raised: The truth value of a DataFrame is ambiguous. Use a.empty, a.bool(), a.item(), a.any() or a.all().
2026-05-13 16:27:28.121 | WARNING  | app.engine.strategies.manager:evaluate_all:125 - strategy smart_trend raised: The truth value of a DataFrame is ambiguous. Use a.empty, a.bool(), a.item(), a.any() or a.all().
2026-05-13 16:27:33.410 | WARNING  | app.engine.strategies.manager:evaluate_all:125 - strategy smart_trend raised: The truth value of a DataFrame is ambiguous. Use a.empty, a.bool(), a.item(), a.any() or a.all().
2026-05-13 16:27:38.457 | WARNING  | app.engine.strategies.manager:evaluate_all:125 - strategy smart_trend raised: The truth value of a DataFrame is ambiguous. Use a.empty, a.bool(), a.item(), a.any() or a.all().
2026-05-13 16:27:43.512 | WARNING  | app.engine.strategies.manager:evaluate_all:125 - strategy smart_trend raised: The truth value of a DataFrame is ambiguous. Use a.empty, a.bool(), a.item(), a.any() or a.all().
2026-05-13 16:27:48.773 | WARNING  | app.engine.strategies.manager:evaluate_all:125 - strategy smart_trend raised: The truth value of a DataFrame is ambiguous. Use a.empty, a.bool(), a.item(), a.any() or a.all().
2026-05-13 16:27:54.050 | WARNING  | app.engine.strategies.manager:evaluate_all:125 - strategy smart_trend raised: The truth value of a DataFrame is ambiguous. Use a.empty, a.bool(), a.item(), a.any() or a.all().
2026-05-13 16:27:59.096 | WARNING  | app.engine.strategies.manager:evaluate_all:125 - strategy smart_trend raised: The truth value of a DataFrame is ambiguous. Use a.empty, a.bool(), a.item(), a.any() or a.all().
2026-05-13 16:28:04.144 | WARNING  | app.engine.strategies.manager:evaluate_all:125 - strategy smart_trend raised: The truth value of a DataFrame is ambiguous. Use a.empty, a.bool(), a.item(), a.any() or a.all().
2026-05-13 16:28:09.406 | WARNING  | app.engine.strategies.manager:evaluate_all:125 - strategy smart_trend raised: The truth value of a DataFrame is ambiguous. Use a.empty, a.bool(), a.item(), a.any() or a.all().
2026-05-13 16:28:14.744 | WARNING  | app.engine.strategies.manager:evaluate_all:125 - strategy smart_trend raised: The truth value of a DataFrame is ambiguous. Use a.empty, a.bool(), a.item(), a.any() or a.all().
2026-05-13 16:28:19.781 | WARNING  | app.engine.strategies.manager:evaluate_all:125 - strategy smart_trend raised: The truth value of a DataFrame is ambiguous. Use a.empty, a.bool(), a.item(), a.any() or a.all().
2026-05-13 16:28:24.833 | WARNING  | app.engine.strategies.manager:evaluate_all:125 - strategy smart_trend raised: The truth value of a DataFrame is ambiguous. Use a.empty, a.bool(), a.item(), a.any() or a.all().
2026-05-13 16:28:30.093 | WARNING  | app.engine.strategies.manager:evaluate_all:125 - strategy smart_trend raised: The truth value of a DataFrame is ambiguous. Use a.empty, a.bool(), a.item(), a.any() or a.all().
2026-05-13 16:28:35.360 | WARNING  | app.engine.strategies.manager:evaluate_all:125 - strategy smart_trend raised: The truth value of a DataFrame is ambiguous. Use a.empty, a.bool(), a.item(), a.any() or a.all().
2026-05-13 16:28:40.408 | WARNING  | app.engine.strategies.manager:evaluate_all:125 - strategy smart_trend raised: The truth value of a DataFrame is ambiguous. Use a.empty, a.bool(), a.item(), a.any() or a.all().
2026-05-13 16:28:45.447 | WARNING  | app.engine.strategies.manager:evaluate_all:125 - strategy smart_trend raised: The truth value of a DataFrame is ambiguous. Use a.empty, a.bool(), a.item(), a.any() or a.all().
2026-05-13 16:28:50.735 | WARNING  | app.engine.strategies.manager:evaluate_all:125 - strategy smart_trend raised: The truth value of a DataFrame is ambiguous. Use a.empty, a.bool(), a.item(), a.any() or a.all().
2026-05-13 16:28:55.996 | WARNING  | app.engine.strategies.manager:evaluate_all:125 - strategy smart_trend raised: The truth value of a DataFrame is ambiguous. Use a.empty, a.bool(), a.item(), a.any() or a.all().
2026-05-13 16:29:01.050 | WARNING  | app.engine.strategies.manager:evaluate_all:125 - strategy smart_trend raised: The truth value of a DataFrame is ambiguous. Use a.empty, a.bool(), a.item(), a.any() or a.all().
2026-05-13 16:29:06.101 | WARNING  | app.engine.strategies.manager:evaluate_all:125 - strategy smart_trend raised: The truth value of a DataFrame is ambiguous. Use a.empty, a.bool(), a.item(), a.any() or a.all().
2026-05-13 16:29:11.515 | WARNING  | app.engine.strategies.manager:evaluate_all:125 - strategy smart_trend raised: The truth value of a DataFrame is ambiguous. Use a.empty, a.bool(), a.item(), a.any() or a.all().
2026-05-13 16:29:16.795 | WARNING  | app.engine.strategies.manager:evaluate_all:125 - strategy smart_trend raised: The truth value of a DataFrame is ambiguous. Use a.empty, a.bool(), a.item(), a.any() or a.all().
2026-05-13 16:29:21.855 | WARNING  | app.engine.strategies.manager:evaluate_all:125 - strategy smart_trend raised: The truth value of a DataFrame is ambiguous. Use a.empty, a.bool(), a.item(), a.any() or a.all().
2026-05-13 16:29:26.894 | WARNING  | app.engine.strategies.manager:evaluate_all:125 - strategy smart_trend raised: The truth value of a DataFrame is ambiguous. Use a.empty, a.bool(), a.item(), a.any() or a.all().
2026-05-13 16:29:32.398 | WARNING  | app.engine.strategies.manager:evaluate_all:125 - strategy smart_trend raised: The truth value of a DataFrame is ambiguous. Use a.empty, a.bool(), a.item(), a.any() or a.all().
2026-05-13 16:29:37.676 | WARNING  | app.engine.strategies.manager:evaluate_all:125 - strategy smart_trend raised: The truth value of a DataFrame is ambiguous. Use a.empty, a.bool(), a.item(), a.any() or a.all().
2026-05-13 16:29:42.725 | WARNING  | app.engine.strategies.manager:evaluate_all:125 - strategy smart_trend raised: The truth value of a DataFrame is ambiguous. Use a.empty, a.bool(), a.item(), a.any() or a.all().
2026-05-13 16:29:47.764 | WARNING  | app.engine.strategies.manager:evaluate_all:125 - strategy smart_trend raised: The truth value of a DataFrame is ambiguous. Use a.empty, a.bool(), a.item(), a.any() or a.all().
2026-05-13 16:29:53.233 | WARNING  | app.engine.strategies.manager:evaluate_all:125 - strategy smart_trend raised: The truth value of a DataFrame is ambiguous. Use a.empty, a.bool(), a.item(), a.any() or a.all().
2026-05-13 16:29:58.497 | WARNING  | app.engine.strategies.manager:evaluate_all:125 - strategy smart_trend raised: The truth value of a DataFrame is ambiguous. Use a.empty, a.bool(), a.item(), a.any() or a.all().
2026-05-13 16:30:03.541 | WARNING  | app.engine.strategies.manager:evaluate_all:125 - strategy smart_trend raised: The truth value of a DataFrame is ambiguous. Use a.empty, a.bool(), a.item(), a.any() or a.all().
2026-05-13 16:30:08.598 | WARNING  | app.engine.strategies.manager:evaluate_all:125 - strategy smart_trend raised: The truth value of a DataFrame is ambiguous. Use a.empty, a.bool(), a.item(), a.any() or a.all().
2026-05-13 16:30:14.137 | WARNING  | app.engine.strategies.manager:evaluate_all:125 - strategy smart_trend raised: The truth value of a DataFrame is ambiguous. Use a.empty, a.bool(), a.item(), a.any() or a.all().
2026-05-13 16:30:19.410 | WARNING  | app.engine.strategies.manager:evaluate_all:125 - strategy smart_trend raised: The truth value of a DataFrame is ambiguous. Use a.empty, a.bool(), a.item(), a.any() or a.all().
2026-05-13 16:30:24.902 | WARNING  | app.engine.strategies.manager:evaluate_all:125 - strategy smart_trend raised: The truth value of a DataFrame is ambiguous. Use a.empty, a.bool(), a.item(), a.any() or a.all().
2026-05-13 16:30:29.944 | WARNING  | app.engine.strategies.manager:evaluate_all:125 - strategy smart_trend raised: The truth value of a DataFrame is ambiguous. Use a.empty, a.bool(), a.item(), a.any() or a.all().
2026-05-13 16:30:35.468 | WARNING  | app.engine.strategies.manager:evaluate_all:125 - strategy smart_trend raised: The truth value of a DataFrame is ambiguous. Use a.empty, a.bool(), a.item(), a.any() or a.all().
2026-05-13 16:30:40.746 | WARNING  | app.engine.strategies.manager:evaluate_all:125 - strategy smart_trend raised: The truth value of a DataFrame is ambiguous. Use a.empty, a.bool(), a.item(), a.any() or a.all().
2026-05-13 16:30:45.797 | WARNING  | app.engine.strategies.manager:evaluate_all:125 - strategy smart_trend raised: The truth value of a DataFrame is ambiguous. Use a.empty, a.bool(), a.item(), a.any() or a.all().
2026-05-13 16:30:50.853 | WARNING  | app.engine.strategies.manager:evaluate_all:125 - strategy smart_trend raised: The truth value of a DataFrame is ambiguous. Use a.empty, a.bool(), a.item(), a.any() or a.all().
2026-05-13 16:30:56.313 | WARNING  | app.engine.strategies.manager:evaluate_all:125 - strategy smart_trend raised: The truth value of a DataFrame is ambiguous. Use a.empty, a.bool(), a.item(), a.any() or a.all().
2026-05-13 16:31:01.582 | WARNING  | app.engine.strategies.manager:evaluate_all:125 - strategy smart_trend raised: The truth value of a DataFrame is ambiguous. Use a.empty, a.bool(), a.item(), a.any() or a.all().
2026-05-13 16:31:06.633 | WARNING  | app.engine.strategies.manager:evaluate_all:125 - strategy smart_trend raised: The truth value of a DataFrame is ambiguous. Use a.empty, a.bool(), a.item(), a.any() or a.all().
2026-05-13 16:31:11.671 | WARNING  | app.engine.strategies.manager:evaluate_all:125 - strategy smart_trend raised: The truth value of a DataFrame is ambiguous. Use a.empty, a.bool(), a.item(), a.any() or a.all().
2026-05-13 16:31:17.138 | WARNING  | app.engine.strategies.manager:evaluate_all:125 - strategy smart_trend raised: The truth value of a DataFrame is ambiguous. Use a.empty, a.bool(), a.item(), a.any() or a.all().
2026-05-13 16:31:22.396 | WARNING  | app.engine.strategies.manager:evaluate_all:125 - strategy smart_trend raised: The truth value of a DataFrame is ambiguous. Use a.empty, a.bool(), a.item(), a.any() or a.all().
2026-05-13 16:31:27.433 | WARNING  | app.engine.strategies.manager:evaluate_all:125 - strategy smart_trend raised: The truth value of a DataFrame is ambiguous. Use a.empty, a.bool(), a.item(), a.any() or a.all().
2026-05-13 16:31:32.470 | WARNING  | app.engine.strategies.manager:evaluate_all:125 - strategy smart_trend raised: The truth value of a DataFrame is ambiguous. Use a.empty, a.bool(), a.item(), a.any() or a.all().
2026-05-13 16:31:38.008 | WARNING  | app.engine.strategies.manager:evaluate_all:125 - strategy smart_trend raised: The truth value of a DataFrame is ambiguous. Use a.empty, a.bool(), a.item(), a.any() or a.all().
2026-05-13 16:31:43.312 | WARNING  | app.engine.strategies.manager:evaluate_all:125 - strategy smart_trend raised: The truth value of a DataFrame is ambiguous. Use a.empty, a.bool(), a.item(), a.any() or a.all().
2026-05-13 16:31:48.366 | WARNING  | app.engine.strategies.manager:evaluate_all:125 - strategy smart_trend raised: The truth value of a DataFrame is ambiguous. Use a.empty, a.bool(), a.item(), a.any() or a.all().
2026-05-13 16:31:53.402 | WARNING  | app.engine.strategies.manager:evaluate_all:125 - strategy smart_trend raised: The truth value of a DataFrame is ambiguous. Use a.empty, a.bool(), a.item(), a.any() or a.all().
2026-05-13 16:31:58.870 | WARNING  | app.engine.strategies.manager:evaluate_all:125 - strategy smart_trend raised: The truth value of a DataFrame is ambiguous. Use a.empty, a.bool(), a.item(), a.any() or a.all().
2026-05-13 16:32:04.133 | WARNING  | app.engine.strategies.manager:evaluate_all:125 - strategy smart_trend raised: The truth value of a DataFrame is ambiguous. Use a.empty, a.bool(), a.item(), a.any() or a.all().
2026-05-13 16:32:09.173 | WARNING  | app.engine.strategies.manager:evaluate_all:125 - strategy smart_trend raised: The truth value of a DataFrame is ambiguous. Use a.empty, a.bool(), a.item(), a.any() or a.all().
2026-05-13 16:32:14.212 | WARNING  | app.engine.strategies.manager:evaluate_all:125 - strategy smart_trend raised: The truth value of a DataFrame is ambiguous. Use a.empty, a.bool(), a.item(), a.any() or a.all().
2026-05-13 16:32:19.691 | WARNING  | app.engine.strategies.manager:evaluate_all:125 - strategy smart_trend raised: The truth value of a DataFrame is ambiguous. Use a.empty, a.bool(), a.item(), a.any() or a.all().
2026-05-13 16:32:24.965 | WARNING  | app.engine.strategies.manager:evaluate_all:125 - strategy smart_trend raised: The truth value of a DataFrame is ambiguous. Use a.empty, a.bool(), a.item(), a.any() or a.all().
2026-05-13 16:32:30.002 | WARNING  | app.engine.strategies.manager:evaluate_all:125 - strategy smart_trend raised: The truth value of a DataFrame is ambiguous. Use a.empty, a.bool(), a.item(), a.any() or a.all().
2026-05-13 16:32:35.046 | WARNING  | app.engine.strategies.manager:evaluate_all:125 - strategy smart_trend raised: The truth value of a DataFrame is ambiguous. Use a.empty, a.bool(), a.item(), a.any() or a.all().
2026-05-13 16:32:40.505 | WARNING  | app.engine.strategies.manager:evaluate_all:125 - strategy smart_trend raised: The truth value of a DataFrame is ambiguous. Use a.empty, a.bool(), a.item(), a.any() or a.all().
2026-05-13 16:32:45.775 | WARNING  | app.engine.strategies.manager:evaluate_all:125 - strategy smart_trend raised: The truth value of a DataFrame is ambiguous. Use a.empty, a.bool(), a.item(), a.any() or a.all().
2026-05-13 16:32:50.800 | WARNING  | app.engine.strategies.manager:evaluate_all:125 - strategy smart_trend raised: The truth value of a DataFrame is ambiguous. Use a.empty, a.bool(), a.item(), a.any() or a.all().
2026-05-13 16:32:55.827 | WARNING  | app.engine.strategies.manager:evaluate_all:125 - strategy smart_trend raised: The truth value of a DataFrame is ambiguous. Use a.empty, a.bool(), a.item(), a.any() or a.all().
2026-05-13 16:33:01.345 | WARNING  | app.engine.strategies.manager:evaluate_all:125 - strategy smart_trend raised: The truth value of a DataFrame is ambiguous. Use a.empty, a.bool(), a.item(), a.any() or a.all().
2026-05-13 16:33:06.638 | WARNING  | app.engine.strategies.manager:evaluate_all:125 - strategy smart_trend raised: The truth value of a DataFrame is ambiguous. Use a.empty, a.bool(), a.item(), a.any() or a.all().
2026-05-13 16:33:11.690 | WARNING  | app.engine.strategies.manager:evaluate_all:125 - strategy smart_trend raised: The truth value of a DataFrame is ambiguous. Use a.empty, a.bool(), a.item(), a.any() or a.all().
2026-05-13 16:33:16.733 | WARNING  | app.engine.strategies.manager:evaluate_all:125 - strategy smart_trend raised: The truth value of a DataFrame is ambiguous. Use a.empty, a.bool(), a.item(), a.any() or a.all().
2026-05-13 16:33:22.014 | WARNING  | app.engine.strategies.manager:evaluate_all:125 - strategy smart_trend raised: The truth value of a DataFrame is ambiguous. Use a.empty, a.bool(), a.item(), a.any() or a.all().
2026-05-13 16:33:27.334 | WARNING  | app.engine.strategies.manager:evaluate_all:125 - strategy smart_trend raised: The truth value of a DataFrame is ambiguous. Use a.empty, a.bool(), a.item(), a.any() or a.all().
2026-05-13 16:33:32.378 | WARNING  | app.engine.strategies.manager:evaluate_all:125 - strategy smart_trend raised: The truth value of a DataFrame is ambiguous. Use a.empty, a.bool(), a.item(), a.any() or a.all().
2026-05-13 16:33:37.430 | WARNING  | app.engine.strategies.manager:evaluate_all:125 - strategy smart_trend raised: The truth value of a DataFrame is ambiguous. Use a.empty, a.bool(), a.item(), a.any() or a.all().
2026-05-13 16:33:42.879 | WARNING  | app.engine.strategies.manager:evaluate_all:125 - strategy smart_trend raised: The truth value of a DataFrame is ambiguous. Use a.empty, a.bool(), a.item(), a.any() or a.all().
2026-05-13 16:33:48.156 | WARNING  | app.engine.strategies.manager:evaluate_all:125 - strategy smart_trend raised: The truth value of a DataFrame is ambiguous. Use a.empty, a.bool(), a.item(), a.any() or a.all().
2026-05-13 16:33:53.199 | WARNING  | app.engine.strategies.manager:evaluate_all:125 - strategy smart_trend raised: The truth value of a DataFrame is ambiguous. Use a.empty, a.bool(), a.item(), a.any() or a.all().
2026-05-13 16:33:58.242 | WARNING  | app.engine.strategies.manager:evaluate_all:125 - strategy smart_trend raised: The truth value of a DataFrame is ambiguous. Use a.empty, a.bool(), a.item(), a.any() or a.all().
2026-05-13 16:34:03.705 | WARNING  | app.engine.strategies.manager:evaluate_all:125 - strategy smart_trend raised: The truth value of a DataFrame is ambiguous. Use a.empty, a.bool(), a.item(), a.any() or a.all().
2026-05-13 16:34:08.983 | WARNING  | app.engine.strategies.manager:evaluate_all:125 - strategy smart_trend raised: The truth value of a DataFrame is ambiguous. Use a.empty, a.bool(), a.item(), a.any() or a.all().
2026-05-13 16:34:14.024 | WARNING  | app.engine.strategies.manager:evaluate_all:125 - strategy smart_trend raised: The truth value of a DataFrame is ambiguous. Use a.empty, a.bool(), a.item(), a.any() or a.all().
2026-05-13 16:34:19.062 | WARNING  | app.engine.strategies.manager:evaluate_all:125 - strategy smart_trend raised: The truth value of a DataFrame is ambiguous. Use a.empty, a.bool(), a.item(), a.any() or a.all().
2026-05-13 16:34:24.349 | WARNING  | app.engine.strategies.manager:evaluate_all:125 - strategy smart_trend raised: The truth value of a DataFrame is ambiguous. Use a.empty, a.bool(), a.item(), a.any() or a.all().
2026-05-13 16:34:29.624 | WARNING  | app.engine.strategies.manager:evaluate_all:125 - strategy smart_trend raised: The truth value of a DataFrame is ambiguous. Use a.empty, a.bool(), a.item(), a.any() or a.all().
2026-05-13 16:34:34.672 | WARNING  | app.engine.strategies.manager:evaluate_all:125 - strategy smart_trend raised: The truth value of a DataFrame is ambiguous. Use a.empty, a.bool(), a.item(), a.any() or a.all().
2026-05-13 16:34:39.719 | WARNING  | app.engine.strategies.manager:evaluate_all:125 - strategy smart_trend raised: The truth value of a DataFrame is ambiguous. Use a.empty, a.bool(), a.item(), a.any() or a.all().
2026-05-13 16:34:45.198 | WARNING  | app.engine.strategies.manager:evaluate_all:125 - strategy smart_trend raised: The truth value of a DataFrame is ambiguous. Use a.empty, a.bool(), a.item(), a.any() or a.all().
2026-05-13 16:34:50.503 | WARNING  | app.engine.strategies.manager:evaluate_all:125 - strategy smart_trend raised: The truth value of a DataFrame is ambiguous. Use a.empty, a.bool(), a.item(), a.any() or a.all().
2026-05-13 16:34:55.541 | WARNING  | app.engine.strategies.manager:evaluate_all:125 - strategy smart_trend raised: The truth value of a DataFrame is ambiguous. Use a.empty, a.bool(), a.item(), a.any() or a.all().
2026-05-13 16:35:00.581 | WARNING  | app.engine.strategies.manager:evaluate_all:125 - strategy smart_trend raised: The truth value of a DataFrame is ambiguous. Use a.empty, a.bool(), a.item(), a.any() or a.all().
2026-05-13 16:35:06.037 | WARNING  | app.engine.strategies.manager:evaluate_all:125 - strategy smart_trend raised: The truth value of a DataFrame is ambiguous. Use a.empty, a.bool(), a.item(), a.any() or a.all().
2026-05-13 16:35:11.312 | WARNING  | app.engine.strategies.manager:evaluate_all:125 - strategy smart_trend raised: The truth value of a DataFrame is ambiguous. Use a.empty, a.bool(), a.item(), a.any() or a.all().
2026-05-13 16:35:16.362 | WARNING  | app.engine.strategies.manager:evaluate_all:125 - strategy smart_trend raised: The truth value of a DataFrame is ambiguous. Use a.empty, a.bool(), a.item(), a.any() or a.all().
2026-05-13 16:35:21.407 | WARNING  | app.engine.strategies.manager:evaluate_all:125 - strategy smart_trend raised: The truth value of a DataFrame is ambiguous. Use a.empty, a.bool(), a.item(), a.any() or a.all().
2026-05-13 16:35:26.697 | WARNING  | app.engine.strategies.manager:evaluate_all:125 - strategy smart_trend raised: The truth value of a DataFrame is ambiguous. Use a.empty, a.bool(), a.item(), a.any() or a.all().
2026-05-13 16:35:31.975 | WARNING  | app.engine.strategies.manager:evaluate_all:125 - strategy smart_trend raised: The truth value of a DataFrame is ambiguous. Use a.empty, a.bool(), a.item(), a.any() or a.all().
2026-05-13 16:35:37.024 | WARNING  | app.engine.strategies.manager:evaluate_all:125 - strategy smart_trend raised: The truth value of a DataFrame is ambiguous. Use a.empty, a.bool(), a.item(), a.any() or a.all().
2026-05-13 16:35:42.067 | WARNING  | app.engine.strategies.manager:evaluate_all:125 - strategy smart_trend raised: The truth value of a DataFrame is ambiguous. Use a.empty, a.bool(), a.item(), a.any() or a.all().
2026-05-13 16:38:02.075 | ERROR    | app.engine.data.market_data:fetch_ohlcv:84 - market_data fetch failed for BNBUSDT 1h: 
2026-05-13 16:45:08.410 | WARNING  | app.engine.strategies.manager:evaluate_all:125 - strategy smart_trend raised: The truth value of a DataFrame is ambiguous. Use a.empty, a.bool(), a.item(), a.any() or a.all().
2026-05-13 16:45:13.924 | WARNING  | app.engine.strategies.manager:evaluate_all:125 - strategy smart_trend raised: The truth value of a DataFrame is ambiguous. Use a.empty, a.bool(), a.item(), a.any() or a.all().
2026-05-13 16:45:19.360 | WARNING  | app.engine.strategies.manager:evaluate_all:125 - strategy smart_trend raised: The truth value of a DataFrame is ambiguous. Use a.empty, a.bool(), a.item(), a.any() or a.all().
2026-05-13 16:45:24.406 | WARNING  | app.engine.strategies.manager:evaluate_all:125 - strategy smart_trend raised: The truth value of a DataFrame is ambiguous. Use a.empty, a.bool(), a.item(), a.any() or a.all().
2026-05-13 16:45:29.856 | WARNING  | app.engine.strategies.manager:evaluate_all:125 - strategy smart_trend raised: The truth value of a DataFrame is ambiguous. Use a.empty, a.bool(), a.item(), a.any() or a.all().
2026-05-13 16:45:35.314 | WARNING  | app.engine.strategies.manager:evaluate_all:125 - strategy smart_trend raised: The truth value of a DataFrame is ambiguous. Use a.empty, a.bool(), a.item(), a.any() or a.all().
2026-05-13 16:45:40.733 | WARNING  | app.engine.strategies.manager:evaluate_all:125 - strategy smart_trend raised: The truth value of a DataFrame is ambiguous. Use a.empty, a.bool(), a.item(), a.any() or a.all().
2026-05-13 16:45:45.782 | WARNING  | app.engine.strategies.manager:evaluate_all:125 - strategy smart_trend raised: The truth value of a DataFrame is ambiguous. Use a.empty, a.bool(), a.item(), a.any() or a.all().
2026-05-13 16:45:51.247 | WARNING  | app.engine.strategies.manager:evaluate_all:125 - strategy smart_trend raised: The truth value of a DataFrame is ambiguous. Use a.empty, a.bool(), a.item(), a.any() or a.all().
2026-05-13 16:45:56.675 | WARNING  | app.engine.strategies.manager:evaluate_all:125 - strategy smart_trend raised: The truth value of a DataFrame is ambiguous. Use a.empty, a.bool(), a.item(), a.any() or a.all().
2026-05-13 16:46:02.081 | WARNING  | app.engine.strategies.manager:evaluate_all:125 - strategy smart_trend raised: The truth value of a DataFrame is ambiguous. Use a.empty, a.bool(), a.item(), a.any() or a.all().
2026-05-13 16:46:07.124 | WARNING  | app.engine.strategies.manager:evaluate_all:125 - strategy smart_trend raised: The truth value of a DataFrame is ambiguous. Use a.empty, a.bool(), a.item(), a.any() or a.all().
2026-05-13 16:46:12.566 | WARNING  | app.engine.strategies.manager:evaluate_all:125 - strategy smart_trend raised: The truth value of a DataFrame is ambiguous. Use a.empty, a.bool(), a.item(), a.any() or a.all().
2026-05-13 16:46:17.974 | WARNING  | app.engine.strategies.manager:evaluate_all:125 - strategy smart_trend raised: The truth value of a DataFrame is ambiguous. Use a.empty, a.bool(), a.item(), a.any() or a.all().
2026-05-13 16:46:23.247 | WARNING  | app.engine.strategies.manager:evaluate_all:125 - strategy smart_trend raised: The truth value of a DataFrame is ambiguous. Use a.empty, a.bool(), a.item(), a.any() or a.all().
2026-05-13 16:46:28.282 | WARNING  | app.engine.strategies.manager:evaluate_all:125 - strategy smart_trend raised: The truth value of a DataFrame is ambiguous. Use a.empty, a.bool(), a.item(), a.any() or a.all().
2026-05-13 16:46:33.751 | WARNING  | app.engine.strategies.manager:evaluate_all:125 - strategy smart_trend raised: The truth value of a DataFrame is ambiguous. Use a.empty, a.bool(), a.item(), a.any() or a.all().
2026-05-13 16:46:39.177 | WARNING  | app.engine.strategies.manager:evaluate_all:125 - strategy smart_trend raised: The truth value of a DataFrame is ambiguous. Use a.empty, a.bool(), a.item(), a.any() or a.all().
2026-05-13 16:46:44.621 | WARNING  | app.engine.strategies.manager:evaluate_all:125 - strategy smart_trend raised: The truth value of a DataFrame is ambiguous. Use a.empty, a.bool(), a.item(), a.any() or a.all().
2026-05-13 16:46:49.657 | WARNING  | app.engine.strategies.manager:evaluate_all:125 - strategy smart_trend raised: The truth value of a DataFrame is ambiguous. Use a.empty, a.bool(), a.item(), a.any() or a.all().
2026-05-13 16:46:55.091 | WARNING  | app.engine.strategies.manager:evaluate_all:125 - strategy smart_trend raised: The truth value of a DataFrame is ambiguous. Use a.empty, a.bool(), a.item(), a.any() or a.all().
2026-05-13 16:47:00.495 | WARNING  | app.engine.strategies.manager:evaluate_all:125 - strategy smart_trend raised: The truth value of a DataFrame is ambiguous. Use a.empty, a.bool(), a.item(), a.any() or a.all().
2026-05-13 16:47:05.959 | WARNING  | app.engine.strategies.manager:evaluate_all:125 - strategy smart_trend raised: The truth value of a DataFrame is ambiguous. Use a.empty, a.bool(), a.item(), a.any() or a.all().
2026-05-13 16:47:05.977 | WARNING  | app.engine.strategies.manager:evaluate_all:125 - strategy smart_trend raised: The truth value of a DataFrame is ambiguous. Use a.empty, a.bool(), a.item(), a.any() or a.all().
2026-05-13 16:47:11.006 | WARNING  | app.engine.strategies.manager:evaluate_all:125 - strategy smart_trend raised: The truth value of a DataFrame is ambiguous. Use a.empty, a.bool(), a.item(), a.any() or a.all().
2026-05-13 16:47:11.025 | WARNING  | app.engine.strategies.manager:evaluate_all:125 - strategy smart_trend raised: The truth value of a DataFrame is ambiguous. Use a.empty, a.bool(), a.item(), a.any() or a.all().
2026-05-13 16:47:16.038 | WARNING  | app.engine.strategies.manager:evaluate_all:125 - strategy smart_trend raised: The truth value of a DataFrame is ambiguous. Use a.empty, a.bool(), a.item(), a.any() or a.all().
2026-05-13 16:47:16.443 | WARNING  | app.engine.strategies.manager:evaluate_all:125 - strategy smart_trend raised: The truth value of a DataFrame is ambiguous. Use a.empty, a.bool(), a.item(), a.any() or a.all().
2026-05-13 16:47:21.697 | WARNING  | app.engine.strategies.manager:evaluate_all:125 - strategy smart_trend raised: The truth value of a DataFrame is ambiguous. Use a.empty, a.bool(), a.item(), a.any() or a.all().
2026-05-13 16:47:21.713 | WARNING  | app.engine.strategies.manager:evaluate_all:125 - strategy smart_trend raised: The truth value of a DataFrame is ambiguous. Use a.empty, a.bool(), a.item(), a.any() or a.all().
2026-05-13 16:47:26.976 | WARNING  | app.engine.strategies.manager:evaluate_all:125 - strategy smart_trend raised: The truth value of a DataFrame is ambiguous. Use a.empty, a.bool(), a.item(), a.any() or a.all().
2026-05-13 16:47:26.999 | WARNING  | app.engine.strategies.manager:evaluate_all:125 - strategy smart_trend raised: The truth value of a DataFrame is ambiguous. Use a.empty, a.bool(), a.item(), a.any() or a.all().
2026-05-13 16:47:32.015 | WARNING  | app.engine.strategies.manager:evaluate_all:125 - strategy smart_trend raised: The truth value of a DataFrame is ambiguous. Use a.empty, a.bool(), a.item(), a.any() or a.all().
2026-05-13 16:47:32.030 | WARNING  | app.engine.strategies.manager:evaluate_all:125 - strategy smart_trend raised: The truth value of a DataFrame is ambiguous. Use a.empty, a.bool(), a.item(), a.any() or a.all().
2026-05-13 16:47:37.045 | WARNING  | app.engine.strategies.manager:evaluate_all:125 - strategy smart_trend raised: The truth value of a DataFrame is ambiguous. Use a.empty, a.bool(), a.item(), a.any() or a.all().
2026-05-13 16:47:37.455 | WARNING  | app.engine.strategies.manager:evaluate_all:125 - strategy smart_trend raised: The truth value of a DataFrame is ambiguous. Use a.empty, a.bool(), a.item(), a.any() or a.all().
2026-05-13 16:47:42.866 | WARNING  | app.engine.strategies.manager:evaluate_all:125 - strategy smart_trend raised: The truth value of a DataFrame is ambiguous. Use a.empty, a.bool(), a.item(), a.any() or a.all().
2026-05-13 16:47:42.900 | WARNING  | app.engine.strategies.manager:evaluate_all:125 - strategy smart_trend raised: The truth value of a DataFrame is ambiguous. Use a.empty, a.bool(), a.item(), a.any() or a.all().
2026-05-13 16:47:48.178 | WARNING  | app.engine.strategies.manager:evaluate_all:125 - strategy smart_trend raised: The truth value of a DataFrame is ambiguous. Use a.empty, a.bool(), a.item(), a.any() or a.all().
2026-05-13 16:47:48.193 | WARNING  | app.engine.strategies.manager:evaluate_all:125 - strategy smart_trend raised: The truth value of a DataFrame is ambiguous. Use a.empty, a.bool(), a.item(), a.any() or a.all().
2026-05-13 16:47:53.211 | WARNING  | app.engine.strategies.manager:evaluate_all:125 - strategy smart_trend raised: The truth value of a DataFrame is ambiguous. Use a.empty, a.bool(), a.item(), a.any() or a.all().
2026-05-13 16:47:53.229 | WARNING  | app.engine.strategies.manager:evaluate_all:125 - strategy smart_trend raised: The truth value of a DataFrame is ambiguous. Use a.empty, a.bool(), a.item(), a.any() or a.all().
2026-05-13 16:47:58.253 | WARNING  | app.engine.strategies.manager:evaluate_all:125 - strategy smart_trend raised: The truth value of a DataFrame is ambiguous. Use a.empty, a.bool(), a.item(), a.any() or a.all().
2026-05-13 16:47:58.640 | WARNING  | app.engine.strategies.manager:evaluate_all:125 - strategy smart_trend raised: The truth value of a DataFrame is ambiguous. Use a.empty, a.bool(), a.item(), a.any() or a.all().
2026-05-13 16:48:04.053 | WARNING  | app.engine.strategies.manager:evaluate_all:125 - strategy smart_trend raised: The truth value of a DataFrame is ambiguous. Use a.empty, a.bool(), a.item(), a.any() or a.all().
2026-05-13 16:48:04.073 | WARNING  | app.engine.strategies.manager:evaluate_all:125 - strategy smart_trend raised: The truth value of a DataFrame is ambiguous. Use a.empty, a.bool(), a.item(), a.any() or a.all().
2026-05-13 16:48:09.311 | WARNING  | app.engine.strategies.manager:evaluate_all:125 - strategy smart_trend raised: The truth value of a DataFrame is ambiguous. Use a.empty, a.bool(), a.item(), a.any() or a.all().
2026-05-13 16:48:09.326 | WARNING  | app.engine.strategies.manager:evaluate_all:125 - strategy smart_trend raised: The truth value of a DataFrame is ambiguous. Use a.empty, a.bool(), a.item(), a.any() or a.all().
2026-05-13 16:48:14.345 | WARNING  | app.engine.strategies.manager:evaluate_all:125 - strategy smart_trend raised: The truth value of a DataFrame is ambiguous. Use a.empty, a.bool(), a.item(), a.any() or a.all().
2026-05-13 16:48:14.354 | WARNING  | app.engine.strategies.manager:evaluate_all:125 - strategy smart_trend raised: The truth value of a DataFrame is ambiguous. Use a.empty, a.bool(), a.item(), a.any() or a.all().
2026-05-13 16:48:19.373 | WARNING  | app.engine.strategies.manager:evaluate_all:125 - strategy smart_trend raised: The truth value of a DataFrame is ambiguous. Use a.empty, a.bool(), a.item(), a.any() or a.all().
2026-05-13 16:48:19.824 | WARNING  | app.engine.strategies.manager:evaluate_all:125 - strategy smart_trend raised: The truth value of a DataFrame is ambiguous. Use a.empty, a.bool(), a.item(), a.any() or a.all().
2026-05-13 16:48:25.060 | WARNING  | app.engine.strategies.manager:evaluate_all:125 - strategy smart_trend raised: The truth value of a DataFrame is ambiguous. Use a.empty, a.bool(), a.item(), a.any() or a.all().
2026-05-13 16:48:25.069 | WARNING  | app.engine.strategies.manager:evaluate_all:125 - strategy smart_trend raised: The truth value of a DataFrame is ambiguous. Use a.empty, a.bool(), a.item(), a.any() or a.all().
2026-05-13 16:48:30.487 | WARNING  | app.engine.strategies.manager:evaluate_all:125 - strategy smart_trend raised: The truth value of a DataFrame is ambiguous. Use a.empty, a.bool(), a.item(), a.any() or a.all().
2026-05-13 16:48:30.502 | WARNING  | app.engine.strategies.manager:evaluate_all:125 - strategy smart_trend raised: The truth value of a DataFrame is ambiguous. Use a.empty, a.bool(), a.item(), a.any() or a.all().
2026-05-13 16:48:35.531 | WARNING  | app.engine.strategies.manager:evaluate_all:125 - strategy smart_trend raised: The truth value of a DataFrame is ambiguous. Use a.empty, a.bool(), a.item(), a.any() or a.all().
2026-05-13 16:48:35.553 | WARNING  | app.engine.strategies.manager:evaluate_all:125 - strategy smart_trend raised: The truth value of a DataFrame is ambiguous. Use a.empty, a.bool(), a.item(), a.any() or a.all().
2026-05-13 16:48:40.572 | WARNING  | app.engine.strategies.manager:evaluate_all:125 - strategy smart_trend raised: The truth value of a DataFrame is ambiguous. Use a.empty, a.bool(), a.item(), a.any() or a.all().
2026-05-13 16:48:41.032 | WARNING  | app.engine.strategies.manager:evaluate_all:125 - strategy smart_trend raised: The truth value of a DataFrame is ambiguous. Use a.empty, a.bool(), a.item(), a.any() or a.all().
2026-05-13 16:48:46.410 | WARNING  | app.engine.strategies.manager:evaluate_all:125 - strategy smart_trend raised: The truth value of a DataFrame is ambiguous. Use a.empty, a.bool(), a.item(), a.any() or a.all().
2026-05-13 16:48:46.429 | WARNING  | app.engine.strategies.manager:evaluate_all:125 - strategy smart_trend raised: The truth value of a DataFrame is ambiguous. Use a.empty, a.bool(), a.item(), a.any() or a.all().
2026-05-13 16:48:51.828 | WARNING  | app.engine.strategies.manager:evaluate_all:125 - strategy smart_trend raised: The truth value of a DataFrame is ambiguous. Use a.empty, a.bool(), a.item(), a.any() or a.all().
2026-05-13 16:48:51.842 | WARNING  | app.engine.strategies.manager:evaluate_all:125 - strategy smart_trend raised: The truth value of a DataFrame is ambiguous. Use a.empty, a.bool(), a.item(), a.any() or a.all().
2026-05-13 16:48:56.862 | WARNING  | app.engine.strategies.manager:evaluate_all:125 - strategy smart_trend raised: The truth value of a DataFrame is ambiguous. Use a.empty, a.bool(), a.item(), a.any() or a.all().
2026-05-13 16:48:56.879 | WARNING  | app.engine.strategies.manager:evaluate_all:125 - strategy smart_trend raised: The truth value of a DataFrame is ambiguous. Use a.empty, a.bool(), a.item(), a.any() or a.all().
2026-05-13 16:49:01.912 | WARNING  | app.engine.strategies.manager:evaluate_all:125 - strategy smart_trend raised: The truth value of a DataFrame is ambiguous. Use a.empty, a.bool(), a.item(), a.any() or a.all().
2026-05-13 16:49:02.380 | WARNING  | app.engine.strategies.manager:evaluate_all:125 - strategy smart_trend raised: The truth value of a DataFrame is ambiguous. Use a.empty, a.bool(), a.item(), a.any() or a.all().
2026-05-13 16:49:07.790 | WARNING  | app.engine.strategies.manager:evaluate_all:125 - strategy smart_trend raised: The truth value of a DataFrame is ambiguous. Use a.empty, a.bool(), a.item(), a.any() or a.all().
2026-05-13 16:49:07.807 | WARNING  | app.engine.strategies.manager:evaluate_all:125 - strategy smart_trend raised: The truth value of a DataFrame is ambiguous. Use a.empty, a.bool(), a.item(), a.any() or a.all().
2026-05-13 16:49:13.217 | WARNING  | app.engine.strategies.manager:evaluate_all:125 - strategy smart_trend raised: The truth value of a DataFrame is ambiguous. Use a.empty, a.bool(), a.item(), a.any() or a.all().
2026-05-13 16:49:13.231 | WARNING  | app.engine.strategies.manager:evaluate_all:125 - strategy smart_trend raised: The truth value of a DataFrame is ambiguous. Use a.empty, a.bool(), a.item(), a.any() or a.all().
2026-05-13 16:49:18.249 | WARNING  | app.engine.strategies.manager:evaluate_all:125 - strategy smart_trend raised: The truth value of a DataFrame is ambiguous. Use a.empty, a.bool(), a.item(), a.any() or a.all().
2026-05-13 16:49:18.258 | WARNING  | app.engine.strategies.manager:evaluate_all:125 - strategy smart_trend raised: The truth value of a DataFrame is ambiguous. Use a.empty, a.bool(), a.item(), a.any() or a.all().
2026-05-13 16:49:23.288 | WARNING  | app.engine.strategies.manager:evaluate_all:125 - strategy smart_trend raised: The truth value of a DataFrame is ambiguous. Use a.empty, a.bool(), a.item(), a.any() or a.all().
2026-05-13 16:49:23.535 | WARNING  | app.engine.strategies.manager:evaluate_all:125 - strategy smart_trend raised: The truth value of a DataFrame is ambiguous. Use a.empty, a.bool(), a.item(), a.any() or a.all().
2026-05-13 16:49:28.974 | WARNING  | app.engine.strategies.manager:evaluate_all:125 - strategy smart_trend raised: The truth value of a DataFrame is ambiguous. Use a.empty, a.bool(), a.item(), a.any() or a.all().
2026-05-13 16:49:28.990 | WARNING  | app.engine.strategies.manager:evaluate_all:125 - strategy smart_trend raised: The truth value of a DataFrame is ambiguous. Use a.empty, a.bool(), a.item(), a.any() or a.all().
2026-05-13 16:49:34.412 | WARNING  | app.engine.strategies.manager:evaluate_all:125 - strategy smart_trend raised: The truth value of a DataFrame is ambiguous. Use a.empty, a.bool(), a.item(), a.any() or a.all().
2026-05-13 16:49:39.452 | WARNING  | app.engine.strategies.manager:evaluate_all:125 - strategy smart_trend raised: The truth value of a DataFrame is ambiguous. Use a.empty, a.bool(), a.item(), a.any() or a.all().
2026-05-13 16:49:44.891 | WARNING  | app.engine.strategies.manager:evaluate_all:125 - strategy smart_trend raised: The truth value of a DataFrame is ambiguous. Use a.empty, a.bool(), a.item(), a.any() or a.all().
2026-05-13 16:49:50.312 | WARNING  | app.engine.strategies.manager:evaluate_all:125 - strategy smart_trend raised: The truth value of a DataFrame is ambiguous. Use a.empty, a.bool(), a.item(), a.any() or a.all().
2026-05-13 16:49:55.727 | WARNING  | app.engine.strategies.manager:evaluate_all:125 - strategy smart_trend raised: The truth value of a DataFrame is ambiguous. Use a.empty, a.bool(), a.item(), a.any() or a.all().
2026-05-13 16:50:00.780 | WARNING  | app.engine.strategies.manager:evaluate_all:125 - strategy smart_trend raised: The truth value of a DataFrame is ambiguous. Use a.empty, a.bool(), a.item(), a.any() or a.all().
2026-05-13 16:50:06.198 | WARNING  | app.engine.strategies.manager:evaluate_all:125 - strategy smart_trend raised: The truth value of a DataFrame is ambiguous. Use a.empty, a.bool(), a.item(), a.any() or a.all().
2026-05-13 16:50:11.610 | WARNING  | app.engine.strategies.manager:evaluate_all:125 - strategy smart_trend raised: The truth value of a DataFrame is ambiguous. Use a.empty, a.bool(), a.item(), a.any() or a.all().
2026-05-13 16:50:17.312 | WARNING  | app.engine.strategies.manager:evaluate_all:125 - strategy smart_trend raised: The truth value of a DataFrame is ambiguous. Use a.empty, a.bool(), a.item(), a.any() or a.all().
2026-05-13 16:50:22.362 | WARNING  | app.engine.strategies.manager:evaluate_all:125 - strategy smart_trend raised: The truth value of a DataFrame is ambiguous. Use a.empty, a.bool(), a.item(), a.any() or a.all().
2026-05-13 16:50:27.645 | WARNING  | app.engine.strategies.manager:evaluate_all:125 - strategy smart_trend raised: The truth value of a DataFrame is ambiguous. Use a.empty, a.bool(), a.item(), a.any() or a.all().
2026-05-13 16:50:33.093 | WARNING  | app.engine.strategies.manager:evaluate_all:125 - strategy smart_trend raised: The truth value of a DataFrame is ambiguous. Use a.empty, a.bool(), a.item(), a.any() or a.all().
2026-05-13 16:50:38.577 | WARNING  | app.engine.strategies.manager:evaluate_all:125 - strategy smart_trend raised: The truth value of a DataFrame is ambiguous. Use a.empty, a.bool(), a.item(), a.any() or a.all().
2026-05-13 16:50:43.714 | WARNING  | app.engine.strategies.manager:evaluate_all:125 - strategy smart_trend raised: The truth value of a DataFrame is ambiguous. Use a.empty, a.bool(), a.item(), a.any() or a.all().
2026-05-13 16:50:49.170 | WARNING  | app.engine.strategies.manager:evaluate_all:125 - strategy smart_trend raised: The truth value of a DataFrame is ambiguous. Use a.empty, a.bool(), a.item(), a.any() or a.all().
2026-05-13 16:50:54.565 | WARNING  | app.engine.strategies.manager:evaluate_all:125 - strategy smart_trend raised: The truth value of a DataFrame is ambiguous. Use a.empty, a.bool(), a.item(), a.any() or a.all().
2026-05-13 16:50:59.998 | WARNING  | app.engine.strategies.manager:evaluate_all:125 - strategy smart_trend raised: The truth value of a DataFrame is ambiguous. Use a.empty, a.bool(), a.item(), a.any() or a.all().
2026-05-13 16:51:05.047 | WARNING  | app.engine.strategies.manager:evaluate_all:125 - strategy smart_trend raised: The truth value of a DataFrame is ambiguous. Use a.empty, a.bool(), a.item(), a.any() or a.all().
2026-05-13 16:51:10.506 | WARNING  | app.engine.strategies.manager:evaluate_all:125 - strategy smart_trend raised: The truth value of a DataFrame is ambiguous. Use a.empty, a.bool(), a.item(), a.any() or a.all().
2026-05-13 16:51:15.893 | WARNING  | app.engine.strategies.manager:evaluate_all:125 - strategy smart_trend raised: The truth value of a DataFrame is ambiguous. Use a.empty, a.bool(), a.item(), a.any() or a.all().
2026-05-13 16:51:21.298 | WARNING  | app.engine.strategies.manager:evaluate_all:125 - strategy smart_trend raised: The truth value of a DataFrame is ambiguous. Use a.empty, a.bool(), a.item(), a.any() or a.all().
2026-05-13 16:51:26.330 | WARNING  | app.engine.strategies.manager:evaluate_all:125 - strategy smart_trend raised: The truth value of a DataFrame is ambiguous. Use a.empty, a.bool(), a.item(), a.any() or a.all().
2026-05-13 16:51:31.761 | WARNING  | app.engine.strategies.manager:evaluate_all:125 - strategy smart_trend raised: The truth value of a DataFrame is ambiguous. Use a.empty, a.bool(), a.item(), a.any() or a.all().
2026-05-13 16:51:37.177 | WARNING  | app.engine.strategies.manager:evaluate_all:125 - strategy smart_trend raised: The truth value of a DataFrame is ambiguous. Use a.empty, a.bool(), a.item(), a.any() or a.all().
2026-05-13 16:51:42.578 | WARNING  | app.engine.strategies.manager:evaluate_all:125 - strategy smart_trend raised: The truth value of a DataFrame is ambiguous. Use a.empty, a.bool(), a.item(), a.any() or a.all().
2026-05-13 16:51:47.617 | WARNING  | app.engine.strategies.manager:evaluate_all:125 - strategy smart_trend raised: The truth value of a DataFrame is ambiguous. Use a.empty, a.bool(), a.item(), a.any() or a.all().
2026-05-13 16:51:53.144 | WARNING  | app.engine.strategies.manager:evaluate_all:125 - strategy smart_trend raised: The truth value of a DataFrame is ambiguous. Use a.empty, a.bool(), a.item(), a.any() or a.all().
2026-05-13 16:51:58.558 | WARNING  | app.engine.strategies.manager:evaluate_all:125 - strategy smart_trend raised: The truth value of a DataFrame is ambiguous. Use a.empty, a.bool(), a.item(), a.any() or a.all().
2026-05-13 16:52:03.976 | WARNING  | app.engine.strategies.manager:evaluate_all:125 - strategy smart_trend raised: The truth value of a DataFrame is ambiguous. Use a.empty, a.bool(), a.item(), a.any() or a.all().
2026-05-13 16:52:09.014 | WARNING  | app.engine.strategies.manager:evaluate_all:125 - strategy smart_trend raised: The truth value of a DataFrame is ambiguous. Use a.empty, a.bool(), a.item(), a.any() or a.all().
2026-05-13 16:52:14.599 | WARNING  | app.engine.strategies.manager:evaluate_all:125 - strategy smart_trend raised: The truth value of a DataFrame is ambiguous. Use a.empty, a.bool(), a.item(), a.any() or a.all().
2026-05-13 16:52:19.996 | WARNING  | app.engine.strategies.manager:evaluate_all:125 - strategy smart_trend raised: The truth value of a DataFrame is ambiguous. Use a.empty, a.bool(), a.item(), a.any() or a.all().
2026-05-13 16:52:25.257 | WARNING  | app.engine.strategies.manager:evaluate_all:125 - strategy smart_trend raised: The truth value of a DataFrame is ambiguous. Use a.empty, a.bool(), a.item(), a.any() or a.all().
2026-05-13 16:52:30.291 | WARNING  | app.engine.strategies.manager:evaluate_all:125 - strategy smart_trend raised: The truth value of a DataFrame is ambiguous. Use a.empty, a.bool(), a.item(), a.any() or a.all().
2026-05-13 16:52:35.725 | WARNING  | app.engine.strategies.manager:evaluate_all:125 - strategy smart_trend raised: The truth value of a DataFrame is ambiguous. Use a.empty, a.bool(), a.item(), a.any() or a.all().
2026-05-13 16:52:41.121 | WARNING  | app.engine.strategies.manager:evaluate_all:125 - strategy smart_trend raised: The truth value of a DataFrame is ambiguous. Use a.empty, a.bool(), a.item(), a.any() or a.all().
2026-05-13 16:52:46.542 | WARNING  | app.engine.strategies.manager:evaluate_all:125 - strategy smart_trend raised: The truth value of a DataFrame is ambiguous. Use a.empty, a.bool(), a.item(), a.any() or a.all().
2026-05-13 16:52:51.584 | WARNING  | app.engine.strategies.manager:evaluate_all:125 - strategy smart_trend raised: The truth value of a DataFrame is ambiguous. Use a.empty, a.bool(), a.item(), a.any() or a.all().
2026-05-13 16:52:57.074 | WARNING  | app.engine.strategies.manager:evaluate_all:125 - strategy smart_trend raised: The truth value of a DataFrame is ambiguous. Use a.empty, a.bool(), a.item(), a.any() or a.all().
2026-05-13 16:53:02.488 | WARNING  | app.engine.strategies.manager:evaluate_all:125 - strategy smart_trend raised: The truth value of a DataFrame is ambiguous. Use a.empty, a.bool(), a.item(), a.any() or a.all().
2026-05-13 16:53:07.903 | WARNING  | app.engine.strategies.manager:evaluate_all:125 - strategy smart_trend raised: The truth value of a DataFrame is ambiguous. Use a.empty, a.bool(), a.item(), a.any() or a.all().
2026-05-13 16:53:12.939 | WARNING  | app.engine.strategies.manager:evaluate_all:125 - strategy smart_trend raised: The truth value of a DataFrame is ambiguous. Use a.empty, a.bool(), a.item(), a.any() or a.all().
2026-05-13 16:53:18.403 | WARNING  | app.engine.strategies.manager:evaluate_all:125 - strategy smart_trend raised: The truth value of a DataFrame is ambiguous. Use a.empty, a.bool(), a.item(), a.any() or a.all().
2026-05-13 16:53:23.664 | WARNING  | app.engine.strategies.manager:evaluate_all:125 - strategy smart_trend raised: The truth value of a DataFrame is ambiguous. Use a.empty, a.bool(), a.item(), a.any() or a.all().
2026-05-13 16:53:29.149 | WARNING  | app.engine.strategies.manager:evaluate_all:125 - strategy smart_trend raised: The truth value of a DataFrame is ambiguous. Use a.empty, a.bool(), a.item(), a.any() or a.all().
2026-05-13 16:53:34.192 | WARNING  | app.engine.strategies.manager:evaluate_all:125 - strategy smart_trend raised: The truth value of a DataFrame is ambiguous. Use a.empty, a.bool(), a.item(), a.any() or a.all().
2026-05-13 16:53:39.631 | WARNING  | app.engine.strategies.manager:evaluate_all:125 - strategy smart_trend raised: The truth value of a DataFrame is ambiguous. Use a.empty, a.bool(), a.item(), a.any() or a.all().
2026-05-13 16:53:45.066 | WARNING  | app.engine.strategies.manager:evaluate_all:125 - strategy smart_trend raised: The truth value of a DataFrame is ambiguous. Use a.empty, a.bool(), a.item(), a.any() or a.all().
2026-05-13 16:53:50.495 | WARNING  | app.engine.strategies.manager:evaluate_all:125 - strategy smart_trend raised: The truth value of a DataFrame is ambiguous. Use a.empty, a.bool(), a.item(), a.any() or a.all().
2026-05-13 16:53:55.531 | WARNING  | app.engine.strategies.manager:evaluate_all:125 - strategy smart_trend raised: The truth value of a DataFrame is ambiguous. Use a.empty, a.bool(), a.item(), a.any() or a.all().
2026-05-13 16:54:00.992 | WARNING  | app.engine.strategies.manager:evaluate_all:125 - strategy smart_trend raised: The truth value of a DataFrame is ambiguous. Use a.empty, a.bool(), a.item(), a.any() or a.all().
2026-05-13 16:54:06.592 | WARNING  | app.engine.strategies.manager:evaluate_all:125 - strategy smart_trend raised: The truth value of a DataFrame is ambiguous. Use a.empty, a.bool(), a.item(), a.any() or a.all().
2026-05-13 16:54:12.351 | WARNING  | app.engine.strategies.manager:evaluate_all:125 - strategy smart_trend raised: The truth value of a DataFrame is ambiguous. Use a.empty, a.bool(), a.item(), a.any() or a.all().
2026-05-13 16:54:17.393 | WARNING  | app.engine.strategies.manager:evaluate_all:125 - strategy smart_trend raised: The truth value of a DataFrame is ambiguous. Use a.empty, a.bool(), a.item(), a.any() or a.all().
2026-05-13 16:54:22.759 | WARNING  | app.engine.strategies.manager:evaluate_all:125 - strategy smart_trend raised: The truth value of a DataFrame is ambiguous. Use a.empty, a.bool(), a.item(), a.any() or a.all().
2026-05-13 16:54:28.336 | WARNING  | app.engine.strategies.manager:evaluate_all:125 - strategy smart_trend raised: The truth value of a DataFrame is ambiguous. Use a.empty, a.bool(), a.item(), a.any() or a.all().
2026-05-13 16:54:33.738 | WARNING  | app.engine.strategies.manager:evaluate_all:125 - strategy smart_trend raised: The truth value of a DataFrame is ambiguous. Use a.empty, a.bool(), a.item(), a.any() or a.all().
2026-05-13 16:54:38.786 | WARNING  | app.engine.strategies.manager:evaluate_all:125 - strategy smart_trend raised: The truth value of a DataFrame is ambiguous. Use a.empty, a.bool(), a.item(), a.any() or a.all().
2026-05-13 16:54:53.828 | ERROR    | app.engine.data.market_data:fetch_ohlcv:84 - market_data fetch failed for BTCUSDT 1h: 
2026-05-13 16:54:53.844 | WARNING  | app.engine.strategies.manager:evaluate_all:125 - strategy smart_trend raised: The truth value of a DataFrame is ambiguous. Use a.empty, a.bool(), a.item(), a.any() or a.all().
2026-05-13 16:54:59.537 | WARNING  | app.engine.strategies.manager:evaluate_all:125 - strategy smart_trend raised: The truth value of a DataFrame is ambiguous. Use a.empty, a.bool(), a.item(), a.any() or a.all().
2026-05-13 16:55:05.009 | WARNING  | app.engine.strategies.manager:evaluate_all:125 - strategy smart_trend raised: The truth value of a DataFrame is ambiguous. Use a.empty, a.bool(), a.item(), a.any() or a.all().
2026-05-13 16:55:10.038 | WARNING  | app.engine.strategies.manager:evaluate_all:125 - strategy smart_trend raised: The truth value of a DataFrame is ambiguous. Use a.empty, a.bool(), a.item(), a.any() or a.all().
2026-05-13 16:55:15.069 | WARNING  | app.engine.strategies.manager:evaluate_all:125 - strategy smart_trend raised: The truth value of a DataFrame is ambiguous. Use a.empty, a.bool(), a.item(), a.any() or a.all().
2026-05-13 16:55:20.762 | WARNING  | app.engine.strategies.manager:evaluate_all:125 - strategy smart_trend raised: The truth value of a DataFrame is ambiguous. Use a.empty, a.bool(), a.item(), a.any() or a.all().
2026-05-13 16:55:26.026 | WARNING  | app.engine.strategies.manager:evaluate_all:125 - strategy smart_trend raised: The truth value of a DataFrame is ambiguous. Use a.empty, a.bool(), a.item(), a.any() or a.all().
2026-05-13 16:55:31.064 | WARNING  | app.engine.strategies.manager:evaluate_all:125 - strategy smart_trend raised: The truth value of a DataFrame is ambiguous. Use a.empty, a.bool(), a.item(), a.any() or a.all().
2026-05-13 16:55:36.103 | WARNING  | app.engine.strategies.manager:evaluate_all:125 - strategy smart_trend raised: The truth value of a DataFrame is ambiguous. Use a.empty, a.bool(), a.item(), a.any() or a.all().
2026-05-13 16:55:41.782 | WARNING  | app.engine.strategies.manager:evaluate_all:125 - strategy smart_trend raised: The truth value of a DataFrame is ambiguous. Use a.empty, a.bool(), a.item(), a.any() or a.all().
2026-05-13 16:55:47.224 | WARNING  | app.engine.strategies.manager:evaluate_all:125 - strategy smart_trend raised: The truth value of a DataFrame is ambiguous. Use a.empty, a.bool(), a.item(), a.any() or a.all().
2026-05-13 16:55:52.262 | WARNING  | app.engine.strategies.manager:evaluate_all:125 - strategy smart_trend raised: The truth value of a DataFrame is ambiguous. Use a.empty, a.bool(), a.item(), a.any() or a.all().
2026-05-13 16:55:57.299 | WARNING  | app.engine.strategies.manager:evaluate_all:125 - strategy smart_trend raised: The truth value of a DataFrame is ambiguous. Use a.empty, a.bool(), a.item(), a.any() or a.all().
2026-05-13 16:56:02.956 | WARNING  | app.engine.strategies.manager:evaluate_all:125 - strategy smart_trend raised: The truth value of a DataFrame is ambiguous. Use a.empty, a.bool(), a.item(), a.any() or a.all().
2026-05-13 16:56:08.383 | WARNING  | app.engine.strategies.manager:evaluate_all:125 - strategy smart_trend raised: The truth value of a DataFrame is ambiguous. Use a.empty, a.bool(), a.item(), a.any() or a.all().
2026-05-13 16:56:13.421 | WARNING  | app.engine.strategies.manager:evaluate_all:125 - strategy smart_trend raised: The truth value of a DataFrame is ambiguous. Use a.empty, a.bool(), a.item(), a.any() or a.all().
2026-05-13 16:56:18.458 | WARNING  | app.engine.strategies.manager:evaluate_all:125 - strategy smart_trend raised: The truth value of a DataFrame is ambiguous. Use a.empty, a.bool(), a.item(), a.any() or a.all().
2026-05-13 16:56:23.977 | WARNING  | app.engine.strategies.manager:evaluate_all:125 - strategy smart_trend raised: The truth value of a DataFrame is ambiguous. Use a.empty, a.bool(), a.item(), a.any() or a.all().
2026-05-13 16:56:29.424 | WARNING  | app.engine.strategies.manager:evaluate_all:125 - strategy smart_trend raised: The truth value of a DataFrame is ambiguous. Use a.empty, a.bool(), a.item(), a.any() or a.all().
2026-05-13 16:56:34.462 | WARNING  | app.engine.strategies.manager:evaluate_all:125 - strategy smart_trend raised: The truth value of a DataFrame is ambiguous. Use a.empty, a.bool(), a.item(), a.any() or a.all().
2026-05-13 16:56:39.512 | WARNING  | app.engine.strategies.manager:evaluate_all:125 - strategy smart_trend raised: The truth value of a DataFrame is ambiguous. Use a.empty, a.bool(), a.item(), a.any() or a.all().
2026-05-13 16:56:45.215 | WARNING  | app.engine.strategies.manager:evaluate_all:125 - strategy smart_trend raised: The truth value of a DataFrame is ambiguous. Use a.empty, a.bool(), a.item(), a.any() or a.all().
2026-05-13 16:56:50.716 | WARNING  | app.engine.strategies.manager:evaluate_all:125 - strategy smart_trend raised: The truth value of a DataFrame is ambiguous. Use a.empty, a.bool(), a.item(), a.any() or a.all().
2026-05-13 16:56:55.755 | WARNING  | app.engine.strategies.manager:evaluate_all:125 - strategy smart_trend raised: The truth value of a DataFrame is ambiguous. Use a.empty, a.bool(), a.item(), a.any() or a.all().
2026-05-13 16:57:00.796 | WARNING  | app.engine.strategies.manager:evaluate_all:125 - strategy smart_trend raised: The truth value of a DataFrame is ambiguous. Use a.empty, a.bool(), a.item(), a.any() or a.all().
2026-05-13 16:57:06.473 | WARNING  | app.engine.strategies.manager:evaluate_all:125 - strategy smart_trend raised: The truth value of a DataFrame is ambiguous. Use a.empty, a.bool(), a.item(), a.any() or a.all().
2026-05-13 16:57:11.917 | WARNING  | app.engine.strategies.manager:evaluate_all:125 - strategy smart_trend raised: The truth value of a DataFrame is ambiguous. Use a.empty, a.bool(), a.item(), a.any() or a.all().
2026-05-13 16:57:16.957 | WARNING  | app.engine.strategies.manager:evaluate_all:125 - strategy smart_trend raised: The truth value of a DataFrame is ambiguous. Use a.empty, a.bool(), a.item(), a.any() or a.all().
2026-05-13 16:57:21.997 | WARNING  | app.engine.strategies.manager:evaluate_all:125 - strategy smart_trend raised: The truth value of a DataFrame is ambiguous. Use a.empty, a.bool(), a.item(), a.any() or a.all().
2026-05-13 16:57:27.654 | WARNING  | app.engine.strategies.manager:evaluate_all:125 - strategy smart_trend raised: The truth value of a DataFrame is ambiguous. Use a.empty, a.bool(), a.item(), a.any() or a.all().
2026-05-13 16:57:33.101 | WARNING  | app.engine.strategies.manager:evaluate_all:125 - strategy smart_trend raised: The truth value of a DataFrame is ambiguous. Use a.empty, a.bool(), a.item(), a.any() or a.all().
2026-05-13 16:57:38.137 | WARNING  | app.engine.strategies.manager:evaluate_all:125 - strategy smart_trend raised: The truth value of a DataFrame is ambiguous. Use a.empty, a.bool(), a.item(), a.any() or a.all().
2026-05-13 16:57:43.176 | WARNING  | app.engine.strategies.manager:evaluate_all:125 - strategy smart_trend raised: The truth value of a DataFrame is ambiguous. Use a.empty, a.bool(), a.item(), a.any() or a.all().
2026-05-13 16:57:48.878 | WARNING  | app.engine.strategies.manager:evaluate_all:125 - strategy smart_trend raised: The truth value of a DataFrame is ambiguous. Use a.empty, a.bool(), a.item(), a.any() or a.all().
2026-05-13 16:57:54.292 | WARNING  | app.engine.strategies.manager:evaluate_all:125 - strategy smart_trend raised: The truth value of a DataFrame is ambiguous. Use a.empty, a.bool(), a.item(), a.any() or a.all().
2026-05-13 16:57:59.331 | WARNING  | app.engine.strategies.manager:evaluate_all:125 - strategy smart_trend raised: The truth value of a DataFrame is ambiguous. Use a.empty, a.bool(), a.item(), a.any() or a.all().
2026-05-13 16:58:04.370 | WARNING  | app.engine.strategies.manager:evaluate_all:125 - strategy smart_trend raised: The truth value of a DataFrame is ambiguous. Use a.empty, a.bool(), a.item(), a.any() or a.all().
2026-05-13 16:58:10.039 | WARNING  | app.engine.strategies.manager:evaluate_all:125 - strategy smart_trend raised: The truth value of a DataFrame is ambiguous. Use a.empty, a.bool(), a.item(), a.any() or a.all().
2026-05-13 16:58:15.468 | WARNING  | app.engine.strategies.manager:evaluate_all:125 - strategy smart_trend raised: The truth value of a DataFrame is ambiguous. Use a.empty, a.bool(), a.item(), a.any() or a.all().
2026-05-13 16:58:20.505 | WARNING  | app.engine.strategies.manager:evaluate_all:125 - strategy smart_trend raised: The truth value of a DataFrame is ambiguous. Use a.empty, a.bool(), a.item(), a.any() or a.all().
2026-05-13 16:58:25.548 | WARNING  | app.engine.strategies.manager:evaluate_all:125 - strategy smart_trend raised: The truth value of a DataFrame is ambiguous. Use a.empty, a.bool(), a.item(), a.any() or a.all().
2026-05-13 16:58:31.206 | WARNING  | app.engine.strategies.manager:evaluate_all:125 - strategy smart_trend raised: The truth value of a DataFrame is ambiguous. Use a.empty, a.bool(), a.item(), a.any() or a.all().
2026-05-13 16:58:36.619 | WARNING  | app.engine.strategies.manager:evaluate_all:125 - strategy smart_trend raised: The truth value of a DataFrame is ambiguous. Use a.empty, a.bool(), a.item(), a.any() or a.all().
2026-05-13 16:58:41.640 | WARNING  | app.engine.strategies.manager:evaluate_all:125 - strategy smart_trend raised: The truth value of a DataFrame is ambiguous. Use a.empty, a.bool(), a.item(), a.any() or a.all().
2026-05-13 16:58:46.661 | WARNING  | app.engine.strategies.manager:evaluate_all:125 - strategy smart_trend raised: The truth value of a DataFrame is ambiguous. Use a.empty, a.bool(), a.item(), a.any() or a.all().
2026-05-13 16:58:52.368 | WARNING  | app.engine.strategies.manager:evaluate_all:125 - strategy smart_trend raised: The truth value of a DataFrame is ambiguous. Use a.empty, a.bool(), a.item(), a.any() or a.all().
2026-05-13 16:58:58.110 | WARNING  | app.engine.strategies.manager:evaluate_all:125 - strategy smart_trend raised: The truth value of a DataFrame is ambiguous. Use a.empty, a.bool(), a.item(), a.any() or a.all().
2026-05-13 16:59:03.176 | WARNING  | app.engine.strategies.manager:evaluate_all:125 - strategy smart_trend raised: The truth value of a DataFrame is ambiguous. Use a.empty, a.bool(), a.item(), a.any() or a.all().
2026-05-13 16:59:08.216 | WARNING  | app.engine.strategies.manager:evaluate_all:125 - strategy smart_trend raised: The truth value of a DataFrame is ambiguous. Use a.empty, a.bool(), a.item(), a.any() or a.all().
2026-05-13 16:59:13.895 | WARNING  | app.engine.strategies.manager:evaluate_all:125 - strategy smart_trend raised: The truth value of a DataFrame is ambiguous. Use a.empty, a.bool(), a.item(), a.any() or a.all().
2026-05-13 16:59:19.356 | WARNING  | app.engine.strategies.manager:evaluate_all:125 - strategy smart_trend raised: The truth value of a DataFrame is ambiguous. Use a.empty, a.bool(), a.item(), a.any() or a.all().
2026-05-13 16:59:24.398 | WARNING  | app.engine.strategies.manager:evaluate_all:125 - strategy smart_trend raised: The truth value of a DataFrame is ambiguous. Use a.empty, a.bool(), a.item(), a.any() or a.all().
2026-05-13 16:59:29.435 | WARNING  | app.engine.strategies.manager:evaluate_all:125 - strategy smart_trend raised: The truth value of a DataFrame is ambiguous. Use a.empty, a.bool(), a.item(), a.any() or a.all().
2026-05-13 16:59:35.097 | WARNING  | app.engine.strategies.manager:evaluate_all:125 - strategy smart_trend raised: The truth value of a DataFrame is ambiguous. Use a.empty, a.bool(), a.item(), a.any() or a.all().
2026-05-13 16:59:40.520 | WARNING  | app.engine.strategies.manager:evaluate_all:125 - strategy smart_trend raised: The truth value of a DataFrame is ambiguous. Use a.empty, a.bool(), a.item(), a.any() or a.all().
2026-05-13 16:59:45.550 | WARNING  | app.engine.strategies.manager:evaluate_all:125 - strategy smart_trend raised: The truth value of a DataFrame is ambiguous. Use a.empty, a.bool(), a.item(), a.any() or a.all().
2026-05-13 16:59:50.586 | WARNING  | app.engine.strategies.manager:evaluate_all:125 - strategy smart_trend raised: The truth value of a DataFrame is ambiguous. Use a.empty, a.bool(), a.item(), a.any() or a.all().
2026-05-13 16:59:56.279 | WARNING  | app.engine.strategies.manager:evaluate_all:125 - strategy smart_trend raised: The truth value of a DataFrame is ambiguous. Use a.empty, a.bool(), a.item(), a.any() or a.all().
2026-05-13 17:00:06.467 | ERROR    | app.engine.data.market_data:fetch_ohlcv:84 - market_data fetch failed for BTCUSDT 1m: Server error '500 Internal Server Error' for url 'https://api.binance.com/api/v3/klines?symbol=BTCUSDT&interval=1m&limit=200'
For more information check: https://developer.mozilla.org/en-US/docs/Web/HTTP/Status/500
2026-05-13 17:00:06.612 | ERROR    | app.engine.data.market_data:fetch_ohlcv:84 - market_data fetch failed for BTCUSDT 15m: Server error '500 Internal Server Error' for url 'https://api.binance.com/api/v3/klines?symbol=BTCUSDT&interval=15m&limit=200'
For more information check: https://developer.mozilla.org/en-US/docs/Web/HTTP/Status/500
2026-05-13 17:00:12.019 | WARNING  | app.engine.strategies.manager:evaluate_all:125 - strategy smart_trend raised: The truth value of a DataFrame is ambiguous. Use a.empty, a.bool(), a.item(), a.any() or a.all().
2026-05-13 17:00:17.697 | WARNING  | app.engine.strategies.manager:evaluate_all:125 - strategy smart_trend raised: The truth value of a DataFrame is ambiguous. Use a.empty, a.bool(), a.item(), a.any() or a.all().
2026-05-13 17:00:22.965 | WARNING  | app.engine.strategies.manager:evaluate_all:125 - strategy smart_trend raised: The truth value of a DataFrame is ambiguous. Use a.empty, a.bool(), a.item(), a.any() or a.all().
2026-05-13 17:00:28.003 | WARNING  | app.engine.strategies.manager:evaluate_all:125 - strategy smart_trend raised: The truth value of a DataFrame is ambiguous. Use a.empty, a.bool(), a.item(), a.any() or a.all().
2026-05-13 17:00:33.424 | WARNING  | app.engine.strategies.manager:evaluate_all:125 - strategy smart_trend raised: The truth value of a DataFrame is ambiguous. Use a.empty, a.bool(), a.item(), a.any() or a.all().
2026-05-13 17:00:39.244 | WARNING  | app.engine.strategies.manager:evaluate_all:125 - strategy smart_trend raised: The truth value of a DataFrame is ambiguous. Use a.empty, a.bool(), a.item(), a.any() or a.all().
2026-05-13 17:00:44.681 | WARNING  | app.engine.strategies.manager:evaluate_all:125 - strategy smart_trend raised: The truth value of a DataFrame is ambiguous. Use a.empty, a.bool(), a.item(), a.any() or a.all().
2026-05-13 17:00:49.720 | WARNING  | app.engine.strategies.manager:evaluate_all:125 - strategy smart_trend raised: The truth value of a DataFrame is ambiguous. Use a.empty, a.bool(), a.item(), a.any() or a.all().
2026-05-13 17:00:55.175 | WARNING  | app.engine.strategies.manager:evaluate_all:125 - strategy smart_trend raised: The truth value of a DataFrame is ambiguous. Use a.empty, a.bool(), a.item(), a.any() or a.all().
2026-05-13 17:01:00.867 | WARNING  | app.engine.strategies.manager:evaluate_all:125 - strategy smart_trend raised: The truth value of a DataFrame is ambiguous. Use a.empty, a.bool(), a.item(), a.any() or a.all().
2026-05-13 17:01:06.281 | WARNING  | app.engine.strategies.manager:evaluate_all:125 - strategy smart_trend raised: The truth value of a DataFrame is ambiguous. Use a.empty, a.bool(), a.item(), a.any() or a.all().
2026-05-13 17:01:11.329 | WARNING  | app.engine.strategies.manager:evaluate_all:125 - strategy smart_trend raised: The truth value of a DataFrame is ambiguous. Use a.empty, a.bool(), a.item(), a.any() or a.all().
2026-05-13 17:01:16.778 | WARNING  | app.engine.strategies.manager:evaluate_all:125 - strategy smart_trend raised: The truth value of a DataFrame is ambiguous. Use a.empty, a.bool(), a.item(), a.any() or a.all().
2026-05-13 17:01:22.265 | WARNING  | app.engine.strategies.manager:evaluate_all:125 - strategy smart_trend raised: The truth value of a DataFrame is ambiguous. Use a.empty, a.bool(), a.item(), a.any() or a.all().
2026-05-13 17:01:27.687 | WARNING  | app.engine.strategies.manager:evaluate_all:125 - strategy smart_trend raised: The truth value of a DataFrame is ambiguous. Use a.empty, a.bool(), a.item(), a.any() or a.all().
2026-05-13 17:01:32.724 | WARNING  | app.engine.strategies.manager:evaluate_all:125 - strategy smart_trend raised: The truth value of a DataFrame is ambiguous. Use a.empty, a.bool(), a.item(), a.any() or a.all().
2026-05-13 17:01:38.145 | WARNING  | app.engine.strategies.manager:evaluate_all:125 - strategy smart_trend raised: The truth value of a DataFrame is ambiguous. Use a.empty, a.bool(), a.item(), a.any() or a.all().
2026-05-13 17:01:43.804 | WARNING  | app.engine.strategies.manager:evaluate_all:125 - strategy smart_trend raised: The truth value of a DataFrame is ambiguous. Use a.empty, a.bool(), a.item(), a.any() or a.all().
2026-05-13 17:01:49.213 | WARNING  | app.engine.strategies.manager:evaluate_all:125 - strategy smart_trend raised: The truth value of a DataFrame is ambiguous. Use a.empty, a.bool(), a.item(), a.any() or a.all().
2026-05-13 17:01:54.254 | WARNING  | app.engine.strategies.manager:evaluate_all:125 - strategy smart_trend raised: The truth value of a DataFrame is ambiguous. Use a.empty, a.bool(), a.item(), a.any() or a.all().
2026-05-13 17:01:59.707 | WARNING  | app.engine.strategies.manager:evaluate_all:125 - strategy smart_trend raised: The truth value of a DataFrame is ambiguous. Use a.empty, a.bool(), a.item(), a.any() or a.all().
2026-05-13 17:02:05.334 | WARNING  | app.engine.strategies.manager:evaluate_all:125 - strategy smart_trend raised: The truth value of a DataFrame is ambiguous. Use a.empty, a.bool(), a.item(), a.any() or a.all().
2026-05-13 17:02:10.751 | WARNING  | app.engine.strategies.manager:evaluate_all:125 - strategy smart_trend raised: The truth value of a DataFrame is ambiguous. Use a.empty, a.bool(), a.item(), a.any() or a.all().
2026-05-13 17:02:15.790 | WARNING  | app.engine.strategies.manager:evaluate_all:125 - strategy smart_trend raised: The truth value of a DataFrame is ambiguous. Use a.empty, a.bool(), a.item(), a.any() or a.all().
2026-05-13 17:02:21.263 | WARNING  | app.engine.strategies.manager:evaluate_all:125 - strategy smart_trend raised: The truth value of a DataFrame is ambiguous. Use a.empty, a.bool(), a.item(), a.any() or a.all().
2026-05-13 17:02:26.749 | WARNING  | app.engine.strategies.manager:evaluate_all:125 - strategy smart_trend raised: The truth value of a DataFrame is ambiguous. Use a.empty, a.bool(), a.item(), a.any() or a.all().
2026-05-13 17:02:32.192 | WARNING  | app.engine.strategies.manager:evaluate_all:125 - strategy smart_trend raised: The truth value of a DataFrame is ambiguous. Use a.empty, a.bool(), a.item(), a.any() or a.all().
2026-05-13 17:02:37.231 | WARNING  | app.engine.strategies.manager:evaluate_all:125 - strategy smart_trend raised: The truth value of a DataFrame is ambiguous. Use a.empty, a.bool(), a.item(), a.any() or a.all().
2026-05-13 17:02:42.671 | WARNING  | app.engine.strategies.manager:evaluate_all:125 - strategy smart_trend raised: The truth value of a DataFrame is ambiguous. Use a.empty, a.bool(), a.item(), a.any() or a.all().
2026-05-13 17:02:48.330 | WARNING  | app.engine.strategies.manager:evaluate_all:125 - strategy smart_trend raised: The truth value of a DataFrame is ambiguous. Use a.empty, a.bool(), a.item(), a.any() or a.all().
2026-05-13 17:02:53.782 | WARNING  | app.engine.strategies.manager:evaluate_all:125 - strategy smart_trend raised: The truth value of a DataFrame is ambiguous. Use a.empty, a.bool(), a.item(), a.any() or a.all().
2026-05-13 17:02:58.830 | WARNING  | app.engine.strategies.manager:evaluate_all:125 - strategy smart_trend raised: The truth value of a DataFrame is ambiguous. Use a.empty, a.bool(), a.item(), a.any() or a.all().
2026-05-13 17:03:04.245 | WARNING  | app.engine.strategies.manager:evaluate_all:125 - strategy smart_trend raised: The truth value of a DataFrame is ambiguous. Use a.empty, a.bool(), a.item(), a.any() or a.all().
2026-05-13 17:03:09.900 | WARNING  | app.engine.strategies.manager:evaluate_all:125 - strategy smart_trend raised: The truth value of a DataFrame is ambiguous. Use a.empty, a.bool(), a.item(), a.any() or a.all().
2026-05-13 17:03:15.378 | WARNING  | app.engine.strategies.manager:evaluate_all:125 - strategy smart_trend raised: The truth value of a DataFrame is ambiguous. Use a.empty, a.bool(), a.item(), a.any() or a.all().
2026-05-13 17:03:20.414 | WARNING  | app.engine.strategies.manager:evaluate_all:125 - strategy smart_trend raised: The truth value of a DataFrame is ambiguous. Use a.empty, a.bool(), a.item(), a.any() or a.all().
2026-05-13 17:03:25.678 | WARNING  | app.engine.strategies.manager:evaluate_all:125 - strategy smart_trend raised: The truth value of a DataFrame is ambiguous. Use a.empty, a.bool(), a.item(), a.any() or a.all().
2026-05-13 17:03:31.385 | WARNING  | app.engine.strategies.manager:evaluate_all:125 - strategy smart_trend raised: The truth value of a DataFrame is ambiguous. Use a.empty, a.bool(), a.item(), a.any() or a.all().
2026-05-13 17:03:36.793 | WARNING  | app.engine.strategies.manager:evaluate_all:125 - strategy smart_trend raised: The truth value of a DataFrame is ambiguous. Use a.empty, a.bool(), a.item(), a.any() or a.all().
2026-05-13 17:03:41.834 | WARNING  | app.engine.strategies.manager:evaluate_all:125 - strategy smart_trend raised: The truth value of a DataFrame is ambiguous. Use a.empty, a.bool(), a.item(), a.any() or a.all().
2026-05-13 17:03:47.257 | WARNING  | app.engine.strategies.manager:evaluate_all:125 - strategy smart_trend raised: The truth value of a DataFrame is ambiguous. Use a.empty, a.bool(), a.item(), a.any() or a.all().
2026-05-13 17:03:52.991 | WARNING  | app.engine.strategies.manager:evaluate_all:125 - strategy smart_trend raised: The truth value of a DataFrame is ambiguous. Use a.empty, a.bool(), a.item(), a.any() or a.all().
2026-05-13 17:03:58.403 | WARNING  | app.engine.strategies.manager:evaluate_all:125 - strategy smart_trend raised: The truth value of a DataFrame is ambiguous. Use a.empty, a.bool(), a.item(), a.any() or a.all().
2026-05-13 17:04:03.432 | WARNING  | app.engine.strategies.manager:evaluate_all:125 - strategy smart_trend raised: The truth value of a DataFrame is ambiguous. Use a.empty, a.bool(), a.item(), a.any() or a.all().
2026-05-13 17:04:08.862 | WARNING  | app.engine.strategies.manager:evaluate_all:125 - strategy smart_trend raised: The truth value of a DataFrame is ambiguous. Use a.empty, a.bool(), a.item(), a.any() or a.all().
2026-05-13 17:04:14.637 | WARNING  | app.engine.strategies.manager:evaluate_all:125 - strategy smart_trend raised: The truth value of a DataFrame is ambiguous. Use a.empty, a.bool(), a.item(), a.any() or a.all().
2026-05-13 17:04:20.045 | WARNING  | app.engine.strategies.manager:evaluate_all:125 - strategy smart_trend raised: The truth value of a DataFrame is ambiguous. Use a.empty, a.bool(), a.item(), a.any() or a.all().
2026-05-13 17:04:25.090 | WARNING  | app.engine.strategies.manager:evaluate_all:125 - strategy smart_trend raised: The truth value of a DataFrame is ambiguous. Use a.empty, a.bool(), a.item(), a.any() or a.all().
2026-05-13 17:04:30.498 | WARNING  | app.engine.strategies.manager:evaluate_all:125 - strategy smart_trend raised: The truth value of a DataFrame is ambiguous. Use a.empty, a.bool(), a.item(), a.any() or a.all().
2026-05-13 17:04:36.150 | WARNING  | app.engine.strategies.manager:evaluate_all:125 - strategy smart_trend raised: The truth value of a DataFrame is ambiguous. Use a.empty, a.bool(), a.item(), a.any() or a.all().
2026-05-13 17:04:41.556 | WARNING  | app.engine.strategies.manager:evaluate_all:125 - strategy smart_trend raised: The truth value of a DataFrame is ambiguous. Use a.empty, a.bool(), a.item(), a.any() or a.all().
2026-05-13 17:04:46.597 | WARNING  | app.engine.strategies.manager:evaluate_all:125 - strategy smart_trend raised: The truth value of a DataFrame is ambiguous. Use a.empty, a.bool(), a.item(), a.any() or a.all().
2026-05-13 17:04:52.014 | WARNING  | app.engine.strategies.manager:evaluate_all:125 - strategy smart_trend raised: The truth value of a DataFrame is ambiguous. Use a.empty, a.bool(), a.item(), a.any() or a.all().
2026-05-13 17:04:57.655 | WARNING  | app.engine.strategies.manager:evaluate_all:125 - strategy smart_trend raised: The truth value of a DataFrame is ambiguous. Use a.empty, a.bool(), a.item(), a.any() or a.all().
2026-05-13 17:05:03.124 | WARNING  | app.engine.strategies.manager:evaluate_all:125 - strategy smart_trend raised: The truth value of a DataFrame is ambiguous. Use a.empty, a.bool(), a.item(), a.any() or a.all().
2026-05-13 17:05:08.163 | WARNING  | app.engine.strategies.manager:evaluate_all:125 - strategy smart_trend raised: The truth value of a DataFrame is ambiguous. Use a.empty, a.bool(), a.item(), a.any() or a.all().
2026-05-13 17:05:13.666 | WARNING  | app.engine.strategies.manager:evaluate_all:125 - strategy smart_trend raised: The truth value of a DataFrame is ambiguous. Use a.empty, a.bool(), a.item(), a.any() or a.all().
2026-05-13 17:05:19.318 | WARNING  | app.engine.strategies.manager:evaluate_all:125 - strategy smart_trend raised: The truth value of a DataFrame is ambiguous. Use a.empty, a.bool(), a.item(), a.any() or a.all().
2026-05-13 17:05:24.579 | WARNING  | app.engine.strategies.manager:evaluate_all:125 - strategy smart_trend raised: The truth value of a DataFrame is ambiguous. Use a.empty, a.bool(), a.item(), a.any() or a.all().
2026-05-13 17:05:29.624 | WARNING  | app.engine.strategies.manager:evaluate_all:125 - strategy smart_trend raised: The truth value of a DataFrame is ambiguous. Use a.empty, a.bool(), a.item(), a.any() or a.all().
2026-05-13 17:05:35.021 | WARNING  | app.engine.strategies.manager:evaluate_all:125 - strategy smart_trend raised: The truth value of a DataFrame is ambiguous. Use a.empty, a.bool(), a.item(), a.any() or a.all().
2026-05-13 17:05:40.702 | WARNING  | app.engine.strategies.manager:evaluate_all:125 - strategy smart_trend raised: The truth value of a DataFrame is ambiguous. Use a.empty, a.bool(), a.item(), a.any() or a.all().
2026-05-13 17:05:46.122 | WARNING  | app.engine.strategies.manager:evaluate_all:125 - strategy smart_trend raised: The truth value of a DataFrame is ambiguous. Use a.empty, a.bool(), a.item(), a.any() or a.all().
2026-05-13 17:05:51.158 | WARNING  | app.engine.strategies.manager:evaluate_all:125 - strategy smart_trend raised: The truth value of a DataFrame is ambiguous. Use a.empty, a.bool(), a.item(), a.any() or a.all().
2026-05-13 17:05:56.624 | WARNING  | app.engine.strategies.manager:evaluate_all:125 - strategy smart_trend raised: The truth value of a DataFrame is ambiguous. Use a.empty, a.bool(), a.item(), a.any() or a.all().
2026-05-13 17:06:02.057 | WARNING  | app.engine.strategies.manager:evaluate_all:125 - strategy smart_trend raised: The truth value of a DataFrame is ambiguous. Use a.empty, a.bool(), a.item(), a.any() or a.all().
2026-05-13 17:06:02.297 | WARNING  | app.engine.strategies.manager:evaluate_all:125 - strategy smart_trend raised: The truth value of a DataFrame is ambiguous. Use a.empty, a.bool(), a.item(), a.any() or a.all().
2026-05-13 17:06:07.320 | WARNING  | app.engine.strategies.manager:evaluate_all:125 - strategy smart_trend raised: The truth value of a DataFrame is ambiguous. Use a.empty, a.bool(), a.item(), a.any() or a.all().
2026-05-13 17:06:07.760 | WARNING  | app.engine.strategies.manager:evaluate_all:125 - strategy smart_trend raised: The truth value of a DataFrame is ambiguous. Use a.empty, a.bool(), a.item(), a.any() or a.all().
2026-05-13 17:06:12.784 | WARNING  | app.engine.strategies.manager:evaluate_all:125 - strategy smart_trend raised: The truth value of a DataFrame is ambiguous. Use a.empty, a.bool(), a.item(), a.any() or a.all().
2026-05-13 17:06:12.800 | WARNING  | app.engine.strategies.manager:evaluate_all:125 - strategy smart_trend raised: The truth value of a DataFrame is ambiguous. Use a.empty, a.bool(), a.item(), a.any() or a.all().
2026-05-13 17:06:17.820 | WARNING  | app.engine.strategies.manager:evaluate_all:125 - strategy smart_trend raised: The truth value of a DataFrame is ambiguous. Use a.empty, a.bool(), a.item(), a.any() or a.all().
2026-05-13 17:06:18.205 | WARNING  | app.engine.strategies.manager:evaluate_all:125 - strategy smart_trend raised: The truth value of a DataFrame is ambiguous. Use a.empty, a.bool(), a.item(), a.any() or a.all().
2026-05-13 17:06:23.699 | WARNING  | app.engine.strategies.manager:evaluate_all:125 - strategy smart_trend raised: The truth value of a DataFrame is ambiguous. Use a.empty, a.bool(), a.item(), a.any() or a.all().
2026-05-13 17:06:29.121 | WARNING  | app.engine.strategies.manager:evaluate_all:125 - strategy smart_trend raised: The truth value of a DataFrame is ambiguous. Use a.empty, a.bool(), a.item(), a.any() or a.all().
2026-05-13 17:06:34.160 | WARNING  | app.engine.strategies.manager:evaluate_all:125 - strategy smart_trend raised: The truth value of a DataFrame is ambiguous. Use a.empty, a.bool(), a.item(), a.any() or a.all().
2026-05-13 17:06:39.591 | WARNING  | app.engine.strategies.manager:evaluate_all:125 - strategy smart_trend raised: The truth value of a DataFrame is ambiguous. Use a.empty, a.bool(), a.item(), a.any() or a.all().
2026-05-13 17:06:45.240 | WARNING  | app.engine.strategies.manager:evaluate_all:125 - strategy smart_trend raised: The truth value of a DataFrame is ambiguous. Use a.empty, a.bool(), a.item(), a.any() or a.all().
2026-05-13 17:06:50.695 | WARNING  | app.engine.strategies.manager:evaluate_all:125 - strategy smart_trend raised: The truth value of a DataFrame is ambiguous. Use a.empty, a.bool(), a.item(), a.any() or a.all().
2026-05-13 17:06:55.731 | WARNING  | app.engine.strategies.manager:evaluate_all:125 - strategy smart_trend raised: The truth value of a DataFrame is ambiguous. Use a.empty, a.bool(), a.item(), a.any() or a.all().
2026-05-13 17:07:01.179 | WARNING  | app.engine.strategies.manager:evaluate_all:125 - strategy smart_trend raised: The truth value of a DataFrame is ambiguous. Use a.empty, a.bool(), a.item(), a.any() or a.all().
2026-05-13 17:07:06.834 | WARNING  | app.engine.strategies.manager:evaluate_all:125 - strategy smart_trend raised: The truth value of a DataFrame is ambiguous. Use a.empty, a.bool(), a.item(), a.any() or a.all().
2026-05-13 17:07:12.260 | WARNING  | app.engine.strategies.manager:evaluate_all:125 - strategy smart_trend raised: The truth value of a DataFrame is ambiguous. Use a.empty, a.bool(), a.item(), a.any() or a.all().
2026-05-13 17:07:17.301 | WARNING  | app.engine.strategies.manager:evaluate_all:125 - strategy smart_trend raised: The truth value of a DataFrame is ambiguous. Use a.empty, a.bool(), a.item(), a.any() or a.all().
2026-05-13 17:07:22.558 | WARNING  | app.engine.strategies.manager:evaluate_all:125 - strategy smart_trend raised: The truth value of a DataFrame is ambiguous. Use a.empty, a.bool(), a.item(), a.any() or a.all().
2026-05-13 17:07:28.201 | WARNING  | app.engine.strategies.manager:evaluate_all:125 - strategy smart_trend raised: The truth value of a DataFrame is ambiguous. Use a.empty, a.bool(), a.item(), a.any() or a.all().
2026-05-13 17:07:33.707 | WARNING  | app.engine.strategies.manager:evaluate_all:125 - strategy smart_trend raised: The truth value of a DataFrame is ambiguous. Use a.empty, a.bool(), a.item(), a.any() or a.all().
2026-05-13 17:07:38.754 | WARNING  | app.engine.strategies.manager:evaluate_all:125 - strategy smart_trend raised: The truth value of a DataFrame is ambiguous. Use a.empty, a.bool(), a.item(), a.any() or a.all().
2026-05-13 17:07:44.175 | WARNING  | app.engine.strategies.manager:evaluate_all:125 - strategy smart_trend raised: The truth value of a DataFrame is ambiguous. Use a.empty, a.bool(), a.item(), a.any() or a.all().
2026-05-13 17:07:49.808 | WARNING  | app.engine.strategies.manager:evaluate_all:125 - strategy smart_trend raised: The truth value of a DataFrame is ambiguous. Use a.empty, a.bool(), a.item(), a.any() or a.all().
2026-05-13 17:07:55.215 | WARNING  | app.engine.strategies.manager:evaluate_all:125 - strategy smart_trend raised: The truth value of a DataFrame is ambiguous. Use a.empty, a.bool(), a.item(), a.any() or a.all().
2026-05-13 17:08:00.262 | WARNING  | app.engine.strategies.manager:evaluate_all:125 - strategy smart_trend raised: The truth value of a DataFrame is ambiguous. Use a.empty, a.bool(), a.item(), a.any() or a.all().
2026-05-13 17:08:05.675 | WARNING  | app.engine.strategies.manager:evaluate_all:125 - strategy smart_trend raised: The truth value of a DataFrame is ambiguous. Use a.empty, a.bool(), a.item(), a.any() or a.all().
2026-05-13 17:08:11.364 | WARNING  | app.engine.strategies.manager:evaluate_all:125 - strategy smart_trend raised: The truth value of a DataFrame is ambiguous. Use a.empty, a.bool(), a.item(), a.any() or a.all().
2026-05-13 17:08:16.801 | WARNING  | app.engine.strategies.manager:evaluate_all:125 - strategy smart_trend raised: The truth value of a DataFrame is ambiguous. Use a.empty, a.bool(), a.item(), a.any() or a.all().
2026-05-13 17:08:21.847 | WARNING  | app.engine.strategies.manager:evaluate_all:125 - strategy smart_trend raised: The truth value of a DataFrame is ambiguous. Use a.empty, a.bool(), a.item(), a.any() or a.all().
2026-05-13 17:08:27.264 | WARNING  | app.engine.strategies.manager:evaluate_all:125 - strategy smart_trend raised: The truth value of a DataFrame is ambiguous. Use a.empty, a.bool(), a.item(), a.any() or a.all().
2026-05-13 17:08:32.903 | WARNING  | app.engine.strategies.manager:evaluate_all:125 - strategy smart_trend raised: The truth value of a DataFrame is ambiguous. Use a.empty, a.bool(), a.item(), a.any() or a.all().
2026-05-13 17:08:38.307 | WARNING  | app.engine.strategies.manager:evaluate_all:125 - strategy smart_trend raised: The truth value of a DataFrame is ambiguous. Use a.empty, a.bool(), a.item(), a.any() or a.all().
2026-05-13 17:08:43.338 | WARNING  | app.engine.strategies.manager:evaluate_all:125 - strategy smart_trend raised: The truth value of a DataFrame is ambiguous. Use a.empty, a.bool(), a.item(), a.any() or a.all().
2026-05-13 17:08:48.792 | WARNING  | app.engine.strategies.manager:evaluate_all:125 - strategy smart_trend raised: The truth value of a DataFrame is ambiguous. Use a.empty, a.bool(), a.item(), a.any() or a.all().
2026-05-13 17:08:54.443 | WARNING  | app.engine.strategies.manager:evaluate_all:125 - strategy smart_trend raised: The truth value of a DataFrame is ambiguous. Use a.empty, a.bool(), a.item(), a.any() or a.all().
2026-05-13 17:08:59.892 | WARNING  | app.engine.strategies.manager:evaluate_all:125 - strategy smart_trend raised: The truth value of a DataFrame is ambiguous. Use a.empty, a.bool(), a.item(), a.any() or a.all().
2026-05-13 17:09:04.940 | WARNING  | app.engine.strategies.manager:evaluate_all:125 - strategy smart_trend raised: The truth value of a DataFrame is ambiguous. Use a.empty, a.bool(), a.item(), a.any() or a.all().
2026-05-13 17:09:10.340 | WARNING  | app.engine.strategies.manager:evaluate_all:125 - strategy smart_trend raised: The truth value of a DataFrame is ambiguous. Use a.empty, a.bool(), a.item(), a.any() or a.all().
2026-05-13 17:09:15.977 | WARNING  | app.engine.strategies.manager:evaluate_all:125 - strategy smart_trend raised: The truth value of a DataFrame is ambiguous. Use a.empty, a.bool(), a.item(), a.any() or a.all().
2026-05-13 17:09:21.384 | WARNING  | app.engine.strategies.manager:evaluate_all:125 - strategy smart_trend raised: The truth value of a DataFrame is ambiguous. Use a.empty, a.bool(), a.item(), a.any() or a.all().
2026-05-13 17:09:26.424 | WARNING  | app.engine.strategies.manager:evaluate_all:125 - strategy smart_trend raised: The truth value of a DataFrame is ambiguous. Use a.empty, a.bool(), a.item(), a.any() or a.all().
2026-05-13 17:09:31.924 | WARNING  | app.engine.strategies.manager:evaluate_all:125 - strategy smart_trend raised: The truth value of a DataFrame is ambiguous. Use a.empty, a.bool(), a.item(), a.any() or a.all().
2026-05-13 17:09:37.530 | WARNING  | app.engine.strategies.manager:evaluate_all:125 - strategy smart_trend raised: The truth value of a DataFrame is ambiguous. Use a.empty, a.bool(), a.item(), a.any() or a.all().
2026-05-13 17:09:42.975 | WARNING  | app.engine.strategies.manager:evaluate_all:125 - strategy smart_trend raised: The truth value of a DataFrame is ambiguous. Use a.empty, a.bool(), a.item(), a.any() or a.all().
2026-05-13 17:09:48.013 | WARNING  | app.engine.strategies.manager:evaluate_all:125 - strategy smart_trend raised: The truth value of a DataFrame is ambiguous. Use a.empty, a.bool(), a.item(), a.any() or a.all().
2026-05-13 17:09:53.458 | WARNING  | app.engine.strategies.manager:evaluate_all:125 - strategy smart_trend raised: The truth value of a DataFrame is ambiguous. Use a.empty, a.bool(), a.item(), a.any() or a.all().
2026-05-13 17:09:59.097 | WARNING  | app.engine.strategies.manager:evaluate_all:125 - strategy smart_trend raised: The truth value of a DataFrame is ambiguous. Use a.empty, a.bool(), a.item(), a.any() or a.all().
2026-05-13 17:10:04.511 | WARNING  | app.engine.strategies.manager:evaluate_all:125 - strategy smart_trend raised: The truth value of a DataFrame is ambiguous. Use a.empty, a.bool(), a.item(), a.any() or a.all().
2026-05-13 17:10:09.546 | WARNING  | app.engine.strategies.manager:evaluate_all:125 - strategy smart_trend raised: The truth value of a DataFrame is ambiguous. Use a.empty, a.bool(), a.item(), a.any() or a.all().
2026-05-13 17:10:14.954 | WARNING  | app.engine.strategies.manager:evaluate_all:125 - strategy smart_trend raised: The truth value of a DataFrame is ambiguous. Use a.empty, a.bool(), a.item(), a.any() or a.all().
2026-05-13 17:10:20.582 | WARNING  | app.engine.strategies.manager:evaluate_all:125 - strategy smart_trend raised: The truth value of a DataFrame is ambiguous. Use a.empty, a.bool(), a.item(), a.any() or a.all().
2026-05-13 17:10:25.844 | WARNING  | app.engine.strategies.manager:evaluate_all:125 - strategy smart_trend raised: The truth value of a DataFrame is ambiguous. Use a.empty, a.bool(), a.item(), a.any() or a.all().
2026-05-13 17:10:30.887 | WARNING  | app.engine.strategies.manager:evaluate_all:125 - strategy smart_trend raised: The truth value of a DataFrame is ambiguous. Use a.empty, a.bool(), a.item(), a.any() or a.all().
2026-05-13 17:10:36.313 | WARNING  | app.engine.strategies.manager:evaluate_all:125 - strategy smart_trend raised: The truth value of a DataFrame is ambiguous. Use a.empty, a.bool(), a.item(), a.any() or a.all().
2026-05-13 17:10:41.742 | WARNING  | app.engine.strategies.manager:evaluate_all:125 - strategy smart_trend raised: The truth value of a DataFrame is ambiguous. Use a.empty, a.bool(), a.item(), a.any() or a.all().
2026-05-13 17:10:41.977 | WARNING  | app.engine.strategies.manager:evaluate_all:125 - strategy smart_trend raised: The truth value of a DataFrame is ambiguous. Use a.empty, a.bool(), a.item(), a.any() or a.all().
2026-05-13 17:10:47.002 | WARNING  | app.engine.strategies.manager:evaluate_all:125 - strategy smart_trend raised: The truth value of a DataFrame is ambiguous. Use a.empty, a.bool(), a.item(), a.any() or a.all().
2026-05-13 17:10:47.401 | WARNING  | app.engine.strategies.manager:evaluate_all:125 - strategy smart_trend raised: The truth value of a DataFrame is ambiguous. Use a.empty, a.bool(), a.item(), a.any() or a.all().
2026-05-13 17:10:52.421 | WARNING  | app.engine.strategies.manager:evaluate_all:125 - strategy smart_trend raised: The truth value of a DataFrame is ambiguous. Use a.empty, a.bool(), a.item(), a.any() or a.all().
2026-05-13 17:10:52.438 | WARNING  | app.engine.strategies.manager:evaluate_all:125 - strategy smart_trend raised: The truth value of a DataFrame is ambiguous. Use a.empty, a.bool(), a.item(), a.any() or a.all().
2026-05-13 17:10:57.460 | WARNING  | app.engine.strategies.manager:evaluate_all:125 - strategy smart_trend raised: The truth value of a DataFrame is ambiguous. Use a.empty, a.bool(), a.item(), a.any() or a.all().
2026-05-13 17:10:57.880 | WARNING  | app.engine.strategies.manager:evaluate_all:125 - strategy smart_trend raised: The truth value of a DataFrame is ambiguous. Use a.empty, a.bool(), a.item(), a.any() or a.all().
2026-05-13 17:11:03.548 | WARNING  | app.engine.strategies.manager:evaluate_all:125 - strategy smart_trend raised: The truth value of a DataFrame is ambiguous. Use a.empty, a.bool(), a.item(), a.any() or a.all().
2026-05-13 17:11:08.974 | WARNING  | app.engine.strategies.manager:evaluate_all:125 - strategy smart_trend raised: The truth value of a DataFrame is ambiguous. Use a.empty, a.bool(), a.item(), a.any() or a.all().
2026-05-13 17:11:14.013 | WARNING  | app.engine.strategies.manager:evaluate_all:125 - strategy smart_trend raised: The truth value of a DataFrame is ambiguous. Use a.empty, a.bool(), a.item(), a.any() or a.all().
2026-05-13 17:11:19.428 | WARNING  | app.engine.strategies.manager:evaluate_all:125 - strategy smart_trend raised: The truth value of a DataFrame is ambiguous. Use a.empty, a.bool(), a.item(), a.any() or a.all().
2026-05-13 17:11:24.907 | WARNING  | app.engine.strategies.manager:evaluate_all:125 - strategy smart_trend raised: The truth value of a DataFrame is ambiguous. Use a.empty, a.bool(), a.item(), a.any() or a.all().
2026-05-13 17:11:30.321 | WARNING  | app.engine.strategies.manager:evaluate_all:125 - strategy smart_trend raised: The truth value of a DataFrame is ambiguous. Use a.empty, a.bool(), a.item(), a.any() or a.all().
2026-05-13 17:11:35.358 | WARNING  | app.engine.strategies.manager:evaluate_all:125 - strategy smart_trend raised: The truth value of a DataFrame is ambiguous. Use a.empty, a.bool(), a.item(), a.any() or a.all().
2026-05-13 17:11:40.821 | WARNING  | app.engine.strategies.manager:evaluate_all:125 - strategy smart_trend raised: The truth value of a DataFrame is ambiguous. Use a.empty, a.bool(), a.item(), a.any() or a.all().
2026-05-13 17:11:46.615 | WARNING  | app.engine.strategies.manager:evaluate_all:125 - strategy smart_trend raised: The truth value of a DataFrame is ambiguous. Use a.empty, a.bool(), a.item(), a.any() or a.all().
2026-05-13 17:11:52.039 | WARNING  | app.engine.strategies.manager:evaluate_all:125 - strategy smart_trend raised: The truth value of a DataFrame is ambiguous. Use a.empty, a.bool(), a.item(), a.any() or a.all().
2026-05-13 17:11:57.077 | WARNING  | app.engine.strategies.manager:evaluate_all:125 - strategy smart_trend raised: The truth value of a DataFrame is ambiguous. Use a.empty, a.bool(), a.item(), a.any() or a.all().
2026-05-13 17:12:02.551 | WARNING  | app.engine.strategies.manager:evaluate_all:125 - strategy smart_trend raised: The truth value of a DataFrame is ambiguous. Use a.empty, a.bool(), a.item(), a.any() or a.all().
2026-05-13 17:12:07.960 | WARNING  | app.engine.strategies.manager:evaluate_all:125 - strategy smart_trend raised: The truth value of a DataFrame is ambiguous. Use a.empty, a.bool(), a.item(), a.any() or a.all().
2026-05-13 17:12:08.196 | WARNING  | app.engine.strategies.manager:evaluate_all:125 - strategy smart_trend raised: The truth value of a DataFrame is ambiguous. Use a.empty, a.bool(), a.item(), a.any() or a.all().
2026-05-13 17:12:13.217 | WARNING  | app.engine.strategies.manager:evaluate_all:125 - strategy smart_trend raised: The truth value of a DataFrame is ambiguous. Use a.empty, a.bool(), a.item(), a.any() or a.all().
2026-05-13 17:12:13.623 | WARNING  | app.engine.strategies.manager:evaluate_all:125 - strategy smart_trend raised: The truth value of a DataFrame is ambiguous. Use a.empty, a.bool(), a.item(), a.any() or a.all().
2026-05-13 17:12:18.645 | WARNING  | app.engine.strategies.manager:evaluate_all:125 - strategy smart_trend raised: The truth value of a DataFrame is ambiguous. Use a.empty, a.bool(), a.item(), a.any() or a.all().
2026-05-13 17:12:18.661 | WARNING  | app.engine.strategies.manager:evaluate_all:125 - strategy smart_trend raised: The truth value of a DataFrame is ambiguous. Use a.empty, a.bool(), a.item(), a.any() or a.all().
2026-05-13 17:12:23.686 | WARNING  | app.engine.strategies.manager:evaluate_all:125 - strategy smart_trend raised: The truth value of a DataFrame is ambiguous. Use a.empty, a.bool(), a.item(), a.any() or a.all().
2026-05-13 17:12:23.934 | WARNING  | app.engine.strategies.manager:evaluate_all:125 - strategy smart_trend raised: The truth value of a DataFrame is ambiguous. Use a.empty, a.bool(), a.item(), a.any() or a.all().
2026-05-13 17:12:29.334 | WARNING  | app.engine.strategies.manager:evaluate_all:125 - strategy smart_trend raised: The truth value of a DataFrame is ambiguous. Use a.empty, a.bool(), a.item(), a.any() or a.all().
2026-05-13 17:12:29.566 | WARNING  | app.engine.strategies.manager:evaluate_all:125 - strategy smart_trend raised: The truth value of a DataFrame is ambiguous. Use a.empty, a.bool(), a.item(), a.any() or a.all().
2026-05-13 17:12:34.587 | WARNING  | app.engine.strategies.manager:evaluate_all:125 - strategy smart_trend raised: The truth value of a DataFrame is ambiguous. Use a.empty, a.bool(), a.item(), a.any() or a.all().
2026-05-13 17:12:35.030 | WARNING  | app.engine.strategies.manager:evaluate_all:125 - strategy smart_trend raised: The truth value of a DataFrame is ambiguous. Use a.empty, a.bool(), a.item(), a.any() or a.all().
2026-05-13 17:12:40.059 | WARNING  | app.engine.strategies.manager:evaluate_all:125 - strategy smart_trend raised: The truth value of a DataFrame is ambiguous. Use a.empty, a.bool(), a.item(), a.any() or a.all().
2026-05-13 17:12:40.075 | WARNING  | app.engine.strategies.manager:evaluate_all:125 - strategy smart_trend raised: The truth value of a DataFrame is ambiguous. Use a.empty, a.bool(), a.item(), a.any() or a.all().
2026-05-13 17:12:45.097 | WARNING  | app.engine.strategies.manager:evaluate_all:125 - strategy smart_trend raised: The truth value of a DataFrame is ambiguous. Use a.empty, a.bool(), a.item(), a.any() or a.all().
2026-05-13 17:12:45.518 | WARNING  | app.engine.strategies.manager:evaluate_all:125 - strategy smart_trend raised: The truth value of a DataFrame is ambiguous. Use a.empty, a.bool(), a.item(), a.any() or a.all().
2026-05-13 17:12:50.967 | WARNING  | app.engine.strategies.manager:evaluate_all:125 - strategy smart_trend raised: The truth value of a DataFrame is ambiguous. Use a.empty, a.bool(), a.item(), a.any() or a.all().
2026-05-13 17:12:51.202 | WARNING  | app.engine.strategies.manager:evaluate_all:125 - strategy smart_trend raised: The truth value of a DataFrame is ambiguous. Use a.empty, a.bool(), a.item(), a.any() or a.all().
2026-05-13 17:12:56.225 | WARNING  | app.engine.strategies.manager:evaluate_all:125 - strategy smart_trend raised: The truth value of a DataFrame is ambiguous. Use a.empty, a.bool(), a.item(), a.any() or a.all().
2026-05-13 17:12:56.634 | WARNING  | app.engine.strategies.manager:evaluate_all:125 - strategy smart_trend raised: The truth value of a DataFrame is ambiguous. Use a.empty, a.bool(), a.item(), a.any() or a.all().
2026-05-13 17:13:01.655 | WARNING  | app.engine.strategies.manager:evaluate_all:125 - strategy smart_trend raised: The truth value of a DataFrame is ambiguous. Use a.empty, a.bool(), a.item(), a.any() or a.all().
2026-05-13 17:13:01.671 | WARNING  | app.engine.strategies.manager:evaluate_all:125 - strategy smart_trend raised: The truth value of a DataFrame is ambiguous. Use a.empty, a.bool(), a.item(), a.any() or a.all().
2026-05-13 17:13:06.701 | WARNING  | app.engine.strategies.manager:evaluate_all:125 - strategy smart_trend raised: The truth value of a DataFrame is ambiguous. Use a.empty, a.bool(), a.item(), a.any() or a.all().
2026-05-13 17:13:07.118 | WARNING  | app.engine.strategies.manager:evaluate_all:125 - strategy smart_trend raised: The truth value of a DataFrame is ambiguous. Use a.empty, a.bool(), a.item(), a.any() or a.all().
2026-05-13 17:13:12.581 | WARNING  | app.engine.strategies.manager:evaluate_all:125 - strategy smart_trend raised: The truth value of a DataFrame is ambiguous. Use a.empty, a.bool(), a.item(), a.any() or a.all().
2026-05-13 17:13:12.821 | WARNING  | app.engine.strategies.manager:evaluate_all:125 - strategy smart_trend raised: The truth value of a DataFrame is ambiguous. Use a.empty, a.bool(), a.item(), a.any() or a.all().
2026-05-13 17:13:17.843 | WARNING  | app.engine.strategies.manager:evaluate_all:125 - strategy smart_trend raised: The truth value of a DataFrame is ambiguous. Use a.empty, a.bool(), a.item(), a.any() or a.all().
2026-05-13 17:13:18.262 | WARNING  | app.engine.strategies.manager:evaluate_all:125 - strategy smart_trend raised: The truth value of a DataFrame is ambiguous. Use a.empty, a.bool(), a.item(), a.any() or a.all().
2026-05-13 17:13:23.287 | WARNING  | app.engine.strategies.manager:evaluate_all:125 - strategy smart_trend raised: The truth value of a DataFrame is ambiguous. Use a.empty, a.bool(), a.item(), a.any() or a.all().
2026-05-13 17:13:23.306 | WARNING  | app.engine.strategies.manager:evaluate_all:125 - strategy smart_trend raised: The truth value of a DataFrame is ambiguous. Use a.empty, a.bool(), a.item(), a.any() or a.all().
2026-05-13 17:13:28.325 | WARNING  | app.engine.strategies.manager:evaluate_all:125 - strategy smart_trend raised: The truth value of a DataFrame is ambiguous. Use a.empty, a.bool(), a.item(), a.any() or a.all().
2026-05-13 17:13:28.716 | WARNING  | app.engine.strategies.manager:evaluate_all:125 - strategy smart_trend raised: The truth value of a DataFrame is ambiguous. Use a.empty, a.bool(), a.item(), a.any() or a.all().
2026-05-13 17:13:34.150 | WARNING  | app.engine.strategies.manager:evaluate_all:125 - strategy smart_trend raised: The truth value of a DataFrame is ambiguous. Use a.empty, a.bool(), a.item(), a.any() or a.all().
2026-05-13 17:13:34.396 | WARNING  | app.engine.strategies.manager:evaluate_all:125 - strategy smart_trend raised: The truth value of a DataFrame is ambiguous. Use a.empty, a.bool(), a.item(), a.any() or a.all().
2026-05-13 17:13:39.420 | WARNING  | app.engine.strategies.manager:evaluate_all:125 - strategy smart_trend raised: The truth value of a DataFrame is ambiguous. Use a.empty, a.bool(), a.item(), a.any() or a.all().
2026-05-13 17:13:39.819 | WARNING  | app.engine.strategies.manager:evaluate_all:125 - strategy smart_trend raised: The truth value of a DataFrame is ambiguous. Use a.empty, a.bool(), a.item(), a.any() or a.all().
2026-05-13 17:13:44.839 | WARNING  | app.engine.strategies.manager:evaluate_all:125 - strategy smart_trend raised: The truth value of a DataFrame is ambiguous. Use a.empty, a.bool(), a.item(), a.any() or a.all().
2026-05-13 17:13:44.857 | WARNING  | app.engine.strategies.manager:evaluate_all:125 - strategy smart_trend raised: The truth value of a DataFrame is ambiguous. Use a.empty, a.bool(), a.item(), a.any() or a.all().
2026-05-13 17:13:49.878 | WARNING  | app.engine.strategies.manager:evaluate_all:125 - strategy smart_trend raised: The truth value of a DataFrame is ambiguous. Use a.empty, a.bool(), a.item(), a.any() or a.all().
2026-05-13 17:13:50.317 | WARNING  | app.engine.strategies.manager:evaluate_all:125 - strategy smart_trend raised: The truth value of a DataFrame is ambiguous. Use a.empty, a.bool(), a.item(), a.any() or a.all().
2026-05-13 17:13:55.744 | WARNING  | app.engine.strategies.manager:evaluate_all:125 - strategy smart_trend raised: The truth value of a DataFrame is ambiguous. Use a.empty, a.bool(), a.item(), a.any() or a.all().
2026-05-13 17:13:55.975 | WARNING  | app.engine.strategies.manager:evaluate_all:125 - strategy smart_trend raised: The truth value of a DataFrame is ambiguous. Use a.empty, a.bool(), a.item(), a.any() or a.all().
2026-05-13 17:14:00.999 | WARNING  | app.engine.strategies.manager:evaluate_all:125 - strategy smart_trend raised: The truth value of a DataFrame is ambiguous. Use a.empty, a.bool(), a.item(), a.any() or a.all().
2026-05-13 17:14:01.416 | WARNING  | app.engine.strategies.manager:evaluate_all:125 - strategy smart_trend raised: The truth value of a DataFrame is ambiguous. Use a.empty, a.bool(), a.item(), a.any() or a.all().
2026-05-13 17:14:06.448 | WARNING  | app.engine.strategies.manager:evaluate_all:125 - strategy smart_trend raised: The truth value of a DataFrame is ambiguous. Use a.empty, a.bool(), a.item(), a.any() or a.all().
2026-05-13 17:14:06.471 | WARNING  | app.engine.strategies.manager:evaluate_all:125 - strategy smart_trend raised: The truth value of a DataFrame is ambiguous. Use a.empty, a.bool(), a.item(), a.any() or a.all().
2026-05-13 17:14:11.494 | WARNING  | app.engine.strategies.manager:evaluate_all:125 - strategy smart_trend raised: The truth value of a DataFrame is ambiguous. Use a.empty, a.bool(), a.item(), a.any() or a.all().
2026-05-13 17:14:11.904 | WARNING  | app.engine.strategies.manager:evaluate_all:125 - strategy smart_trend raised: The truth value of a DataFrame is ambiguous. Use a.empty, a.bool(), a.item(), a.any() or a.all().
2026-05-13 17:14:17.324 | WARNING  | app.engine.strategies.manager:evaluate_all:125 - strategy smart_trend raised: The truth value of a DataFrame is ambiguous. Use a.empty, a.bool(), a.item(), a.any() or a.all().
2026-05-13 17:14:17.562 | WARNING  | app.engine.strategies.manager:evaluate_all:125 - strategy smart_trend raised: The truth value of a DataFrame is ambiguous. Use a.empty, a.bool(), a.item(), a.any() or a.all().
2026-05-13 17:14:22.585 | WARNING  | app.engine.strategies.manager:evaluate_all:125 - strategy smart_trend raised: The truth value of a DataFrame is ambiguous. Use a.empty, a.bool(), a.item(), a.any() or a.all().
2026-05-13 17:14:22.828 | WARNING  | app.engine.strategies.manager:evaluate_all:125 - strategy smart_trend raised: The truth value of a DataFrame is ambiguous. Use a.empty, a.bool(), a.item(), a.any() or a.all().
2026-05-13 17:14:27.855 | WARNING  | app.engine.strategies.manager:evaluate_all:125 - strategy smart_trend raised: The truth value of a DataFrame is ambiguous. Use a.empty, a.bool(), a.item(), a.any() or a.all().
2026-05-13 17:14:27.870 | WARNING  | app.engine.strategies.manager:evaluate_all:125 - strategy smart_trend raised: The truth value of a DataFrame is ambiguous. Use a.empty, a.bool(), a.item(), a.any() or a.all().
2026-05-13 17:14:32.892 | WARNING  | app.engine.strategies.manager:evaluate_all:125 - strategy smart_trend raised: The truth value of a DataFrame is ambiguous. Use a.empty, a.bool(), a.item(), a.any() or a.all().
2026-05-13 17:14:33.318 | WARNING  | app.engine.strategies.manager:evaluate_all:125 - strategy smart_trend raised: The truth value of a DataFrame is ambiguous. Use a.empty, a.bool(), a.item(), a.any() or a.all().
2026-05-13 17:14:38.738 | WARNING  | app.engine.strategies.manager:evaluate_all:125 - strategy smart_trend raised: The truth value of a DataFrame is ambiguous. Use a.empty, a.bool(), a.item(), a.any() or a.all().
2026-05-13 17:14:38.973 | WARNING  | app.engine.strategies.manager:evaluate_all:125 - strategy smart_trend raised: The truth value of a DataFrame is ambiguous. Use a.empty, a.bool(), a.item(), a.any() or a.all().
2026-05-13 17:14:44.000 | WARNING  | app.engine.strategies.manager:evaluate_all:125 - strategy smart_trend raised: The truth value of a DataFrame is ambiguous. Use a.empty, a.bool(), a.item(), a.any() or a.all().
2026-05-13 17:14:44.429 | WARNING  | app.engine.strategies.manager:evaluate_all:125 - strategy smart_trend raised: The truth value of a DataFrame is ambiguous. Use a.empty, a.bool(), a.item(), a.any() or a.all().
2026-05-13 17:14:49.450 | WARNING  | app.engine.strategies.manager:evaluate_all:125 - strategy smart_trend raised: The truth value of a DataFrame is ambiguous. Use a.empty, a.bool(), a.item(), a.any() or a.all().
2026-05-13 17:14:49.467 | WARNING  | app.engine.strategies.manager:evaluate_all:125 - strategy smart_trend raised: The truth value of a DataFrame is ambiguous. Use a.empty, a.bool(), a.item(), a.any() or a.all().
2026-05-13 17:14:54.499 | WARNING  | app.engine.strategies.manager:evaluate_all:125 - strategy smart_trend raised: The truth value of a DataFrame is ambiguous. Use a.empty, a.bool(), a.item(), a.any() or a.all().
2026-05-13 17:14:54.913 | WARNING  | app.engine.strategies.manager:evaluate_all:125 - strategy smart_trend raised: The truth value of a DataFrame is ambiguous. Use a.empty, a.bool(), a.item(), a.any() or a.all().
2026-05-13 17:15:00.406 | WARNING  | app.engine.strategies.manager:evaluate_all:125 - strategy smart_trend raised: The truth value of a DataFrame is ambiguous. Use a.empty, a.bool(), a.item(), a.any() or a.all().
2026-05-13 17:15:00.762 | WARNING  | app.engine.strategies.manager:evaluate_all:125 - strategy smart_trend raised: The truth value of a DataFrame is ambiguous. Use a.empty, a.bool(), a.item(), a.any() or a.all().
2026-05-13 17:15:05.787 | WARNING  | app.engine.strategies.manager:evaluate_all:125 - strategy smart_trend raised: The truth value of a DataFrame is ambiguous. Use a.empty, a.bool(), a.item(), a.any() or a.all().
2026-05-13 17:15:06.226 | WARNING  | app.engine.strategies.manager:evaluate_all:125 - strategy smart_trend raised: The truth value of a DataFrame is ambiguous. Use a.empty, a.bool(), a.item(), a.any() or a.all().
2026-05-13 17:15:11.272 | WARNING  | app.engine.strategies.manager:evaluate_all:125 - strategy smart_trend raised: The truth value of a DataFrame is ambiguous. Use a.empty, a.bool(), a.item(), a.any() or a.all().
2026-05-13 17:15:11.289 | WARNING  | app.engine.strategies.manager:evaluate_all:125 - strategy smart_trend raised: The truth value of a DataFrame is ambiguous. Use a.empty, a.bool(), a.item(), a.any() or a.all().
2026-05-13 17:15:16.315 | WARNING  | app.engine.strategies.manager:evaluate_all:125 - strategy smart_trend raised: The truth value of a DataFrame is ambiguous. Use a.empty, a.bool(), a.item(), a.any() or a.all().
2026-05-13 17:15:16.706 | WARNING  | app.engine.strategies.manager:evaluate_all:125 - strategy smart_trend raised: The truth value of a DataFrame is ambiguous. Use a.empty, a.bool(), a.item(), a.any() or a.all().
2026-05-13 17:15:21.952 | WARNING  | app.engine.strategies.manager:evaluate_all:125 - strategy smart_trend raised: The truth value of a DataFrame is ambiguous. Use a.empty, a.bool(), a.item(), a.any() or a.all().
2026-05-13 17:15:22.180 | WARNING  | app.engine.strategies.manager:evaluate_all:125 - strategy smart_trend raised: The truth value of a DataFrame is ambiguous. Use a.empty, a.bool(), a.item(), a.any() or a.all().
2026-05-13 17:15:27.207 | WARNING  | app.engine.strategies.manager:evaluate_all:125 - strategy smart_trend raised: The truth value of a DataFrame is ambiguous. Use a.empty, a.bool(), a.item(), a.any() or a.all().
2026-05-13 17:15:27.618 | WARNING  | app.engine.strategies.manager:evaluate_all:125 - strategy smart_trend raised: The truth value of a DataFrame is ambiguous. Use a.empty, a.bool(), a.item(), a.any() or a.all().
2026-05-13 17:15:32.634 | WARNING  | app.engine.strategies.manager:evaluate_all:125 - strategy smart_trend raised: The truth value of a DataFrame is ambiguous. Use a.empty, a.bool(), a.item(), a.any() or a.all().
2026-05-13 17:15:32.641 | WARNING  | app.engine.strategies.manager:evaluate_all:125 - strategy smart_trend raised: The truth value of a DataFrame is ambiguous. Use a.empty, a.bool(), a.item(), a.any() or a.all().
2026-05-13 17:15:37.676 | WARNING  | app.engine.strategies.manager:evaluate_all:125 - strategy smart_trend raised: The truth value of a DataFrame is ambiguous. Use a.empty, a.bool(), a.item(), a.any() or a.all().
2026-05-13 17:15:38.083 | WARNING  | app.engine.strategies.manager:evaluate_all:125 - strategy smart_trend raised: The truth value of a DataFrame is ambiguous. Use a.empty, a.bool(), a.item(), a.any() or a.all().
2026-05-13 17:15:43.538 | WARNING  | app.engine.strategies.manager:evaluate_all:125 - strategy smart_trend raised: The truth value of a DataFrame is ambiguous. Use a.empty, a.bool(), a.item(), a.any() or a.all().
2026-05-13 17:15:43.771 | WARNING  | app.engine.strategies.manager:evaluate_all:125 - strategy smart_trend raised: The truth value of a DataFrame is ambiguous. Use a.empty, a.bool(), a.item(), a.any() or a.all().
2026-05-13 17:15:48.794 | WARNING  | app.engine.strategies.manager:evaluate_all:125 - strategy smart_trend raised: The truth value of a DataFrame is ambiguous. Use a.empty, a.bool(), a.item(), a.any() or a.all().
2026-05-13 17:15:49.189 | WARNING  | app.engine.strategies.manager:evaluate_all:125 - strategy smart_trend raised: The truth value of a DataFrame is ambiguous. Use a.empty, a.bool(), a.item(), a.any() or a.all().
2026-05-13 17:15:54.208 | WARNING  | app.engine.strategies.manager:evaluate_all:125 - strategy smart_trend raised: The truth value of a DataFrame is ambiguous. Use a.empty, a.bool(), a.item(), a.any() or a.all().
2026-05-13 17:15:54.224 | WARNING  | app.engine.strategies.manager:evaluate_all:125 - strategy smart_trend raised: The truth value of a DataFrame is ambiguous. Use a.empty, a.bool(), a.item(), a.any() or a.all().
2026-05-13 17:15:59.248 | WARNING  | app.engine.strategies.manager:evaluate_all:125 - strategy smart_trend raised: The truth value of a DataFrame is ambiguous. Use a.empty, a.bool(), a.item(), a.any() or a.all().
2026-05-13 17:15:59.691 | WARNING  | app.engine.strategies.manager:evaluate_all:125 - strategy smart_trend raised: The truth value of a DataFrame is ambiguous. Use a.empty, a.bool(), a.item(), a.any() or a.all().
2026-05-13 17:16:05.180 | WARNING  | app.engine.strategies.manager:evaluate_all:125 - strategy smart_trend raised: The truth value of a DataFrame is ambiguous. Use a.empty, a.bool(), a.item(), a.any() or a.all().
2026-05-13 17:16:05.412 | WARNING  | app.engine.strategies.manager:evaluate_all:125 - strategy smart_trend raised: The truth value of a DataFrame is ambiguous. Use a.empty, a.bool(), a.item(), a.any() or a.all().
2026-05-13 17:16:10.432 | WARNING  | app.engine.strategies.manager:evaluate_all:125 - strategy smart_trend raised: The truth value of a DataFrame is ambiguous. Use a.empty, a.bool(), a.item(), a.any() or a.all().
2026-05-13 17:16:10.831 | WARNING  | app.engine.strategies.manager:evaluate_all:125 - strategy smart_trend raised: The truth value of a DataFrame is ambiguous. Use a.empty, a.bool(), a.item(), a.any() or a.all().
2026-05-13 17:16:15.852 | WARNING  | app.engine.strategies.manager:evaluate_all:125 - strategy smart_trend raised: The truth value of a DataFrame is ambiguous. Use a.empty, a.bool(), a.item(), a.any() or a.all().
2026-05-13 17:16:15.869 | WARNING  | app.engine.strategies.manager:evaluate_all:125 - strategy smart_trend raised: The truth value of a DataFrame is ambiguous. Use a.empty, a.bool(), a.item(), a.any() or a.all().
2026-05-13 17:16:20.903 | WARNING  | app.engine.strategies.manager:evaluate_all:125 - strategy smart_trend raised: The truth value of a DataFrame is ambiguous. Use a.empty, a.bool(), a.item(), a.any() or a.all().
2026-05-13 17:16:21.311 | WARNING  | app.engine.strategies.manager:evaluate_all:125 - strategy smart_trend raised: The truth value of a DataFrame is ambiguous. Use a.empty, a.bool(), a.item(), a.any() or a.all().
2026-05-13 17:16:26.578 | WARNING  | app.engine.strategies.manager:evaluate_all:125 - strategy smart_trend raised: The truth value of a DataFrame is ambiguous. Use a.empty, a.bool(), a.item(), a.any() or a.all().
2026-05-13 17:16:26.818 | WARNING  | app.engine.strategies.manager:evaluate_all:125 - strategy smart_trend raised: The truth value of a DataFrame is ambiguous. Use a.empty, a.bool(), a.item(), a.any() or a.all().
2026-05-13 17:16:31.838 | WARNING  | app.engine.strategies.manager:evaluate_all:125 - strategy smart_trend raised: The truth value of a DataFrame is ambiguous. Use a.empty, a.bool(), a.item(), a.any() or a.all().
2026-05-13 17:16:32.239 | WARNING  | app.engine.strategies.manager:evaluate_all:125 - strategy smart_trend raised: The truth value of a DataFrame is ambiguous. Use a.empty, a.bool(), a.item(), a.any() or a.all().
2026-05-13 17:16:37.272 | WARNING  | app.engine.strategies.manager:evaluate_all:125 - strategy smart_trend raised: The truth value of a DataFrame is ambiguous. Use a.empty, a.bool(), a.item(), a.any() or a.all().
2026-05-13 17:16:37.289 | WARNING  | app.engine.strategies.manager:evaluate_all:125 - strategy smart_trend raised: The truth value of a DataFrame is ambiguous. Use a.empty, a.bool(), a.item(), a.any() or a.all().
2026-05-13 17:16:42.309 | WARNING  | app.engine.strategies.manager:evaluate_all:125 - strategy smart_trend raised: The truth value of a DataFrame is ambiguous. Use a.empty, a.bool(), a.item(), a.any() or a.all().
2026-05-13 17:16:42.696 | WARNING  | app.engine.strategies.manager:evaluate_all:125 - strategy smart_trend raised: The truth value of a DataFrame is ambiguous. Use a.empty, a.bool(), a.item(), a.any() or a.all().
2026-05-13 17:16:48.114 | WARNING  | app.engine.strategies.manager:evaluate_all:125 - strategy smart_trend raised: The truth value of a DataFrame is ambiguous. Use a.empty, a.bool(), a.item(), a.any() or a.all().
2026-05-13 17:16:48.348 | WARNING  | app.engine.strategies.manager:evaluate_all:125 - strategy smart_trend raised: The truth value of a DataFrame is ambiguous. Use a.empty, a.bool(), a.item(), a.any() or a.all().
2026-05-13 17:16:53.370 | WARNING  | app.engine.strategies.manager:evaluate_all:125 - strategy smart_trend raised: The truth value of a DataFrame is ambiguous. Use a.empty, a.bool(), a.item(), a.any() or a.all().
2026-05-13 17:16:53.765 | WARNING  | app.engine.strategies.manager:evaluate_all:125 - strategy smart_trend raised: The truth value of a DataFrame is ambiguous. Use a.empty, a.bool(), a.item(), a.any() or a.all().
2026-05-13 17:16:58.787 | WARNING  | app.engine.strategies.manager:evaluate_all:125 - strategy smart_trend raised: The truth value of a DataFrame is ambiguous. Use a.empty, a.bool(), a.item(), a.any() or a.all().
2026-05-13 17:16:58.803 | WARNING  | app.engine.strategies.manager:evaluate_all:125 - strategy smart_trend raised: The truth value of a DataFrame is ambiguous. Use a.empty, a.bool(), a.item(), a.any() or a.all().
2026-05-13 17:17:03.830 | WARNING  | app.engine.strategies.manager:evaluate_all:125 - strategy smart_trend raised: The truth value of a DataFrame is ambiguous. Use a.empty, a.bool(), a.item(), a.any() or a.all().
2026-05-13 17:17:04.261 | WARNING  | app.engine.strategies.manager:evaluate_all:125 - strategy smart_trend raised: The truth value of a DataFrame is ambiguous. Use a.empty, a.bool(), a.item(), a.any() or a.all().
2026-05-13 17:17:09.728 | WARNING  | app.engine.strategies.manager:evaluate_all:125 - strategy smart_trend raised: The truth value of a DataFrame is ambiguous. Use a.empty, a.bool(), a.item(), a.any() or a.all().
2026-05-13 17:17:09.958 | WARNING  | app.engine.strategies.manager:evaluate_all:125 - strategy smart_trend raised: The truth value of a DataFrame is ambiguous. Use a.empty, a.bool(), a.item(), a.any() or a.all().
2026-05-13 17:17:14.997 | WARNING  | app.engine.strategies.manager:evaluate_all:125 - strategy smart_trend raised: The truth value of a DataFrame is ambiguous. Use a.empty, a.bool(), a.item(), a.any() or a.all().
2026-05-13 17:17:15.393 | WARNING  | app.engine.strategies.manager:evaluate_all:125 - strategy smart_trend raised: The truth value of a DataFrame is ambiguous. Use a.empty, a.bool(), a.item(), a.any() or a.all().
2026-05-13 17:17:20.415 | WARNING  | app.engine.strategies.manager:evaluate_all:125 - strategy smart_trend raised: The truth value of a DataFrame is ambiguous. Use a.empty, a.bool(), a.item(), a.any() or a.all().
2026-05-13 17:17:20.431 | WARNING  | app.engine.strategies.manager:evaluate_all:125 - strategy smart_trend raised: The truth value of a DataFrame is ambiguous. Use a.empty, a.bool(), a.item(), a.any() or a.all().
2026-05-13 17:17:25.460 | WARNING  | app.engine.strategies.manager:evaluate_all:125 - strategy smart_trend raised: The truth value of a DataFrame is ambiguous. Use a.empty, a.bool(), a.item(), a.any() or a.all().
2026-05-13 17:17:25.693 | WARNING  | app.engine.strategies.manager:evaluate_all:125 - strategy smart_trend raised: The truth value of a DataFrame is ambiguous. Use a.empty, a.bool(), a.item(), a.any() or a.all().
2026-05-13 17:17:31.173 | WARNING  | app.engine.strategies.manager:evaluate_all:125 - strategy smart_trend raised: The truth value of a DataFrame is ambiguous. Use a.empty, a.bool(), a.item(), a.any() or a.all().
2026-05-13 17:17:31.399 | WARNING  | app.engine.strategies.manager:evaluate_all:125 - strategy smart_trend raised: The truth value of a DataFrame is ambiguous. Use a.empty, a.bool(), a.item(), a.any() or a.all().
2026-05-13 17:17:36.422 | WARNING  | app.engine.strategies.manager:evaluate_all:125 - strategy smart_trend raised: The truth value of a DataFrame is ambiguous. Use a.empty, a.bool(), a.item(), a.any() or a.all().
2026-05-13 17:17:36.816 | WARNING  | app.engine.strategies.manager:evaluate_all:125 - strategy smart_trend raised: The truth value of a DataFrame is ambiguous. Use a.empty, a.bool(), a.item(), a.any() or a.all().
2026-05-13 17:17:41.840 | WARNING  | app.engine.strategies.manager:evaluate_all:125 - strategy smart_trend raised: The truth value of a DataFrame is ambiguous. Use a.empty, a.bool(), a.item(), a.any() or a.all().
2026-05-13 17:17:41.857 | WARNING  | app.engine.strategies.manager:evaluate_all:125 - strategy smart_trend raised: The truth value of a DataFrame is ambiguous. Use a.empty, a.bool(), a.item(), a.any() or a.all().
2026-05-13 17:17:46.881 | WARNING  | app.engine.strategies.manager:evaluate_all:125 - strategy smart_trend raised: The truth value of a DataFrame is ambiguous. Use a.empty, a.bool(), a.item(), a.any() or a.all().
2026-05-13 17:17:47.323 | WARNING  | app.engine.strategies.manager:evaluate_all:125 - strategy smart_trend raised: The truth value of a DataFrame is ambiguous. Use a.empty, a.bool(), a.item(), a.any() or a.all().
2026-05-13 17:17:52.737 | WARNING  | app.engine.strategies.manager:evaluate_all:125 - strategy smart_trend raised: The truth value of a DataFrame is ambiguous. Use a.empty, a.bool(), a.item(), a.any() or a.all().
2026-05-13 17:17:52.971 | WARNING  | app.engine.strategies.manager:evaluate_all:125 - strategy smart_trend raised: The truth value of a DataFrame is ambiguous. Use a.empty, a.bool(), a.item(), a.any() or a.all().
2026-05-13 17:17:57.993 | WARNING  | app.engine.strategies.manager:evaluate_all:125 - strategy smart_trend raised: The truth value of a DataFrame is ambiguous. Use a.empty, a.bool(), a.item(), a.any() or a.all().
2026-05-13 17:17:58.387 | WARNING  | app.engine.strategies.manager:evaluate_all:125 - strategy smart_trend raised: The truth value of a DataFrame is ambiguous. Use a.empty, a.bool(), a.item(), a.any() or a.all().
2026-05-13 17:18:03.408 | WARNING  | app.engine.strategies.manager:evaluate_all:125 - strategy smart_trend raised: The truth value of a DataFrame is ambiguous. Use a.empty, a.bool(), a.item(), a.any() or a.all().
2026-05-13 17:18:03.424 | WARNING  | app.engine.strategies.manager:evaluate_all:125 - strategy smart_trend raised: The truth value of a DataFrame is ambiguous. Use a.empty, a.bool(), a.item(), a.any() or a.all().
2026-05-13 17:18:08.453 | WARNING  | app.engine.strategies.manager:evaluate_all:125 - strategy smart_trend raised: The truth value of a DataFrame is ambiguous. Use a.empty, a.bool(), a.item(), a.any() or a.all().
2026-05-13 17:18:08.876 | WARNING  | app.engine.strategies.manager:evaluate_all:125 - strategy smart_trend raised: The truth value of a DataFrame is ambiguous. Use a.empty, a.bool(), a.item(), a.any() or a.all().
2026-05-13 17:18:14.296 | WARNING  | app.engine.strategies.manager:evaluate_all:125 - strategy smart_trend raised: The truth value of a DataFrame is ambiguous. Use a.empty, a.bool(), a.item(), a.any() or a.all().
2026-05-13 17:18:14.540 | WARNING  | app.engine.strategies.manager:evaluate_all:125 - strategy smart_trend raised: The truth value of a DataFrame is ambiguous. Use a.empty, a.bool(), a.item(), a.any() or a.all().
2026-05-13 17:18:19.563 | WARNING  | app.engine.strategies.manager:evaluate_all:125 - strategy smart_trend raised: The truth value of a DataFrame is ambiguous. Use a.empty, a.bool(), a.item(), a.any() or a.all().
2026-05-13 17:18:19.961 | WARNING  | app.engine.strategies.manager:evaluate_all:125 - strategy smart_trend raised: The truth value of a DataFrame is ambiguous. Use a.empty, a.bool(), a.item(), a.any() or a.all().
2026-05-13 17:18:24.980 | WARNING  | app.engine.strategies.manager:evaluate_all:125 - strategy smart_trend raised: The truth value of a DataFrame is ambiguous. Use a.empty, a.bool(), a.item(), a.any() or a.all().
2026-05-13 17:18:24.994 | WARNING  | app.engine.strategies.manager:evaluate_all:125 - strategy smart_trend raised: The truth value of a DataFrame is ambiguous. Use a.empty, a.bool(), a.item(), a.any() or a.all().
2026-05-13 17:18:30.015 | WARNING  | app.engine.strategies.manager:evaluate_all:125 - strategy smart_trend raised: The truth value of a DataFrame is ambiguous. Use a.empty, a.bool(), a.item(), a.any() or a.all().
2026-05-13 17:18:30.430 | WARNING  | app.engine.strategies.manager:evaluate_all:125 - strategy smart_trend raised: The truth value of a DataFrame is ambiguous. Use a.empty, a.bool(), a.item(), a.any() or a.all().
2026-05-13 17:18:36.106 | WARNING  | app.engine.strategies.manager:evaluate_all:125 - strategy smart_trend raised: The truth value of a DataFrame is ambiguous. Use a.empty, a.bool(), a.item(), a.any() or a.all().
2026-05-13 17:18:41.534 | WARNING  | app.engine.strategies.manager:evaluate_all:125 - strategy smart_trend raised: The truth value of a DataFrame is ambiguous. Use a.empty, a.bool(), a.item(), a.any() or a.all().
2026-05-13 17:18:46.578 | WARNING  | app.engine.strategies.manager:evaluate_all:125 - strategy smart_trend raised: The truth value of a DataFrame is ambiguous. Use a.empty, a.bool(), a.item(), a.any() or a.all().
2026-05-13 17:18:51.999 | WARNING  | app.engine.strategies.manager:evaluate_all:125 - strategy smart_trend raised: The truth value of a DataFrame is ambiguous. Use a.empty, a.bool(), a.item(), a.any() or a.all().
2026-05-13 17:18:57.652 | WARNING  | app.engine.strategies.manager:evaluate_all:125 - strategy smart_trend raised: The truth value of a DataFrame is ambiguous. Use a.empty, a.bool(), a.item(), a.any() or a.all().
2026-05-13 17:19:03.109 | WARNING  | app.engine.strategies.manager:evaluate_all:125 - strategy smart_trend raised: The truth value of a DataFrame is ambiguous. Use a.empty, a.bool(), a.item(), a.any() or a.all().
2026-05-13 17:19:08.148 | WARNING  | app.engine.strategies.manager:evaluate_all:125 - strategy smart_trend raised: The truth value of a DataFrame is ambiguous. Use a.empty, a.bool(), a.item(), a.any() or a.all().
2026-05-13 17:19:13.582 | WARNING  | app.engine.strategies.manager:evaluate_all:125 - strategy smart_trend raised: The truth value of a DataFrame is ambiguous. Use a.empty, a.bool(), a.item(), a.any() or a.all().
2026-05-13 17:19:19.230 | WARNING  | app.engine.strategies.manager:evaluate_all:125 - strategy smart_trend raised: The truth value of a DataFrame is ambiguous. Use a.empty, a.bool(), a.item(), a.any() or a.all().
2026-05-13 17:19:24.503 | WARNING  | app.engine.strategies.manager:evaluate_all:125 - strategy smart_trend raised: The truth value of a DataFrame is ambiguous. Use a.empty, a.bool(), a.item(), a.any() or a.all().
2026-05-13 17:19:29.541 | WARNING  | app.engine.strategies.manager:evaluate_all:125 - strategy smart_trend raised: The truth value of a DataFrame is ambiguous. Use a.empty, a.bool(), a.item(), a.any() or a.all().
2026-05-13 17:19:34.952 | WARNING  | app.engine.strategies.manager:evaluate_all:125 - strategy smart_trend raised: The truth value of a DataFrame is ambiguous. Use a.empty, a.bool(), a.item(), a.any() or a.all().
2026-05-13 17:19:40.624 | WARNING  | app.engine.strategies.manager:evaluate_all:125 - strategy smart_trend raised: The truth value of a DataFrame is ambiguous. Use a.empty, a.bool(), a.item(), a.any() or a.all().
2026-05-13 17:19:46.045 | WARNING  | app.engine.strategies.manager:evaluate_all:125 - strategy smart_trend raised: The truth value of a DataFrame is ambiguous. Use a.empty, a.bool(), a.item(), a.any() or a.all().
2026-05-13 17:19:51.082 | WARNING  | app.engine.strategies.manager:evaluate_all:125 - strategy smart_trend raised: The truth value of a DataFrame is ambiguous. Use a.empty, a.bool(), a.item(), a.any() or a.all().
2026-05-13 17:19:56.538 | WARNING  | app.engine.strategies.manager:evaluate_all:125 - strategy smart_trend raised: The truth value of a DataFrame is ambiguous. Use a.empty, a.bool(), a.item(), a.any() or a.all().
2026-05-13 17:20:02.596 | WARNING  | app.engine.strategies.manager:evaluate_all:125 - strategy smart_trend raised: The truth value of a DataFrame is ambiguous. Use a.empty, a.bool(), a.item(), a.any() or a.all().
2026-05-13 17:20:08.009 | WARNING  | app.engine.strategies.manager:evaluate_all:125 - strategy smart_trend raised: The truth value of a DataFrame is ambiguous. Use a.empty, a.bool(), a.item(), a.any() or a.all().
2026-05-13 17:20:13.053 | WARNING  | app.engine.strategies.manager:evaluate_all:125 - strategy smart_trend raised: The truth value of a DataFrame is ambiguous. Use a.empty, a.bool(), a.item(), a.any() or a.all().
2026-05-13 17:20:18.532 | WARNING  | app.engine.strategies.manager:evaluate_all:125 - strategy smart_trend raised: The truth value of a DataFrame is ambiguous. Use a.empty, a.bool(), a.item(), a.any() or a.all().
2026-05-13 17:20:24.014 | WARNING  | app.engine.strategies.manager:evaluate_all:125 - strategy smart_trend raised: The truth value of a DataFrame is ambiguous. Use a.empty, a.bool(), a.item(), a.any() or a.all().
2026-05-13 17:20:29.434 | WARNING  | app.engine.strategies.manager:evaluate_all:125 - strategy smart_trend raised: The truth value of a DataFrame is ambiguous. Use a.empty, a.bool(), a.item(), a.any() or a.all().
2026-05-13 17:20:34.474 | WARNING  | app.engine.strategies.manager:evaluate_all:125 - strategy smart_trend raised: The truth value of a DataFrame is ambiguous. Use a.empty, a.bool(), a.item(), a.any() or a.all().
2026-05-13 17:20:40.013 | WARNING  | app.engine.strategies.manager:evaluate_all:125 - strategy smart_trend raised: The truth value of a DataFrame is ambiguous. Use a.empty, a.bool(), a.item(), a.any() or a.all().
2026-05-13 17:20:45.684 | WARNING  | app.engine.strategies.manager:evaluate_all:125 - strategy smart_trend raised: The truth value of a DataFrame is ambiguous. Use a.empty, a.bool(), a.item(), a.any() or a.all().
2026-05-13 17:20:51.121 | WARNING  | app.engine.strategies.manager:evaluate_all:125 - strategy smart_trend raised: The truth value of a DataFrame is ambiguous. Use a.empty, a.bool(), a.item(), a.any() or a.all().
2026-05-13 17:20:56.158 | WARNING  | app.engine.strategies.manager:evaluate_all:125 - strategy smart_trend raised: The truth value of a DataFrame is ambiguous. Use a.empty, a.bool(), a.item(), a.any() or a.all().
2026-05-13 17:21:01.567 | WARNING  | app.engine.strategies.manager:evaluate_all:125 - strategy smart_trend raised: The truth value of a DataFrame is ambiguous. Use a.empty, a.bool(), a.item(), a.any() or a.all().
2026-05-13 17:21:07.212 | WARNING  | app.engine.strategies.manager:evaluate_all:125 - strategy smart_trend raised: The truth value of a DataFrame is ambiguous. Use a.empty, a.bool(), a.item(), a.any() or a.all().
2026-05-13 17:21:12.651 | WARNING  | app.engine.strategies.manager:evaluate_all:125 - strategy smart_trend raised: The truth value of a DataFrame is ambiguous. Use a.empty, a.bool(), a.item(), a.any() or a.all().
2026-05-13 17:21:17.690 | WARNING  | app.engine.strategies.manager:evaluate_all:125 - strategy smart_trend raised: The truth value of a DataFrame is ambiguous. Use a.empty, a.bool(), a.item(), a.any() or a.all().
2026-05-13 17:21:22.953 | WARNING  | app.engine.strategies.manager:evaluate_all:125 - strategy smart_trend raised: The truth value of a DataFrame is ambiguous. Use a.empty, a.bool(), a.item(), a.any() or a.all().
2026-05-13 17:21:28.608 | WARNING  | app.engine.strategies.manager:evaluate_all:125 - strategy smart_trend raised: The truth value of a DataFrame is ambiguous. Use a.empty, a.bool(), a.item(), a.any() or a.all().
2026-05-13 17:21:34.031 | WARNING  | app.engine.strategies.manager:evaluate_all:125 - strategy smart_trend raised: The truth value of a DataFrame is ambiguous. Use a.empty, a.bool(), a.item(), a.any() or a.all().
2026-05-13 17:21:39.071 | WARNING  | app.engine.strategies.manager:evaluate_all:125 - strategy smart_trend raised: The truth value of a DataFrame is ambiguous. Use a.empty, a.bool(), a.item(), a.any() or a.all().
2026-05-13 17:21:44.488 | WARNING  | app.engine.strategies.manager:evaluate_all:125 - strategy smart_trend raised: The truth value of a DataFrame is ambiguous. Use a.empty, a.bool(), a.item(), a.any() or a.all().
2026-05-13 17:21:50.242 | WARNING  | app.engine.strategies.manager:evaluate_all:125 - strategy smart_trend raised: The truth value of a DataFrame is ambiguous. Use a.empty, a.bool(), a.item(), a.any() or a.all().
2026-05-13 17:21:55.660 | WARNING  | app.engine.strategies.manager:evaluate_all:125 - strategy smart_trend raised: The truth value of a DataFrame is ambiguous. Use a.empty, a.bool(), a.item(), a.any() or a.all().
2026-05-13 17:22:00.699 | WARNING  | app.engine.strategies.manager:evaluate_all:125 - strategy smart_trend raised: The truth value of a DataFrame is ambiguous. Use a.empty, a.bool(), a.item(), a.any() or a.all().
2026-05-13 17:22:06.133 | WARNING  | app.engine.strategies.manager:evaluate_all:125 - strategy smart_trend raised: The truth value of a DataFrame is ambiguous. Use a.empty, a.bool(), a.item(), a.any() or a.all().
2026-05-13 17:22:11.783 | WARNING  | app.engine.strategies.manager:evaluate_all:125 - strategy smart_trend raised: The truth value of a DataFrame is ambiguous. Use a.empty, a.bool(), a.item(), a.any() or a.all().
2026-05-13 17:22:17.206 | WARNING  | app.engine.strategies.manager:evaluate_all:125 - strategy smart_trend raised: The truth value of a DataFrame is ambiguous. Use a.empty, a.bool(), a.item(), a.any() or a.all().
2026-05-13 17:22:22.253 | WARNING  | app.engine.strategies.manager:evaluate_all:125 - strategy smart_trend raised: The truth value of a DataFrame is ambiguous. Use a.empty, a.bool(), a.item(), a.any() or a.all().
2026-05-13 17:22:27.671 | WARNING  | app.engine.strategies.manager:evaluate_all:125 - strategy smart_trend raised: The truth value of a DataFrame is ambiguous. Use a.empty, a.bool(), a.item(), a.any() or a.all().
2026-05-13 17:22:33.357 | WARNING  | app.engine.strategies.manager:evaluate_all:125 - strategy smart_trend raised: The truth value of a DataFrame is ambiguous. Use a.empty, a.bool(), a.item(), a.any() or a.all().
2026-05-13 17:22:38.787 | WARNING  | app.engine.strategies.manager:evaluate_all:125 - strategy smart_trend raised: The truth value of a DataFrame is ambiguous. Use a.empty, a.bool(), a.item(), a.any() or a.all().
2026-05-13 17:22:43.820 | WARNING  | app.engine.strategies.manager:evaluate_all:125 - strategy smart_trend raised: The truth value of a DataFrame is ambiguous. Use a.empty, a.bool(), a.item(), a.any() or a.all().
2026-05-13 17:22:49.243 | WARNING  | app.engine.strategies.manager:evaluate_all:125 - strategy smart_trend raised: The truth value of a DataFrame is ambiguous. Use a.empty, a.bool(), a.item(), a.any() or a.all().
2026-05-13 17:22:54.907 | WARNING  | app.engine.strategies.manager:evaluate_all:125 - strategy smart_trend raised: The truth value of a DataFrame is ambiguous. Use a.empty, a.bool(), a.item(), a.any() or a.all().
2026-05-13 17:23:00.384 | WARNING  | app.engine.strategies.manager:evaluate_all:125 - strategy smart_trend raised: The truth value of a DataFrame is ambiguous. Use a.empty, a.bool(), a.item(), a.any() or a.all().
2026-05-13 17:23:05.429 | WARNING  | app.engine.strategies.manager:evaluate_all:125 - strategy smart_trend raised: The truth value of a DataFrame is ambiguous. Use a.empty, a.bool(), a.item(), a.any() or a.all().
2026-05-13 17:23:10.854 | WARNING  | app.engine.strategies.manager:evaluate_all:125 - strategy smart_trend raised: The truth value of a DataFrame is ambiguous. Use a.empty, a.bool(), a.item(), a.any() or a.all().
2026-05-13 17:23:16.538 | WARNING  | app.engine.strategies.manager:evaluate_all:125 - strategy smart_trend raised: The truth value of a DataFrame is ambiguous. Use a.empty, a.bool(), a.item(), a.any() or a.all().
2026-05-13 17:23:21.810 | WARNING  | app.engine.strategies.manager:evaluate_all:125 - strategy smart_trend raised: The truth value of a DataFrame is ambiguous. Use a.empty, a.bool(), a.item(), a.any() or a.all().
2026-05-13 17:23:26.849 | WARNING  | app.engine.strategies.manager:evaluate_all:125 - strategy smart_trend raised: The truth value of a DataFrame is ambiguous. Use a.empty, a.bool(), a.item(), a.any() or a.all().
2026-05-13 17:23:32.297 | WARNING  | app.engine.strategies.manager:evaluate_all:125 - strategy smart_trend raised: The truth value of a DataFrame is ambiguous. Use a.empty, a.bool(), a.item(), a.any() or a.all().
2026-05-13 17:23:37.928 | WARNING  | app.engine.strategies.manager:evaluate_all:125 - strategy smart_trend raised: The truth value of a DataFrame is ambiguous. Use a.empty, a.bool(), a.item(), a.any() or a.all().
2026-05-13 17:23:43.412 | WARNING  | app.engine.strategies.manager:evaluate_all:125 - strategy smart_trend raised: The truth value of a DataFrame is ambiguous. Use a.empty, a.bool(), a.item(), a.any() or a.all().
2026-05-13 17:23:48.453 | WARNING  | app.engine.strategies.manager:evaluate_all:125 - strategy smart_trend raised: The truth value of a DataFrame is ambiguous. Use a.empty, a.bool(), a.item(), a.any() or a.all().
2026-05-13 17:23:53.864 | WARNING  | app.engine.strategies.manager:evaluate_all:125 - strategy smart_trend raised: The truth value of a DataFrame is ambiguous. Use a.empty, a.bool(), a.item(), a.any() or a.all().
2026-05-13 17:23:59.501 | WARNING  | app.engine.strategies.manager:evaluate_all:125 - strategy smart_trend raised: The truth value of a DataFrame is ambiguous. Use a.empty, a.bool(), a.item(), a.any() or a.all().
2026-05-13 17:24:04.925 | WARNING  | app.engine.strategies.manager:evaluate_all:125 - strategy smart_trend raised: The truth value of a DataFrame is ambiguous. Use a.empty, a.bool(), a.item(), a.any() or a.all().
2026-05-13 17:24:09.964 | WARNING  | app.engine.strategies.manager:evaluate_all:125 - strategy smart_trend raised: The truth value of a DataFrame is ambiguous. Use a.empty, a.bool(), a.item(), a.any() or a.all().
2026-05-13 17:24:15.386 | WARNING  | app.engine.strategies.manager:evaluate_all:125 - strategy smart_trend raised: The truth value of a DataFrame is ambiguous. Use a.empty, a.bool(), a.item(), a.any() or a.all().
2026-05-13 17:24:21.105 | WARNING  | app.engine.strategies.manager:evaluate_all:125 - strategy smart_trend raised: The truth value of a DataFrame is ambiguous. Use a.empty, a.bool(), a.item(), a.any() or a.all().
2026-05-13 17:24:26.364 | WARNING  | app.engine.strategies.manager:evaluate_all:125 - strategy smart_trend raised: The truth value of a DataFrame is ambiguous. Use a.empty, a.bool(), a.item(), a.any() or a.all().
2026-05-13 17:24:31.406 | WARNING  | app.engine.strategies.manager:evaluate_all:125 - strategy smart_trend raised: The truth value of a DataFrame is ambiguous. Use a.empty, a.bool(), a.item(), a.any() or a.all().
2026-05-13 17:24:36.945 | WARNING  | app.engine.strategies.manager:evaluate_all:125 - strategy smart_trend raised: The truth value of a DataFrame is ambiguous. Use a.empty, a.bool(), a.item(), a.any() or a.all().
2026-05-13 17:24:41.954 | INFO     | app.engine.orchestrator:_run_window:217 - window 643270fc deadline reached — closing positions
2026-05-13 17:39:42.161 | WARNING  | app.engine.orchestrator:terminate_all:185 - TERMINATE ALL invoked
2026-05-13 17:39:48.141 | WARNING  | app.engine.orchestrator:terminate_all:185 - TERMINATE ALL invoked
2026-05-13 17:40:08.362 | INFO     | app.engine.window:create:156 - window created 2b786809 duration=3600s deploy<=130.0
2026-05-13 17:40:23.906 | WARNING  | app.engine.strategies.manager:evaluate_all:125 - strategy smart_trend raised: The truth value of a DataFrame is ambiguous. Use a.empty, a.bool(), a.item(), a.any() or a.all().
2026-05-13 17:40:29.177 | WARNING  | app.engine.strategies.manager:evaluate_all:125 - strategy smart_trend raised: The truth value of a DataFrame is ambiguous. Use a.empty, a.bool(), a.item(), a.any() or a.all().
2026-05-13 17:40:34.205 | WARNING  | app.engine.strategies.manager:evaluate_all:125 - strategy smart_trend raised: The truth value of a DataFrame is ambiguous. Use a.empty, a.bool(), a.item(), a.any() or a.all().
2026-05-13 17:40:39.228 | WARNING  | app.engine.strategies.manager:evaluate_all:125 - strategy smart_trend raised: The truth value of a DataFrame is ambiguous. Use a.empty, a.bool(), a.item(), a.any() or a.all().
2026-05-13 17:40:44.262 | WARNING  | app.engine.strategies.manager:evaluate_all:125 - strategy smart_trend raised: The truth value of a DataFrame is ambiguous. Use a.empty, a.bool(), a.item(), a.any() or a.all().
2026-05-13 17:40:44.413 | INFO     | app.engine.orchestrator:extend_window:179 - window 2b786809 extended by 10800s
2026-05-13 17:40:45.094 | INFO     | app.engine.orchestrator:extend_window:179 - window 2b786809 extended by 10800s
2026-05-13 17:40:45.721 | INFO     | app.engine.orchestrator:extend_window:179 - window 2b786809 extended by 10800s
2026-05-13 17:40:46.219 | INFO     | app.engine.orchestrator:extend_window:179 - window 2b786809 extended by 10800s
2026-05-13 17:40:46.619 | INFO     | app.engine.orchestrator:extend_window:179 - window 2b786809 extended by 10800s
2026-05-13 17:42:31.457 | WARNING  | app.engine.strategies.manager:evaluate_all:125 - strategy smart_trend raised: The truth value of a DataFrame is ambiguous. Use a.empty, a.bool(), a.item(), a.any() or a.all().
2026-05-13 17:42:36.496 | WARNING  | app.engine.strategies.manager:evaluate_all:125 - strategy smart_trend raised: The truth value of a DataFrame is ambiguous. Use a.empty, a.bool(), a.item(), a.any() or a.all().
2026-05-13 17:42:41.551 | WARNING  | app.engine.strategies.manager:evaluate_all:125 - strategy smart_trend raised: The truth value of a DataFrame is ambiguous. Use a.empty, a.bool(), a.item(), a.any() or a.all().
2026-05-13 17:42:46.601 | WARNING  | app.engine.strategies.manager:evaluate_all:125 - strategy smart_trend raised: The truth value of a DataFrame is ambiguous. Use a.empty, a.bool(), a.item(), a.any() or a.all().
2026-05-13 17:42:51.852 | WARNING  | app.engine.strategies.manager:evaluate_all:125 - strategy smart_trend raised: The truth value of a DataFrame is ambiguous. Use a.empty, a.bool(), a.item(), a.any() or a.all().
2026-05-13 17:42:56.880 | WARNING  | app.engine.strategies.manager:evaluate_all:125 - strategy smart_trend raised: The truth value of a DataFrame is ambiguous. Use a.empty, a.bool(), a.item(), a.any() or a.all().
2026-05-13 17:43:01.904 | WARNING  | app.engine.strategies.manager:evaluate_all:125 - strategy smart_trend raised: The truth value of a DataFrame is ambiguous. Use a.empty, a.bool(), a.item(), a.any() or a.all().
2026-05-13 17:43:06.932 | WARNING  | app.engine.strategies.manager:evaluate_all:125 - strategy smart_trend raised: The truth value of a DataFrame is ambiguous. Use a.empty, a.bool(), a.item(), a.any() or a.all().
2026-05-13 17:43:12.197 | WARNING  | app.engine.strategies.manager:evaluate_all:125 - strategy smart_trend raised: The truth value of a DataFrame is ambiguous. Use a.empty, a.bool(), a.item(), a.any() or a.all().
2026-05-13 17:43:17.223 | WARNING  | app.engine.strategies.manager:evaluate_all:125 - strategy smart_trend raised: The truth value of a DataFrame is ambiguous. Use a.empty, a.bool(), a.item(), a.any() or a.all().
2026-05-13 17:43:22.255 | WARNING  | app.engine.strategies.manager:evaluate_all:125 - strategy smart_trend raised: The truth value of a DataFrame is ambiguous. Use a.empty, a.bool(), a.item(), a.any() or a.all().
2026-05-13 17:43:27.280 | WARNING  | app.engine.strategies.manager:evaluate_all:125 - strategy smart_trend raised: The truth value of a DataFrame is ambiguous. Use a.empty, a.bool(), a.item(), a.any() or a.all().
2026-05-13 17:43:32.535 | WARNING  | app.engine.strategies.manager:evaluate_all:125 - strategy smart_trend raised: The truth value of a DataFrame is ambiguous. Use a.empty, a.bool(), a.item(), a.any() or a.all().
2026-05-13 17:43:37.564 | WARNING  | app.engine.strategies.manager:evaluate_all:125 - strategy smart_trend raised: The truth value of a DataFrame is ambiguous. Use a.empty, a.bool(), a.item(), a.any() or a.all().
2026-05-13 17:43:42.590 | WARNING  | app.engine.strategies.manager:evaluate_all:125 - strategy smart_trend raised: The truth value of a DataFrame is ambiguous. Use a.empty, a.bool(), a.item(), a.any() or a.all().
2026-05-13 17:43:47.618 | WARNING  | app.engine.strategies.manager:evaluate_all:125 - strategy smart_trend raised: The truth value of a DataFrame is ambiguous. Use a.empty, a.bool(), a.item(), a.any() or a.all().
2026-05-13 17:43:53.012 | WARNING  | app.engine.strategies.manager:evaluate_all:125 - strategy smart_trend raised: The truth value of a DataFrame is ambiguous. Use a.empty, a.bool(), a.item(), a.any() or a.all().
2026-05-13 17:43:58.037 | WARNING  | app.engine.strategies.manager:evaluate_all:125 - strategy smart_trend raised: The truth value of a DataFrame is ambiguous. Use a.empty, a.bool(), a.item(), a.any() or a.all().
2026-05-13 17:44:03.062 | WARNING  | app.engine.strategies.manager:evaluate_all:125 - strategy smart_trend raised: The truth value of a DataFrame is ambiguous. Use a.empty, a.bool(), a.item(), a.any() or a.all().
2026-05-13 17:44:08.092 | WARNING  | app.engine.strategies.manager:evaluate_all:125 - strategy smart_trend raised: The truth value of a DataFrame is ambiguous. Use a.empty, a.bool(), a.item(), a.any() or a.all().
2026-05-13 17:44:13.425 | WARNING  | app.engine.strategies.manager:evaluate_all:125 - strategy smart_trend raised: The truth value of a DataFrame is ambiguous. Use a.empty, a.bool(), a.item(), a.any() or a.all().
2026-05-13 17:44:18.448 | WARNING  | app.engine.strategies.manager:evaluate_all:125 - strategy smart_trend raised: The truth value of a DataFrame is ambiguous. Use a.empty, a.bool(), a.item(), a.any() or a.all().
2026-05-13 17:44:23.468 | WARNING  | app.engine.strategies.manager:evaluate_all:125 - strategy smart_trend raised: The truth value of a DataFrame is ambiguous. Use a.empty, a.bool(), a.item(), a.any() or a.all().
2026-05-13 17:44:28.489 | WARNING  | app.engine.strategies.manager:evaluate_all:125 - strategy smart_trend raised: The truth value of a DataFrame is ambiguous. Use a.empty, a.bool(), a.item(), a.any() or a.all().
2026-05-13 17:44:33.738 | WARNING  | app.engine.strategies.manager:evaluate_all:125 - strategy smart_trend raised: The truth value of a DataFrame is ambiguous. Use a.empty, a.bool(), a.item(), a.any() or a.all().
2026-05-13 17:44:38.758 | WARNING  | app.engine.strategies.manager:evaluate_all:125 - strategy smart_trend raised: The truth value of a DataFrame is ambiguous. Use a.empty, a.bool(), a.item(), a.any() or a.all().
2026-05-13 17:44:43.787 | WARNING  | app.engine.strategies.manager:evaluate_all:125 - strategy smart_trend raised: The truth value of a DataFrame is ambiguous. Use a.empty, a.bool(), a.item(), a.any() or a.all().
2026-05-13 17:44:48.817 | WARNING  | app.engine.strategies.manager:evaluate_all:125 - strategy smart_trend raised: The truth value of a DataFrame is ambiguous. Use a.empty, a.bool(), a.item(), a.any() or a.all().
2026-05-13 17:44:54.070 | WARNING  | app.engine.strategies.manager:evaluate_all:125 - strategy smart_trend raised: The truth value of a DataFrame is ambiguous. Use a.empty, a.bool(), a.item(), a.any() or a.all().
2026-05-13 17:44:59.094 | WARNING  | app.engine.strategies.manager:evaluate_all:125 - strategy smart_trend raised: The truth value of a DataFrame is ambiguous. Use a.empty, a.bool(), a.item(), a.any() or a.all().
2026-05-13 17:45:04.124 | WARNING  | app.engine.strategies.manager:evaluate_all:125 - strategy smart_trend raised: The truth value of a DataFrame is ambiguous. Use a.empty, a.bool(), a.item(), a.any() or a.all().
2026-05-13 17:45:09.164 | WARNING  | app.engine.strategies.manager:evaluate_all:125 - strategy smart_trend raised: The truth value of a DataFrame is ambiguous. Use a.empty, a.bool(), a.item(), a.any() or a.all().
2026-05-13 17:45:14.433 | WARNING  | app.engine.strategies.manager:evaluate_all:125 - strategy smart_trend raised: The truth value of a DataFrame is ambiguous. Use a.empty, a.bool(), a.item(), a.any() or a.all().
2026-05-13 17:45:19.456 | WARNING  | app.engine.strategies.manager:evaluate_all:125 - strategy smart_trend raised: The truth value of a DataFrame is ambiguous. Use a.empty, a.bool(), a.item(), a.any() or a.all().
2026-05-13 17:45:24.486 | WARNING  | app.engine.strategies.manager:evaluate_all:125 - strategy smart_trend raised: The truth value of a DataFrame is ambiguous. Use a.empty, a.bool(), a.item(), a.any() or a.all().
2026-05-13 17:45:29.517 | WARNING  | app.engine.strategies.manager:evaluate_all:125 - strategy smart_trend raised: The truth value of a DataFrame is ambiguous. Use a.empty, a.bool(), a.item(), a.any() or a.all().
2026-05-13 17:45:34.759 | WARNING  | app.engine.strategies.manager:evaluate_all:125 - strategy smart_trend raised: The truth value of a DataFrame is ambiguous. Use a.empty, a.bool(), a.item(), a.any() or a.all().
2026-05-13 17:45:39.785 | WARNING  | app.engine.strategies.manager:evaluate_all:125 - strategy smart_trend raised: The truth value of a DataFrame is ambiguous. Use a.empty, a.bool(), a.item(), a.any() or a.all().
2026-05-13 17:45:44.816 | WARNING  | app.engine.strategies.manager:evaluate_all:125 - strategy smart_trend raised: The truth value of a DataFrame is ambiguous. Use a.empty, a.bool(), a.item(), a.any() or a.all().
2026-05-13 17:45:49.844 | WARNING  | app.engine.strategies.manager:evaluate_all:125 - strategy smart_trend raised: The truth value of a DataFrame is ambiguous. Use a.empty, a.bool(), a.item(), a.any() or a.all().
2026-05-13 17:45:55.096 | WARNING  | app.engine.strategies.manager:evaluate_all:125 - strategy smart_trend raised: The truth value of a DataFrame is ambiguous. Use a.empty, a.bool(), a.item(), a.any() or a.all().
2026-05-13 17:46:00.110 | WARNING  | app.engine.strategies.manager:evaluate_all:125 - strategy smart_trend raised: The truth value of a DataFrame is ambiguous. Use a.empty, a.bool(), a.item(), a.any() or a.all().
2026-05-13 17:46:05.129 | WARNING  | app.engine.strategies.manager:evaluate_all:125 - strategy smart_trend raised: The truth value of a DataFrame is ambiguous. Use a.empty, a.bool(), a.item(), a.any() or a.all().
2026-05-13 17:46:10.158 | WARNING  | app.engine.strategies.manager:evaluate_all:125 - strategy smart_trend raised: The truth value of a DataFrame is ambiguous. Use a.empty, a.bool(), a.item(), a.any() or a.all().
2026-05-13 17:46:15.410 | WARNING  | app.engine.strategies.manager:evaluate_all:125 - strategy smart_trend raised: The truth value of a DataFrame is ambiguous. Use a.empty, a.bool(), a.item(), a.any() or a.all().
2026-05-13 17:46:20.438 | WARNING  | app.engine.strategies.manager:evaluate_all:125 - strategy smart_trend raised: The truth value of a DataFrame is ambiguous. Use a.empty, a.bool(), a.item(), a.any() or a.all().
2026-05-13 17:46:25.467 | WARNING  | app.engine.strategies.manager:evaluate_all:125 - strategy smart_trend raised: The truth value of a DataFrame is ambiguous. Use a.empty, a.bool(), a.item(), a.any() or a.all().
2026-05-13 17:46:30.490 | WARNING  | app.engine.strategies.manager:evaluate_all:125 - strategy smart_trend raised: The truth value of a DataFrame is ambiguous. Use a.empty, a.bool(), a.item(), a.any() or a.all().
2026-05-13 17:46:35.830 | WARNING  | app.engine.strategies.manager:evaluate_all:125 - strategy smart_trend raised: The truth value of a DataFrame is ambiguous. Use a.empty, a.bool(), a.item(), a.any() or a.all().
2026-05-13 17:46:40.878 | WARNING  | app.engine.strategies.manager:evaluate_all:125 - strategy smart_trend raised: The truth value of a DataFrame is ambiguous. Use a.empty, a.bool(), a.item(), a.any() or a.all().
2026-05-13 17:46:45.916 | WARNING  | app.engine.strategies.manager:evaluate_all:125 - strategy smart_trend raised: The truth value of a DataFrame is ambiguous. Use a.empty, a.bool(), a.item(), a.any() or a.all().
2026-05-13 17:46:51.314 | WARNING  | app.engine.strategies.manager:evaluate_all:125 - strategy smart_trend raised: The truth value of a DataFrame is ambiguous. Use a.empty, a.bool(), a.item(), a.any() or a.all().
2026-05-13 17:46:56.609 | WARNING  | app.engine.strategies.manager:evaluate_all:125 - strategy smart_trend raised: The truth value of a DataFrame is ambiguous. Use a.empty, a.bool(), a.item(), a.any() or a.all().
2026-05-13 17:47:01.636 | WARNING  | app.engine.strategies.manager:evaluate_all:125 - strategy smart_trend raised: The truth value of a DataFrame is ambiguous. Use a.empty, a.bool(), a.item(), a.any() or a.all().
2026-05-13 17:47:06.671 | WARNING  | app.engine.strategies.manager:evaluate_all:125 - strategy smart_trend raised: The truth value of a DataFrame is ambiguous. Use a.empty, a.bool(), a.item(), a.any() or a.all().
2026-05-13 17:47:11.698 | WARNING  | app.engine.strategies.manager:evaluate_all:125 - strategy smart_trend raised: The truth value of a DataFrame is ambiguous. Use a.empty, a.bool(), a.item(), a.any() or a.all().
2026-05-13 17:47:17.119 | WARNING  | app.engine.strategies.manager:evaluate_all:125 - strategy smart_trend raised: The truth value of a DataFrame is ambiguous. Use a.empty, a.bool(), a.item(), a.any() or a.all().
2026-05-13 17:47:22.139 | WARNING  | app.engine.strategies.manager:evaluate_all:125 - strategy smart_trend raised: The truth value of a DataFrame is ambiguous. Use a.empty, a.bool(), a.item(), a.any() or a.all().
2026-05-13 17:47:27.161 | WARNING  | app.engine.strategies.manager:evaluate_all:125 - strategy smart_trend raised: The truth value of a DataFrame is ambiguous. Use a.empty, a.bool(), a.item(), a.any() or a.all().
2026-05-13 17:47:32.186 | WARNING  | app.engine.strategies.manager:evaluate_all:125 - strategy smart_trend raised: The truth value of a DataFrame is ambiguous. Use a.empty, a.bool(), a.item(), a.any() or a.all().
2026-05-13 17:47:37.582 | WARNING  | app.engine.strategies.manager:evaluate_all:125 - strategy smart_trend raised: The truth value of a DataFrame is ambiguous. Use a.empty, a.bool(), a.item(), a.any() or a.all().
2026-05-13 17:47:42.615 | WARNING  | app.engine.strategies.manager:evaluate_all:125 - strategy smart_trend raised: The truth value of a DataFrame is ambiguous. Use a.empty, a.bool(), a.item(), a.any() or a.all().
2026-05-13 17:47:47.641 | WARNING  | app.engine.strategies.manager:evaluate_all:125 - strategy smart_trend raised: The truth value of a DataFrame is ambiguous. Use a.empty, a.bool(), a.item(), a.any() or a.all().
2026-05-13 17:47:52.671 | WARNING  | app.engine.strategies.manager:evaluate_all:125 - strategy smart_trend raised: The truth value of a DataFrame is ambiguous. Use a.empty, a.bool(), a.item(), a.any() or a.all().
2026-05-13 17:47:57.989 | WARNING  | app.engine.strategies.manager:evaluate_all:125 - strategy smart_trend raised: The truth value of a DataFrame is ambiguous. Use a.empty, a.bool(), a.item(), a.any() or a.all().
2026-05-13 17:48:03.020 | WARNING  | app.engine.strategies.manager:evaluate_all:125 - strategy smart_trend raised: The truth value of a DataFrame is ambiguous. Use a.empty, a.bool(), a.item(), a.any() or a.all().
2026-05-13 17:48:08.049 | WARNING  | app.engine.strategies.manager:evaluate_all:125 - strategy smart_trend raised: The truth value of a DataFrame is ambiguous. Use a.empty, a.bool(), a.item(), a.any() or a.all().
2026-05-13 17:48:13.079 | WARNING  | app.engine.strategies.manager:evaluate_all:125 - strategy smart_trend raised: The truth value of a DataFrame is ambiguous. Use a.empty, a.bool(), a.item(), a.any() or a.all().
2026-05-13 17:48:18.330 | WARNING  | app.engine.strategies.manager:evaluate_all:125 - strategy smart_trend raised: The truth value of a DataFrame is ambiguous. Use a.empty, a.bool(), a.item(), a.any() or a.all().
2026-05-13 17:48:23.365 | WARNING  | app.engine.strategies.manager:evaluate_all:125 - strategy smart_trend raised: The truth value of a DataFrame is ambiguous. Use a.empty, a.bool(), a.item(), a.any() or a.all().
2026-05-13 17:48:28.392 | WARNING  | app.engine.strategies.manager:evaluate_all:125 - strategy smart_trend raised: The truth value of a DataFrame is ambiguous. Use a.empty, a.bool(), a.item(), a.any() or a.all().
2026-05-13 17:48:33.413 | WARNING  | app.engine.strategies.manager:evaluate_all:125 - strategy smart_trend raised: The truth value of a DataFrame is ambiguous. Use a.empty, a.bool(), a.item(), a.any() or a.all().
2026-05-13 17:48:38.687 | WARNING  | app.engine.strategies.manager:evaluate_all:125 - strategy smart_trend raised: The truth value of a DataFrame is ambiguous. Use a.empty, a.bool(), a.item(), a.any() or a.all().
2026-05-13 17:48:43.723 | WARNING  | app.engine.strategies.manager:evaluate_all:125 - strategy smart_trend raised: The truth value of a DataFrame is ambiguous. Use a.empty, a.bool(), a.item(), a.any() or a.all().
2026-05-13 17:48:48.755 | WARNING  | app.engine.strategies.manager:evaluate_all:125 - strategy smart_trend raised: The truth value of a DataFrame is ambiguous. Use a.empty, a.bool(), a.item(), a.any() or a.all().
2026-05-13 17:48:51.824 | WARNING  | app.engine.ai.lstm:load:50 - torch not installed — LSTM disabled. `pip install torch` to enable.
2026-05-13 17:48:51.824 | WARNING  | app.engine.ai.confirmation:__init__:36 - AI is enabled but no models are loaded. Train via scripts/train_ai.py. AI will pass through (not block) signals until trained.
2026-05-13 17:53:38.797 | INFO     | app.engine.window:create:156 - window created 73c74bf3 duration=900s deploy<=100.0
2026-05-13 17:54:13.535 | INFO     | app.engine.window:create:156 - window created 059e6c27 duration=900s deploy<=200.0
2026-05-13 17:54:28.783 | WARNING  | app.engine.strategies.manager:evaluate_all:125 - strategy smart_trend raised: The truth value of a DataFrame is ambiguous. Use a.empty, a.bool(), a.item(), a.any() or a.all().
2026-05-13 17:54:34.017 | WARNING  | app.engine.strategies.manager:evaluate_all:125 - strategy smart_trend raised: The truth value of a DataFrame is ambiguous. Use a.empty, a.bool(), a.item(), a.any() or a.all().
2026-05-13 17:54:39.269 | WARNING  | app.engine.strategies.manager:evaluate_all:125 - strategy smart_trend raised: The truth value of a DataFrame is ambiguous. Use a.empty, a.bool(), a.item(), a.any() or a.all().
2026-05-13 17:54:44.535 | WARNING  | app.engine.strategies.manager:evaluate_all:125 - strategy smart_trend raised: The truth value of a DataFrame is ambiguous. Use a.empty, a.bool(), a.item(), a.any() or a.all().
2026-05-13 17:54:49.779 | WARNING  | app.engine.strategies.manager:evaluate_all:125 - strategy smart_trend raised: The truth value of a DataFrame is ambiguous. Use a.empty, a.bool(), a.item(), a.any() or a.all().
2026-05-13 17:54:55.028 | WARNING  | app.engine.strategies.manager:evaluate_all:125 - strategy smart_trend raised: The truth value of a DataFrame is ambiguous. Use a.empty, a.bool(), a.item(), a.any() or a.all().
2026-05-13 17:55:00.277 | WARNING  | app.engine.strategies.manager:evaluate_all:125 - strategy smart_trend raised: The truth value of a DataFrame is ambiguous. Use a.empty, a.bool(), a.item(), a.any() or a.all().
2026-05-13 17:55:05.527 | WARNING  | app.engine.strategies.manager:evaluate_all:125 - strategy smart_trend raised: The truth value of a DataFrame is ambiguous. Use a.empty, a.bool(), a.item(), a.any() or a.all().
2026-05-13 17:55:11.050 | WARNING  | app.engine.strategies.manager:evaluate_all:125 - strategy smart_trend raised: The truth value of a DataFrame is ambiguous. Use a.empty, a.bool(), a.item(), a.any() or a.all().
2026-05-13 17:55:16.298 | WARNING  | app.engine.strategies.manager:evaluate_all:125 - strategy smart_trend raised: The truth value of a DataFrame is ambiguous. Use a.empty, a.bool(), a.item(), a.any() or a.all().
2026-05-13 17:55:21.555 | WARNING  | app.engine.strategies.manager:evaluate_all:125 - strategy smart_trend raised: The truth value of a DataFrame is ambiguous. Use a.empty, a.bool(), a.item(), a.any() or a.all().
2026-05-13 17:55:26.816 | WARNING  | app.engine.strategies.manager:evaluate_all:125 - strategy smart_trend raised: The truth value of a DataFrame is ambiguous. Use a.empty, a.bool(), a.item(), a.any() or a.all().
2026-05-13 17:55:32.066 | WARNING  | app.engine.strategies.manager:evaluate_all:125 - strategy smart_trend raised: The truth value of a DataFrame is ambiguous. Use a.empty, a.bool(), a.item(), a.any() or a.all().
2026-05-13 17:55:37.314 | WARNING  | app.engine.strategies.manager:evaluate_all:125 - strategy smart_trend raised: The truth value of a DataFrame is ambiguous. Use a.empty, a.bool(), a.item(), a.any() or a.all().
2026-05-13 17:55:42.562 | WARNING  | app.engine.strategies.manager:evaluate_all:125 - strategy smart_trend raised: The truth value of a DataFrame is ambiguous. Use a.empty, a.bool(), a.item(), a.any() or a.all().
2026-05-13 17:55:47.806 | WARNING  | app.engine.strategies.manager:evaluate_all:125 - strategy smart_trend raised: The truth value of a DataFrame is ambiguous. Use a.empty, a.bool(), a.item(), a.any() or a.all().
2026-05-13 17:55:53.049 | WARNING  | app.engine.strategies.manager:evaluate_all:125 - strategy smart_trend raised: The truth value of a DataFrame is ambiguous. Use a.empty, a.bool(), a.item(), a.any() or a.all().
2026-05-13 17:55:58.294 | WARNING  | app.engine.strategies.manager:evaluate_all:125 - strategy smart_trend raised: The truth value of a DataFrame is ambiguous. Use a.empty, a.bool(), a.item(), a.any() or a.all().
2026-05-13 17:56:03.541 | WARNING  | app.engine.strategies.manager:evaluate_all:125 - strategy smart_trend raised: The truth value of a DataFrame is ambiguous. Use a.empty, a.bool(), a.item(), a.any() or a.all().
2026-05-13 17:56:08.794 | WARNING  | app.engine.strategies.manager:evaluate_all:125 - strategy smart_trend raised: The truth value of a DataFrame is ambiguous. Use a.empty, a.bool(), a.item(), a.any() or a.all().
2026-05-13 17:56:14.048 | WARNING  | app.engine.strategies.manager:evaluate_all:125 - strategy smart_trend raised: The truth value of a DataFrame is ambiguous. Use a.empty, a.bool(), a.item(), a.any() or a.all().
2026-05-13 17:56:19.293 | WARNING  | app.engine.strategies.manager:evaluate_all:125 - strategy smart_trend raised: The truth value of a DataFrame is ambiguous. Use a.empty, a.bool(), a.item(), a.any() or a.all().
2026-05-13 17:56:24.534 | WARNING  | app.engine.strategies.manager:evaluate_all:125 - strategy smart_trend raised: The truth value of a DataFrame is ambiguous. Use a.empty, a.bool(), a.item(), a.any() or a.all().
2026-05-13 17:56:29.786 | WARNING  | app.engine.strategies.manager:evaluate_all:125 - strategy smart_trend raised: The truth value of a DataFrame is ambiguous. Use a.empty, a.bool(), a.item(), a.any() or a.all().
2026-05-13 17:56:35.045 | WARNING  | app.engine.strategies.manager:evaluate_all:125 - strategy smart_trend raised: The truth value of a DataFrame is ambiguous. Use a.empty, a.bool(), a.item(), a.any() or a.all().
2026-05-13 17:56:40.313 | WARNING  | app.engine.strategies.manager:evaluate_all:125 - strategy smart_trend raised: The truth value of a DataFrame is ambiguous. Use a.empty, a.bool(), a.item(), a.any() or a.all().
2026-05-13 17:56:45.566 | WARNING  | app.engine.strategies.manager:evaluate_all:125 - strategy smart_trend raised: The truth value of a DataFrame is ambiguous. Use a.empty, a.bool(), a.item(), a.any() or a.all().
2026-05-13 17:56:50.859 | WARNING  | app.engine.strategies.manager:evaluate_all:125 - strategy smart_trend raised: The truth value of a DataFrame is ambiguous. Use a.empty, a.bool(), a.item(), a.any() or a.all().
2026-05-13 17:56:56.117 | WARNING  | app.engine.strategies.manager:evaluate_all:125 - strategy smart_trend raised: The truth value of a DataFrame is ambiguous. Use a.empty, a.bool(), a.item(), a.any() or a.all().
2026-05-13 17:57:01.391 | WARNING  | app.engine.strategies.manager:evaluate_all:125 - strategy smart_trend raised: The truth value of a DataFrame is ambiguous. Use a.empty, a.bool(), a.item(), a.any() or a.all().
2026-05-13 17:57:06.658 | WARNING  | app.engine.strategies.manager:evaluate_all:125 - strategy smart_trend raised: The truth value of a DataFrame is ambiguous. Use a.empty, a.bool(), a.item(), a.any() or a.all().
2026-05-13 17:57:11.906 | WARNING  | app.engine.strategies.manager:evaluate_all:125 - strategy smart_trend raised: The truth value of a DataFrame is ambiguous. Use a.empty, a.bool(), a.item(), a.any() or a.all().
2026-05-13 17:57:17.162 | WARNING  | app.engine.strategies.manager:evaluate_all:125 - strategy smart_trend raised: The truth value of a DataFrame is ambiguous. Use a.empty, a.bool(), a.item(), a.any() or a.all().
2026-05-13 17:57:22.412 | WARNING  | app.engine.strategies.manager:evaluate_all:125 - strategy smart_trend raised: The truth value of a DataFrame is ambiguous. Use a.empty, a.bool(), a.item(), a.any() or a.all().
2026-05-13 17:57:27.667 | WARNING  | app.engine.strategies.manager:evaluate_all:125 - strategy smart_trend raised: The truth value of a DataFrame is ambiguous. Use a.empty, a.bool(), a.item(), a.any() or a.all().
2026-05-13 17:57:32.919 | WARNING  | app.engine.strategies.manager:evaluate_all:125 - strategy smart_trend raised: The truth value of a DataFrame is ambiguous. Use a.empty, a.bool(), a.item(), a.any() or a.all().
2026-05-13 17:57:38.181 | WARNING  | app.engine.strategies.manager:evaluate_all:125 - strategy smart_trend raised: The truth value of a DataFrame is ambiguous. Use a.empty, a.bool(), a.item(), a.any() or a.all().
2026-05-13 17:57:43.448 | WARNING  | app.engine.strategies.manager:evaluate_all:125 - strategy smart_trend raised: The truth value of a DataFrame is ambiguous. Use a.empty, a.bool(), a.item(), a.any() or a.all().
2026-05-13 17:57:49.006 | WARNING  | app.engine.strategies.manager:evaluate_all:125 - strategy smart_trend raised: The truth value of a DataFrame is ambiguous. Use a.empty, a.bool(), a.item(), a.any() or a.all().
2026-05-13 17:57:54.263 | WARNING  | app.engine.strategies.manager:evaluate_all:125 - strategy smart_trend raised: The truth value of a DataFrame is ambiguous. Use a.empty, a.bool(), a.item(), a.any() or a.all().
2026-05-13 17:57:59.511 | WARNING  | app.engine.strategies.manager:evaluate_all:125 - strategy smart_trend raised: The truth value of a DataFrame is ambiguous. Use a.empty, a.bool(), a.item(), a.any() or a.all().
2026-05-13 17:58:04.765 | WARNING  | app.engine.strategies.manager:evaluate_all:125 - strategy smart_trend raised: The truth value of a DataFrame is ambiguous. Use a.empty, a.bool(), a.item(), a.any() or a.all().
2026-05-13 17:58:10.015 | WARNING  | app.engine.strategies.manager:evaluate_all:125 - strategy smart_trend raised: The truth value of a DataFrame is ambiguous. Use a.empty, a.bool(), a.item(), a.any() or a.all().
2026-05-13 17:58:15.277 | WARNING  | app.engine.strategies.manager:evaluate_all:125 - strategy smart_trend raised: The truth value of a DataFrame is ambiguous. Use a.empty, a.bool(), a.item(), a.any() or a.all().
2026-05-13 17:58:20.524 | WARNING  | app.engine.strategies.manager:evaluate_all:125 - strategy smart_trend raised: The truth value of a DataFrame is ambiguous. Use a.empty, a.bool(), a.item(), a.any() or a.all().
2026-05-13 17:58:25.772 | WARNING  | app.engine.strategies.manager:evaluate_all:125 - strategy smart_trend raised: The truth value of a DataFrame is ambiguous. Use a.empty, a.bool(), a.item(), a.any() or a.all().
2026-05-13 17:58:31.016 | WARNING  | app.engine.strategies.manager:evaluate_all:125 - strategy smart_trend raised: The truth value of a DataFrame is ambiguous. Use a.empty, a.bool(), a.item(), a.any() or a.all().
2026-05-13 17:58:36.263 | WARNING  | app.engine.strategies.manager:evaluate_all:125 - strategy smart_trend raised: The truth value of a DataFrame is ambiguous. Use a.empty, a.bool(), a.item(), a.any() or a.all().
2026-05-13 17:58:41.510 | WARNING  | app.engine.strategies.manager:evaluate_all:125 - strategy smart_trend raised: The truth value of a DataFrame is ambiguous. Use a.empty, a.bool(), a.item(), a.any() or a.all().
2026-05-13 17:58:46.776 | WARNING  | app.engine.strategies.manager:evaluate_all:125 - strategy smart_trend raised: The truth value of a DataFrame is ambiguous. Use a.empty, a.bool(), a.item(), a.any() or a.all().
2026-05-13 17:58:52.032 | WARNING  | app.engine.strategies.manager:evaluate_all:125 - strategy smart_trend raised: The truth value of a DataFrame is ambiguous. Use a.empty, a.bool(), a.item(), a.any() or a.all().
2026-05-13 17:58:57.475 | WARNING  | app.engine.strategies.manager:evaluate_all:125 - strategy smart_trend raised: The truth value of a DataFrame is ambiguous. Use a.empty, a.bool(), a.item(), a.any() or a.all().
2026-05-13 17:59:02.725 | WARNING  | app.engine.strategies.manager:evaluate_all:125 - strategy smart_trend raised: The truth value of a DataFrame is ambiguous. Use a.empty, a.bool(), a.item(), a.any() or a.all().
2026-05-13 17:59:07.962 | WARNING  | app.engine.strategies.manager:evaluate_all:125 - strategy smart_trend raised: The truth value of a DataFrame is ambiguous. Use a.empty, a.bool(), a.item(), a.any() or a.all().
2026-05-13 17:59:13.223 | WARNING  | app.engine.strategies.manager:evaluate_all:125 - strategy smart_trend raised: The truth value of a DataFrame is ambiguous. Use a.empty, a.bool(), a.item(), a.any() or a.all().
2026-05-13 17:59:18.478 | WARNING  | app.engine.strategies.manager:evaluate_all:125 - strategy smart_trend raised: The truth value of a DataFrame is ambiguous. Use a.empty, a.bool(), a.item(), a.any() or a.all().
2026-05-13 17:59:23.724 | WARNING  | app.engine.strategies.manager:evaluate_all:125 - strategy smart_trend raised: The truth value of a DataFrame is ambiguous. Use a.empty, a.bool(), a.item(), a.any() or a.all().
2026-05-13 17:59:28.968 | WARNING  | app.engine.strategies.manager:evaluate_all:125 - strategy smart_trend raised: The truth value of a DataFrame is ambiguous. Use a.empty, a.bool(), a.item(), a.any() or a.all().
2026-05-13 17:59:34.216 | WARNING  | app.engine.strategies.manager:evaluate_all:125 - strategy smart_trend raised: The truth value of a DataFrame is ambiguous. Use a.empty, a.bool(), a.item(), a.any() or a.all().
2026-05-13 17:59:39.476 | WARNING  | app.engine.strategies.manager:evaluate_all:125 - strategy smart_trend raised: The truth value of a DataFrame is ambiguous. Use a.empty, a.bool(), a.item(), a.any() or a.all().
2026-05-13 17:59:44.995 | WARNING  | app.engine.strategies.manager:evaluate_all:125 - strategy smart_trend raised: The truth value of a DataFrame is ambiguous. Use a.empty, a.bool(), a.item(), a.any() or a.all().
2026-05-13 17:59:50.327 | WARNING  | app.engine.strategies.manager:evaluate_all:125 - strategy smart_trend raised: The truth value of a DataFrame is ambiguous. Use a.empty, a.bool(), a.item(), a.any() or a.all().
2026-05-13 17:59:55.726 | WARNING  | app.engine.strategies.manager:evaluate_all:125 - strategy smart_trend raised: The truth value of a DataFrame is ambiguous. Use a.empty, a.bool(), a.item(), a.any() or a.all().
2026-05-13 18:00:00.093 | WARNING  | app.engine.orchestrator:kill_window:168 - window 059e6c27 KILL — closing positions
2026-05-13 18:08:40.407 | INFO     | app.engine.orchestrator:_run_window:217 - window 73c74bf3 deadline reached — closing positions
